customer_id,name,dob,ssn_hash,risk_rating,kyc_status,country,created_at,created_by
CUST000001,Divya Sharma,1976-12-20,7683e8db0b4e,low,verified,GB,2020-07-03 00:00:00,CUSTOMER_ONBOARDING_SVC
CUST000002,Priya Singh,1975-11-15,3e7255d3c62e,medium,verified,AE,2023-09-01 00:00:00,CUSTOMER_ONBOARDING_SVC
CUST000003,Diego Martinez,1955-08-01,62f4a13e17ee,high,pending,GB,2019-10-16 00:00:00,CUSTOMER_ONBOARDING_SVC
CUST000004,Ananya Miller,1987-03-17,2a757d50bbe2,medium,verified,US,2021-11-09 00:00:00,CUSTOMER_ONBOARDING_SVC
CUST000005,Lucas Singh,1981-04-20,2cc4a889de60,medium,verified,NG,2025-01-18 00:00:00,CUSTOMER_ONBOARDING_SVC
CUST000006,Liam Singh,1964-01-23,c2a580e04e7f,low,pending,AE,2022-04-06 00:00:00,CUSTOMER_ONBOARDING_SVC
CUST000007,Emma Zhang,1961-05-28,e796fba01ab0,high,verified,AU,2024-10-31 00:00:00,CUSTOMER_ONBOARDING_SVC
CUST000008,Hassan Mehta,1984-02-04,b34ddeeb1cd3,low,verified,AU,2018-08-18 00:00:00,CUSTOMER_ONBOARDING_SVC
CUST000009,Elena Zhang,1974-01-28,e912351e9c7a,medium,pending,SG,2025-05-08 00:00:00,CUSTOMER_ONBOARDING_SVC
CUST000010,Hassan Anderson,1993-06-08,8f5c23f7c5e9,medium,verified,GB,2024-07-18 00:00:00,CUSTOMER_ONBOARDING_SVC
CUST000011,Sneha Kumar,1969-05-09,0e85250e6a1c,medium,expired,CN,2025-08-19 00:00:00,CUSTOMER_ONBOARDING_SVC
CUST000012,Hassan Sharma,1965-04-11,8cccf05a5a16,medium,verified,AU,2025-08-24 00:00:00,CUSTOMER_ONBOARDING_SVC
CUST000013,Aarav Ivanov,1999-11-29,9b1d73c685bc,medium,verified,GB,2020-01-02 00:00:00,CUSTOMER_ONBOARDING_SVC
CUST000014,Meera Garcia,2003-05-23,703e64abbddc,low,,CN,2023-12-13 00:00:00,CUSTOMER_ONBOARDING_SVC
CUST000015,Olivia Mehta,1976-08-10,08ea023624cd,low,verified,IN,2024-05-12 00:00:00,CUSTOMER_ONBOARDING_SVC
CUST000016,Arjun Gupta,1997-08-22,44381237743f,low,verified,AU,2024-03-01 00:00:00,CUSTOMER_ONBOARDING_SVC
CUST000017,Aditya Zhang,1990-10-18,680e6f2b431b,high,verified,GB,2025-07-14 00:00:00,CUSTOMER_ONBOARDING_SVC
CUST000018,Ava Sharma,2004-09-10,1455ae117fc3,,verified,RU,2020-07-31 00:00:00,CUSTOMER_ONBOARDING_SVC
CUST000019,Rahul Brown,2001-02-15,8a7ede4313be,low,pending,US,2020-09-01 00:00:00,CUSTOMER_ONBOARDING_SVC
CUST000020,Wei Mehta,1991-07-09,1e36f9589498,low,verified,CA,2020-02-19 00:00:00,CUSTOMER_ONBOARDING_SVC
CUST000021,Sneha Khan,1963-10-30,b85e2ff1a57a,medium,verified,AU,2018-09-06 00:00:00,CUSTOMER_ONBOARDING_SVC
CUST000022,Arjun Davis,1979-12-28,e241baad3b23,low,verified,CN,2023-03-10 00:00:00,CUSTOMER_ONBOARDING_SVC
CUST000023,Layla Sharma,1976-03-16,910e077ba92e,medium,pending,US,2019-11-13 00:00:00,CUSTOMER_ONBOARDING_SVC
CUST000024,Aarav Miller,1995-10-27,30ce3605ebdb,medium,expired,GB,2021-03-14 00:00:00,CUSTOMER_ONBOARDING_SVC
CUST000025,Sneha Martinez,1960-06-20,89224174a878,low,verified,NG,2026-05-22 00:00:00,CUSTOMER_ONBOARDING_SVC
CUST000026,Sneha Wilson,1971-09-03,e6b7031c028c,medium,verified,US,2018-10-08 00:00:00,CUSTOMER_ONBOARDING_SVC
CUST000027,Riya Martinez,1958-07-26,70f513f5a30d,low,pending,RU,2024-12-11 00:00:00,CUSTOMER_ONBOARDING_SVC
CUST000028,Noah Mehta,1990-07-05,7785013faa23,high,verified,GB,2019-06-21 00:00:00,CUSTOMER_ONBOARDING_SVC
CUST000028,Noah Mehta,1990-07-05,7785013faa23,high,verified,GB,2019-06-21 01:20:00,CUSTOMER_ONBOARDING_SVC
CUST000029,Elena Kumar,2003-03-27,a63b1500b061,medium,verified,US,2020-05-23 00:00:00,CUSTOMER_ONBOARDING_SVC
CUST000030,Liam Reddy,2003-09-26,9e1ed4b4b249,low,expired,CA,2025-11-21 00:00:00,CUSTOMER_ONBOARDING_SVC
CUST000031,Hassan Johnson,1964-04-17,4163d357d438,low,verified,AU,2019-07-05 00:00:00,CUSTOMER_ONBOARDING_SVC
CUST000032,Pooja Zhang,1973-04-07,bdcced9fb7d3,high,verified,SG,2025-09-16 00:00:00,CUSTOMER_ONBOARDING_SVC
CUST000033,Amelia Smith,1955-04-27,cc930851b15f,low,verified,IN,2021-09-28 00:00:00,CUSTOMER_ONBOARDING_SVC
CUST000034,Divya Singh,2003-12-12,a448ab255cf7,low,expired,CN,2018-05-28 00:00:00,CUSTOMER_ONBOARDING_SVC
CUST000035,Rahul Garcia,1977-05-21,662d6ef97f46,low,verified,AE,2025-06-24 00:00:00,CUSTOMER_ONBOARDING_SVC
CUST000036,Meera Mehta,1970-11-19,fe8d9a4e74bc,low,verified,CN,2022-08-16 00:00:00,CUSTOMER_ONBOARDING_SVC
CUST000037,Riya Smith,1964-09-12,f75c211653ba,low,pending,CN,2022-04-16 00:00:00,CUSTOMER_ONBOARDING_SVC
CUST000038,Nikhil Mehta,1972-04-29,5a9290da27a7,low,verified,IN,2022-06-21 00:00:00,CUSTOMER_ONBOARDING_SVC
CUST000039,Mia Khan,1984-09-16,fe2c31d5ab14,low,verified,NG,2018-04-24 00:00:00,CUSTOMER_ONBOARDING_SVC
CUST000040,Amelia Garcia,1994-02-24,a54e355b75dd,medium,verified,SG,2024-10-19 00:00:00,CUSTOMER_ONBOARDING_SVC
CUST000041,Aarav Wilson,1972-09-04,6a3f05545748,medium,verified,NG,2022-01-31 00:00:00,CUSTOMER_ONBOARDING_SVC
CUST000042,Divya Ivanov,2000-06-30,c882554cc39d,high,pending,GB,2021-06-20 00:00:00,CUSTOMER_ONBOARDING_SVC
CUST000043,Lucas Khan,1981-12-31,48ca6f2cbf3d,medium,verified,CN,2022-07-22 00:00:00,CUSTOMER_ONBOARDING_SVC
CUST000044,Noah Chen,1994-09-01,27608252de42,low,expired,CA,2025-07-30 00:00:00,CUSTOMER_ONBOARDING_SVC
CUST000045,Ananya Johnson,1985-01-26,1a03aa4fcf3e,low,verified,NG,2019-01-18 00:00:00,CUSTOMER_ONBOARDING_SVC
CUST000046,Wei Lopez,1995-11-10,a3f70f1a7428,high,expired,US,2022-08-25 00:00:00,CUSTOMER_ONBOARDING_SVC
CUST000047,Aarav Kumar,1974-08-19,587b3604d5ad,high,expired,DE,2019-12-22 00:00:00,CUSTOMER_ONBOARDING_SVC
CUST000048,Arjun Chen,2002-08-26,fc2376eddeec,medium,verified,AU,2024-04-08 00:00:00,CUSTOMER_ONBOARDING_SVC
CUST000049,Fatima Davis,1995-01-02,f84ad6bd566e,high,pending,NG,2019-10-14 00:00:00,CUSTOMER_ONBOARDING_SVC
CUST000050,Omar Tanaka,1976-06-18,2a8757a0e9c4,medium,verified,AU,2021-01-29 00:00:00,CUSTOMER_ONBOARDING_SVC
CUST000051,Ananya Gupta,1975-09-30,18930eeba85f,high,verified,CN,2022-04-18 00:00:00,CUSTOMER_ONBOARDING_SVC
CUST000052,Mason Patel,1992-09-10,e9231be65d53,medium,verified,AE,2022-05-15 00:00:00,CUSTOMER_ONBOARDING_SVC
CUST000052,Mason Patel,1992-09-10,e9231be65d53,medium,verified,AE,2022-05-15 00:46:00,CUSTOMER_ONBOARDING_SVC
CUST000053,Olivia Miller,2003-04-15,e5a3c744ae6b,high,expired,DE,2026-05-20 00:00:00,CUSTOMER_ONBOARDING_SVC
CUST000054,Yuki Sharma,1985-02-26,c6b717b2f690,high,pending,DE,2025-07-02 00:00:00,CUSTOMER_ONBOARDING_SVC
CUST000055,Layla Sharma,2005-08-19,3c9ced153b74,low,verified,DE,2025-06-08 00:00:00,CUSTOMER_ONBOARDING_SVC
CUST000056,Lucas Brown,1995-10-17,7670780a8b94,low,pending,AE,2021-08-31 00:00:00,CUSTOMER_ONBOARDING_SVC
CUST000057,Wei Sharma,1959-09-03,efa031b8d4d9,low,verified,NG,2021-12-04 00:00:00,CUSTOMER_ONBOARDING_SVC
CUST000058,Aditya Sharma,1968-09-02,0b54f7bc6c46,low,pending,RU,2020-09-04 00:00:00,CUSTOMER_ONBOARDING_SVC
CUST000059,Sophia Reddy,1965-04-11,ed77c5ec5a0a,low,verified,RU,2019-11-02 00:00:00,CUSTOMER_ONBOARDING_SVC
CUST000060,Lucas Miller,1961-10-26,6f3b1315c67b,high,verified,AE,2024-08-22 00:00:00,CUSTOMER_ONBOARDING_SVC
CUST000061,Divya Martinez,1986-02-24,59103a9b1561,medium,verified,IN,2023-12-23 00:00:00,CUSTOMER_ONBOARDING_SVC
CUST000062,Yuki Kumar,1987-06-30,81027d64124e,medium,verified,DE,2025-02-16 00:00:00,CUSTOMER_ONBOARDING_SVC
CUST000063,Layla Tanaka,1994-01-28,3c85739d1b2a,medium,verified,CA,2026-03-14 00:00:00,CUSTOMER_ONBOARDING_SVC
CUST000064,Diego Mehta,1988-12-31,cf07d88d1077,low,pending,CA,2021-10-09 00:00:00,CUSTOMER_ONBOARDING_SVC
CUST000065,Ava Smith,1979-10-14,3021e7484efa,low,expired,RU,2024-03-26 00:00:00,CUSTOMER_ONBOARDING_SVC
CUST000066,Riya Zhang,1999-01-13,b666bb558ee3,low,verified,CA,2023-01-10 00:00:00,CUSTOMER_ONBOARDING_SVC
CUST000067,Sophia Tanaka,2002-08-19,9256f18675ef,medium,expired,NG,2021-11-09 00:00:00,CUSTOMER_ONBOARDING_SVC
CUST000068,Divya Ivanov,1983-04-23,e7e8bcdb1d47,high,expired,AE,2019-05-05 00:00:00,CUSTOMER_ONBOARDING_SVC
CUST000069,Emma Ivanov,2002-01-25,dc8ba3f3633e,low,verified,RU,2024-09-10 00:00:00,CUSTOMER_ONBOARDING_SVC
CUST000070,Layla Gupta,1959-01-31,e08c55fdc6b8,medium,verified,GB,2018-08-12 00:00:00,CUSTOMER_ONBOARDING_SVC
CUST000071,Aarav Martinez,1997-02-10,ed86a1f09be8,medium,verified,GB,2023-05-15 00:00:00,CUSTOMER_ONBOARDING_SVC
CUST000072,Vikram Miller,1961-08-24,f74b98cfff2c,high,verified,CA,2024-06-21 00:00:00,CUSTOMER_ONBOARDING_SVC
CUST000073,Riya Kumar,1992-05-03,fa2b59d68996,medium,expired,NG,2024-10-19 00:00:00,CUSTOMER_ONBOARDING_SVC
CUST000074,Ivan Davis,1960-05-27,5b928b0a288a,high,verified,GB,2024-11-02 00:00:00,CUSTOMER_ONBOARDING_SVC
CUST000075,Rohan Mehta,2004-07-09,f1011e1a3056,low,verified,CN,2018-11-04 00:00:00,CUSTOMER_ONBOARDING_SVC
CUST000076,Liam Zhang,1995-09-25,e33a3ca70ad6,high,verified,GB,2018-10-19 00:00:00,CUSTOMER_ONBOARDING_SVC
CUST000077,Aditya Davis,2003-11-09,2dcd7e4c6431,high,verified,US,2020-07-09 00:00:00,CUSTOMER_ONBOARDING_SVC
CUST000078,Olivia Lopez,1980-11-22,5338d8ef1113,low,pending,RU,2022-12-04 00:00:00,CUSTOMER_ONBOARDING_SVC
CUST000079,Yuki Chen,1958-07-30,c5a6bb848400,high,verified,US,2022-11-05 00:00:00,CUSTOMER_ONBOARDING_SVC
CUST000080,Elena Martinez,1979-03-07,ededefaa6bec,low,verified,IN,2024-06-18 00:00:00,CUSTOMER_ONBOARDING_SVC
CUST000081,Ivan Davis,1999-02-11,fdeebdb187ab,medium,verified,AU,2019-01-09 00:00:00,CUSTOMER_ONBOARDING_SVC
CUST000082,Mason Zhang,1980-11-09,8a745793ed74,medium,expired,CA,2025-06-06 00:00:00,CUSTOMER_ONBOARDING_SVC
CUST000083,Mia Wilson,2003-09-05,3d2aa7cc6033,medium,verified,IN,2023-03-08 00:00:00,CUSTOMER_ONBOARDING_SVC
CUST000084,Sneha Nair,2004-04-09,ed1959509b72,low,pending,GB,2019-06-21 00:00:00,CUSTOMER_ONBOARDING_SVC
CUST000085,Riya Zhang,1982-11-17,f8cc09adfa2b,low,expired,CN,2024-03-06 00:00:00,CUSTOMER_ONBOARDING_SVC
CUST000086,Divya Al-Sayed,1999-09-17,1279fd8f523f,low,expired,CN,2026-01-14 00:00:00,CUSTOMER_ONBOARDING_SVC
CUST000087,Lucia Anderson,1989-05-31,a73ada23fabe,medium,expired,CN,2020-02-20 00:00:00,CUSTOMER_ONBOARDING_SVC
CUST000088,Mason Brown,1978-12-20,d861f9ece5fb,low,verified,NG,2018-01-11 00:00:00,CUSTOMER_ONBOARDING_SVC
CUST000089,Diego Anderson,1985-12-18,e53aa9493641,medium,expired,CA,2021-09-23 00:00:00,CUSTOMER_ONBOARDING_SVC
CUST000090,Riya Martinez,1975-12-15,ad2974605b3b,low,verified,DE,2022-08-10 00:00:00,CUSTOMER_ONBOARDING_SVC
CUST000091,Meera Tanaka,1966-04-29,6385feb88390,medium,verified,IN,2023-08-20 00:00:00,CUSTOMER_ONBOARDING_SVC
CUST000092,Lucia Sharma,1991-10-13,00478ae61741,low,verified,CN,2025-05-05 00:00:00,CUSTOMER_ONBOARDING_SVC
CUST000093,Ananya Brown,2002-11-15,b150bd5cd3d8,low,pending,AU,2022-04-06 00:00:00,CUSTOMER_ONBOARDING_SVC
CUST000094,Liam Mehta,1993-12-07,8dc7e72c5ac5,high,verified,US,2019-02-08 00:00:00,CUSTOMER_ONBOARDING_SVC
CUST000095,Sneha Johnson,1988-08-17,6bd6d7c5d65a,low,verified,SG,2022-10-31 00:00:00,CUSTOMER_ONBOARDING_SVC
CUST000096,Ananya Lopez,1976-08-09,e8dea931cd67,medium,verified,DE,2023-08-01 00:00:00,CUSTOMER_ONBOARDING_SVC
CUST000097,Lucia Johnson,2004-01-14,c49b689b4a08,low,pending,AU,2019-10-10 00:00:00,CUSTOMER_ONBOARDING_SVC
CUST000098,James Chen,1972-11-14,04139a6cdd8c,medium,verified,GB,2022-04-25 00:00:00,CUSTOMER_ONBOARDING_SVC
CUST000099,Liam Sharma,1990-07-05,9015bb549f20,low,expired,AU,2021-01-29 00:00:00,CUSTOMER_ONBOARDING_SVC
CUST000100,Yuki Johnson,1986-08-10,6a9f44e62d13,high,verified,AE,2020-06-16 00:00:00,CUSTOMER_ONBOARDING_SVC
CUST000101,Arjun Al-Sayed,1958-07-15,fc712d4cf7e0,medium,verified,US,2021-06-19 00:00:00,CUSTOMER_ONBOARDING_SVC
CUST000102,Mason Reddy,1966-11-09,d8f3ce351170,low,expired,AE,2024-01-19 00:00:00,CUSTOMER_ONBOARDING_SVC
CUST000103,Wei Johnson,1965-05-01,e9c5eb604498,low,verified,SG,2023-04-03 00:00:00,CUSTOMER_ONBOARDING_SVC
CUST000104,Mia Anderson,1963-02-07,9906dc0a45e3,low,verified,SG,2022-06-05 00:00:00,CUSTOMER_ONBOARDING_SVC
CUST000105,Ivan Miller,1988-04-29,f55e1d7c4841,high,verified,AU,2019-03-20 00:00:00,CUSTOMER_ONBOARDING_SVC
CUST000106,Mei Mehta,1960-09-02,eff2eb6f482b,medium,verified,AU,2025-02-15 00:00:00,CUSTOMER_ONBOARDING_SVC
CUST000107,Yuki Kumar,1976-01-24,a365137afe5d,low,pending,US,2024-01-11 00:00:00,CUSTOMER_ONBOARDING_SVC
CUST000108,Mason Martinez,1992-03-21,a9052c19742f,low,pending,CN,2025-05-06 00:00:00,CUSTOMER_ONBOARDING_SVC
CUST000109,Pooja Chen,1976-03-07,89b15a37b882,low,verified,CA,2022-01-25 00:00:00,CUSTOMER_ONBOARDING_SVC
CUST000110,Aditya Kumar,1963-03-23,97d567152b1d,low,expired,CA,2025-06-07 00:00:00,CUSTOMER_ONBOARDING_SVC
CUST000111,Elena Nair,2004-09-20,2fc9b40e0855,medium,verified,US,2020-04-28 00:00:00,CUSTOMER_ONBOARDING_SVC
CUST000112,Chen Sharma,1967-12-25,e3004b7f63ca,medium,verified,GB,2019-06-17 00:00:00,CUSTOMER_ONBOARDING_SVC
CUST000113,Ethan Mehta,1984-01-18,476f29aefcf4,low,verified,RU,2018-03-06 00:00:00,CUSTOMER_ONBOARDING_SVC
CUST000114,Wei Chen,2001-01-16,f3d744dab38d,low,pending,SG,2024-08-28 00:00:00,CUSTOMER_ONBOARDING_SVC
CUST000115,Omar Johnson,1957-10-17,93f0d3d3f790,medium,pending,CA,2018-09-07 00:00:00,CUSTOMER_ONBOARDING_SVC
CUST000116,Ananya Brown,1968-04-22,e8ead772eef1,low,verified,RU,2018-09-27 00:00:00,CUSTOMER_ONBOARDING_SVC
CUST000117,Chen Wilson,1995-09-15,fc7c1e1013d5,medium,pending,GB,2023-09-02 00:00:00,CUSTOMER_ONBOARDING_SVC
CUST000118,Hassan Ivanov,1993-08-01,6ed1ce30175f,low,pending,AE,2023-01-24 00:00:00,CUSTOMER_ONBOARDING_SVC
CUST000119,Amelia Brown,1977-11-13,91bfa6589ad3,low,pending,AU,2022-03-14 00:00:00,CUSTOMER_ONBOARDING_SVC
CUST000120,Sophia Gupta,1960-05-19,acbd35965170,medium,expired,NG,2024-07-30 00:00:00,CUSTOMER_ONBOARDING_SVC
CUST000121,Amelia Ivanov,1980-10-21,135ea6cedd7d,low,verified,IN,2024-09-25 00:00:00,CUSTOMER_ONBOARDING_SVC
CUST000122,Karan Garcia,1987-12-23,6f7c36a9e729,low,expired,NG,2019-04-16 00:00:00,CUSTOMER_ONBOARDING_SVC
CUST000123,Mei Lopez,2004-12-12,571bb436e91f,,verified,AU,2018-04-18 00:00:00,CUSTOMER_ONBOARDING_SVC
CUST000124,Ethan Sharma,1967-11-08,f2bb8fd722ad,high,pending,CN,2024-05-08 00:00:00,CUSTOMER_ONBOARDING_SVC
CUST000125,Omar Nair,1992-08-31,501e68ae8ae3,low,verified,DE,2023-02-02 00:00:00,CUSTOMER_ONBOARDING_SVC
CUST000126,Ananya Patel,1969-02-14,a58a0eb674ce,medium,verified,CN,2026-06-18 00:00:00,CUSTOMER_ONBOARDING_SVC
CUST000127,Diego Davis,1974-05-04,80a80153dd9b,medium,verified,GB,2026-06-20 00:00:00,CUSTOMER_ONBOARDING_SVC
CUST000128,Omar Khan,1959-01-28,b816390ef9e4,medium,expired,GB,2020-06-22 00:00:00,CUSTOMER_ONBOARDING_SVC
CUST000129,James Johnson,1965-10-06,0f685eaacabc,medium,pending,SG,2018-02-01 00:00:00,CUSTOMER_ONBOARDING_SVC
CUST000130,Ethan Singh,1958-10-18,bcc82b914526,low,pending,DE,2022-11-22 00:00:00,CUSTOMER_ONBOARDING_SVC
CUST000131,Mason Johnson,1991-05-04,871ec0bd058d,low,verified,US,2018-03-27 00:00:00,CUSTOMER_ONBOARDING_SVC
CUST000132,Ananya Davis,1976-10-29,8351cf028f4c,medium,pending,US,2022-11-20 00:00:00,CUSTOMER_ONBOARDING_SVC
CUST000133,Ava Reddy,2000-10-18,ea57c4241a6b,low,expired,US,2025-02-06 00:00:00,CUSTOMER_ONBOARDING_SVC
CUST000134,Meera Mehta,1968-02-20,389f3477b075,low,verified,US,2020-11-14 00:00:00,CUSTOMER_ONBOARDING_SVC
CUST000135,Yuki Chen,1995-04-10,3f11191c7864,medium,expired,RU,2025-08-21 00:00:00,CUSTOMER_ONBOARDING_SVC
CUST000136,Wei Chen,1982-03-02,200e5d8e882d,medium,verified,AU,2021-01-30 00:00:00,CUSTOMER_ONBOARDING_SVC
CUST000137,Sophia Johnson,1963-02-06,569310e77810,medium,expired,US,2024-11-24 00:00:00,CUSTOMER_ONBOARDING_SVC
CUST000138,Rahul Chen,1971-11-21,55def9ac8b62,medium,pending,RU,2021-08-09 00:00:00,CUSTOMER_ONBOARDING_SVC
CUST000139,Ava Zhang,2000-04-07,544932324699,low,verified,US,2025-03-31 00:00:00,CUSTOMER_ONBOARDING_SVC
CUST000140,Rohan Garcia,1980-05-18,8257b4718653,medium,verified,SG,2022-05-06 00:00:00,CUSTOMER_ONBOARDING_SVC
CUST000141,Ava Kumar,1989-09-05,4767e54b642a,low,expired,NG,2021-03-09 00:00:00,CUSTOMER_ONBOARDING_SVC
CUST000142,Ethan Johnson,1990-03-01,fd20d9310f79,medium,verified,AU,2019-06-13 00:00:00,CUSTOMER_ONBOARDING_SVC
CUST000143,Omar Singh,1992-12-26,91438d502fcc,low,verified,AU,2023-09-14 00:00:00,CUSTOMER_ONBOARDING_SVC
CUST000144,Yuki Nair,1967-05-05,2ecd725c2e45,low,verified,AE,2019-09-27 00:00:00,CUSTOMER_ONBOARDING_SVC
CUST000145,Omar Patel,1985-03-19,39551f4275da,low,expired,AU,2024-12-06 00:00:00,CUSTOMER_ONBOARDING_SVC
CUST000146,Rohan Ivanov,1958-12-02,1acaadbc8fe0,low,verified,CA,2022-08-10 00:00:00,CUSTOMER_ONBOARDING_SVC
CUST000147,Nikhil Anderson,1982-10-06,154686c7aa93,low,verified,AE,2023-04-06 00:00:00,CUSTOMER_ONBOARDING_SVC
CUST000148,Lucas Wilson,1992-07-23,2878471fd758,low,expired,NG,2019-10-26 00:00:00,CUSTOMER_ONBOARDING_SVC
CUST000149,Hassan Kumar,1966-03-09,da7df13b130a,low,verified,NG,2021-03-13 00:00:00,CUSTOMER_ONBOARDING_SVC
CUST000150,Nikhil Chen,1957-05-23,d7fb5e458505,low,pending,SG,2022-08-27 00:00:00,CUSTOMER_ONBOARDING_SVC
CUST000151,Priya Brown,1985-01-29,6c7384cc4cff,low,verified,US,2019-08-22 00:00:00,CUSTOMER_ONBOARDING_SVC
CUST000152,Wei Chen,1955-06-22,d14c1ac74c78,low,verified,RU,2018-11-21 00:00:00,CUSTOMER_ONBOARDING_SVC
CUST000153,Amelia Kumar,1976-04-26,68215e677c89,low,verified,GB,2021-05-18 00:00:00,CUSTOMER_ONBOARDING_SVC
CUST000154,Yuki Lopez,1956-06-22,d71f23f675f7,medium,expired,NG,2025-02-01 00:00:00,CUSTOMER_ONBOARDING_SVC
CUST000155,Riya Martinez,1971-10-21,2d8f7da9e4c8,high,verified,DE,2025-06-14 00:00:00,CUSTOMER_ONBOARDING_SVC
CUST000156,Fatima Anderson,1990-01-11,7f390c1a7a31,low,pending,IN,2023-04-10 00:00:00,CUSTOMER_ONBOARDING_SVC
CUST000157,Ethan Mehta,1964-04-19,ce28e0f06da4,high,verified,AU,2024-07-11 00:00:00,CUSTOMER_ONBOARDING_SVC
CUST000158,Lucia Zhang,1971-05-09,4659c645cb6a,low,pending,CA,2019-07-07 00:00:00,CUSTOMER_ONBOARDING_SVC
CUST000159,Noah Johnson,1990-09-23,a23b1f44719a,medium,verified,NG,2024-02-03 00:00:00,CUSTOMER_ONBOARDING_SVC
CUST000160,Sneha Al-Sayed,1979-07-06,fcc144d62ef6,low,pending,SG,2019-05-25 00:00:00,CUSTOMER_ONBOARDING_SVC
CUST000161,Isha Tanaka,1987-12-16,42bff8cd7908,low,verified,CA,2023-10-28 00:00:00,CUSTOMER_ONBOARDING_SVC
CUST000162,Layla Johnson,1964-03-15,067c7c418734,low,verified,SG,2018-11-24 00:00:00,CUSTOMER_ONBOARDING_SVC
CUST000163,Ethan Chen,1986-08-18,cc6e18cf6ecb,medium,verified,IN,2024-11-23 00:00:00,CUSTOMER_ONBOARDING_SVC
CUST000164,Mia Garcia,1969-05-09,1ba2b0ba2ed7,low,expired,NG,2018-05-08 00:00:00,CUSTOMER_ONBOARDING_SVC
CUST000165,Sophia Garcia,2005-11-21,fe5864f9af58,medium,verified,DE,2018-05-13 00:00:00,CUSTOMER_ONBOARDING_SVC
CUST000166,Elena Gupta,1987-12-03,fcdfddb221f6,low,verified,NG,2022-06-19 00:00:00,CUSTOMER_ONBOARDING_SVC
CUST000167,Lucas Anderson,1978-06-26,aeb7f4ab45d1,high,pending,US,2020-12-02 00:00:00,CUSTOMER_ONBOARDING_SVC
CUST000168,Aditya Kumar,1961-08-23,df43898e2520,low,pending,CN,2023-01-26 00:00:00,CUSTOMER_ONBOARDING_SVC
CUST000169,Ethan Zhang,2004-05-05,1bd051c90841,low,verified,US,2024-01-30 00:00:00,CUSTOMER_ONBOARDING_SVC
CUST000170,Sophia Wilson,1965-11-20,ba364afb660c,low,verified,AE,2020-04-03 00:00:00,CUSTOMER_ONBOARDING_SVC
CUST000171,Hassan Gupta,1962-09-26,9fe51e082dcf,low,pending,RU,2018-09-27 00:00:00,CUSTOMER_ONBOARDING_SVC
CUST000172,Elena Singh,1983-06-11,a82c45dd217b,low,pending,CN,2025-03-16 00:00:00,CUSTOMER_ONBOARDING_SVC
CUST000173,Hassan Al-Sayed,1971-04-29,58dd8b345745,medium,expired,RU,2019-06-13 00:00:00,CUSTOMER_ONBOARDING_SVC
CUST000174,Rohan Reddy,1975-03-25,57a2aa6aa744,medium,verified,SG,2021-11-18 00:00:00,CUSTOMER_ONBOARDING_SVC
CUST000175,Arjun Al-Sayed,2002-11-11,a1ee601445f0,medium,verified,GB,2019-01-18 00:00:00,CUSTOMER_ONBOARDING_SVC
CUST000176,Chen Brown,1958-09-11,bfbcb6c76079,low,verified,RU,2018-04-27 00:00:00,CUSTOMER_ONBOARDING_SVC
CUST000177,Elena Davis,1957-09-19,7394ed442420,high,expired,RU,2023-08-02 00:00:00,CUSTOMER_ONBOARDING_SVC
CUST000178,Mia Johnson,1961-07-19,059f6d4c7ae8,low,verified,CA,2025-09-21 00:00:00,CUSTOMER_ONBOARDING_SVC
CUST000179,Noah Zhang,1985-12-26,987663d69ece,low,verified,SG,2022-06-22 00:00:00,CUSTOMER_ONBOARDING_SVC
CUST000180,Diego Mehta,1963-09-08,077406f779ac,low,pending,CN,2018-07-27 00:00:00,CUSTOMER_ONBOARDING_SVC
CUST000181,Noah Martinez,1972-01-12,343100003a3d,medium,expired,SG,2019-10-15 00:00:00,CUSTOMER_ONBOARDING_SVC
CUST000182,Mia Wilson,1976-08-06,1daa3697d282,medium,verified,CA,2020-05-31 00:00:00,CUSTOMER_ONBOARDING_SVC
CUST000183,Wei Johnson,1955-09-25,720bc45af28f,medium,verified,NG,2019-03-17 00:00:00,CUSTOMER_ONBOARDING_SVC
CUST000184,Mia Patel,2005-05-27,dc474368c5b0,low,expired,RU,2020-03-08 00:00:00,CUSTOMER_ONBOARDING_SVC
CUST000185,Mei Khan,1965-08-29,87e65e8f19c4,low,pending,RU,2019-06-12 00:00:00,CUSTOMER_ONBOARDING_SVC
CUST000186,Meera Nair,2000-09-03,1a731baa5b39,medium,verified,RU,2022-07-03 00:00:00,CUSTOMER_ONBOARDING_SVC
CUST000187,Lucia Gupta,2001-04-01,b9a27b5c8622,low,expired,RU,2019-07-27 00:00:00,CUSTOMER_ONBOARDING_SVC
CUST000188,Ivan Brown,2000-09-23,d86c30327d5d,medium,expired,NG,2023-12-21 00:00:00,CUSTOMER_ONBOARDING_SVC
CUST000189,Mason Martinez,1957-05-23,d0d2011cb3ac,medium,verified,GB,2024-09-10 00:00:00,CUSTOMER_ONBOARDING_SVC
CUST000190,Sneha Martinez,1970-04-19,f49bbc21c600,high,expired,CA,2023-11-18 00:00:00,CUSTOMER_ONBOARDING_SVC
CUST000191,Elena Zhang,1972-02-12,ed99458b6f60,medium,verified,US,2018-03-19 00:00:00,CUSTOMER_ONBOARDING_SVC
CUST000192,Mei Tanaka,1967-05-22,1223764faf42,low,expired,IN,2023-10-26 00:00:00,CUSTOMER_ONBOARDING_SVC
CUST000193,Isha Chen,1985-09-17,3b207498f99c,low,verified,NG,2024-02-16 00:00:00,CUSTOMER_ONBOARDING_SVC
CUST000194,Nikhil Johnson,1973-08-06,779e357f27ee,high,pending,GB,2025-09-28 00:00:00,CUSTOMER_ONBOARDING_SVC
CUST000195,Emma Johnson,2003-09-25,088924c437ed,medium,verified,US,2022-04-05 00:00:00,CUSTOMER_ONBOARDING_SVC
CUST000196,Ananya Garcia,1978-01-03,4f45de1bbe99,medium,verified,CA,2026-05-20 00:00:00,CUSTOMER_ONBOARDING_SVC
CUST000197,Arjun Kumar,1976-06-19,6ee6e0f77f66,low,expired,RU,2020-09-20 00:00:00,CUSTOMER_ONBOARDING_SVC
CUST000198,Wei Kumar,1967-05-02,e34efcaeb6a8,medium,verified,AU,2018-01-22 00:00:00,CUSTOMER_ONBOARDING_SVC
CUST000199,Aditya Johnson,1980-08-09,13932ef54385,low,verified,SG,2025-03-30 00:00:00,CUSTOMER_ONBOARDING_SVC
CUST000200,Rahul Reddy,1970-10-09,facbf14aa6c9,medium,pending,DE,2018-05-29 00:00:00,CUSTOMER_ONBOARDING_SVC
CUST000201,Rahul Sharma,2005-12-14,81068ac97b9c,low,verified,GB,2024-10-04 00:00:00,CUSTOMER_ONBOARDING_SVC
CUST000202,Arjun Wilson,1979-06-24,2cf0ca9cfaf0,low,verified,CA,2020-02-29 00:00:00,CUSTOMER_ONBOARDING_SVC
CUST000203,Ava Johnson,1972-04-30,6f48f4c2f54e,medium,pending,RU,2019-12-20 00:00:00,CUSTOMER_ONBOARDING_SVC
CUST000204,Isha Gupta,1984-01-12,90e9d0669677,low,verified,CA,2020-10-13 00:00:00,CUSTOMER_ONBOARDING_SVC
CUST000205,Ivan Ivanov,1956-01-10,94e737ece3b7,high,verified,RU,2020-12-07 00:00:00,CUSTOMER_ONBOARDING_SVC
CUST000206,Mia Khan,1982-11-25,db9c001fca33,low,verified,NG,2025-09-28 00:00:00,CUSTOMER_ONBOARDING_SVC
CUST000207,Lucia Ivanov,1988-07-08,a6e22cb36f9a,high,expired,RU,2022-08-31 00:00:00,CUSTOMER_ONBOARDING_SVC
CUST000208,Riya Khan,1962-05-06,54794ad1d7fd,medium,expired,RU,2023-11-23 00:00:00,CUSTOMER_ONBOARDING_SVC
CUST000209,Hassan Wilson,2003-02-23,581dc0a6693d,low,verified,AE,2019-09-06 00:00:00,CUSTOMER_ONBOARDING_SVC
CUST000210,Yuki Singh,1994-12-19,7eeb6f00db7e,medium,verified,NG,2018-08-16 00:00:00,CUSTOMER_ONBOARDING_SVC
CUST000211,Olivia Ivanov,1990-07-10,7ba15723c4f9,low,verified,IN,2020-11-08 00:00:00,CUSTOMER_ONBOARDING_SVC
CUST000212,Sneha Singh,1957-11-05,ca699907675b,medium,verified,CA,2021-03-21 00:00:00,CUSTOMER_ONBOARDING_SVC
CUST000213,Mason Garcia,1995-03-29,a2f85e1f3609,medium,verified,DE,2022-03-27 00:00:00,CUSTOMER_ONBOARDING_SVC
CUST000214,Ethan Kumar,2003-03-14,3bfef37881c6,medium,verified,,2022-05-29 00:00:00,CUSTOMER_ONBOARDING_SVC
CUST000215,Olivia Chen,2003-11-05,e0c3baf42330,medium,pending,AU,2022-10-04 00:00:00,CUSTOMER_ONBOARDING_SVC
CUST000216,Divya Patel,1992-08-11,69af6cb997cc,low,verified,AU,2024-11-23 00:00:00,CUSTOMER_ONBOARDING_SVC
CUST000217,Sneha Mehta,1991-02-02,f8663d0fc15c,low,expired,IN,2022-12-03 00:00:00,CUSTOMER_ONBOARDING_SVC
CUST000218,Liam Mehta,1983-08-11,41cafa45a61b,medium,verified,RU,2024-06-23 00:00:00,CUSTOMER_ONBOARDING_SVC
CUST000219,Mason Johnson,1960-06-20,3a5e4834028a,medium,verified,GB,2024-03-30 00:00:00,CUSTOMER_ONBOARDING_SVC
CUST000220,Lucas Wilson,1992-05-08,006a8bf441f7,low,verified,SG,2022-07-31 00:00:00,CUSTOMER_ONBOARDING_SVC
CUST000221,Olivia Zhang,1996-07-16,ec513543024f,medium,pending,CN,2018-08-25 00:00:00,CUSTOMER_ONBOARDING_SVC
CUST000222,Pooja Brown,1962-02-03,6f346845c48f,low,verified,AU,2023-01-17 00:00:00,CUSTOMER_ONBOARDING_SVC
CUST000223,Chen Lopez,1961-07-12,d78bb707eeaa,medium,expired,IN,2020-02-10 00:00:00,CUSTOMER_ONBOARDING_SVC
CUST000224,Aarav Nair,1965-07-11,7029fc31bc97,medium,verified,AE,2026-05-18 00:00:00,CUSTOMER_ONBOARDING_SVC
CUST000225,Noah Johnson,1996-10-30,f6d45befec3e,high,verified,DE,2023-12-26 00:00:00,CUSTOMER_ONBOARDING_SVC
CUST000226,Wei Brown,1988-04-04,ba5c93faf3fe,medium,verified,AE,2021-07-05 00:00:00,CUSTOMER_ONBOARDING_SVC
CUST000227,Ivan Martinez,1981-06-25,5e40ee3fd415,low,verified,DE,2019-09-17 00:00:00,CUSTOMER_ONBOARDING_SVC
CUST000228,Ava Smith,1999-01-05,b1e164b3ae85,low,verified,CA,2023-03-03 00:00:00,CUSTOMER_ONBOARDING_SVC
CUST000229,Layla Al-Sayed,2002-01-02,e5f4a4815662,low,verified,IN,2018-05-19 00:00:00,CUSTOMER_ONBOARDING_SVC
CUST000230,Meera Sharma,2000-05-15,d3a750b67fc2,low,verified,AE,2023-02-11 00:00:00,CUSTOMER_ONBOARDING_SVC
CUST000231,Yuki Sharma,2002-09-30,eeda2d3c52c8,,verified,IN,2024-03-09 00:00:00,CUSTOMER_ONBOARDING_SVC
CUST000232,Fatima Zhang,1993-08-18,79de75a34323,low,verified,AU,2020-01-05 00:00:00,CUSTOMER_ONBOARDING_SVC
CUST000233,Ethan Smith,1962-02-02,2dd62b7634d9,medium,pending,DE,2022-03-09 00:00:00,CUSTOMER_ONBOARDING_SVC
CUST000234,Ananya Al-Sayed,1957-11-04,00544a61a284,medium,pending,AU,2019-01-18 00:00:00,CUSTOMER_ONBOARDING_SVC
CUST000235,Ananya Tanaka,1984-09-20,d9718f4dc7b1,low,expired,DE,2024-05-06 00:00:00,CUSTOMER_ONBOARDING_SVC
CUST000236,Elena Tanaka,1959-03-06,10d68a1ddf1c,high,verified,GB,2018-11-01 00:00:00,CUSTOMER_ONBOARDING_SVC
CUST000237,Noah Sharma,1967-12-08,b133239c4174,high,pending,AE,2026-06-09 00:00:00,CUSTOMER_ONBOARDING_SVC
CUST000238,Lucas Khan,1984-10-05,4dce96455cab,high,verified,NG,2022-04-22 00:00:00,CUSTOMER_ONBOARDING_SVC
CUST000239,Ethan Patel,1994-03-19,6a12bbe47d5a,low,verified,US,2020-08-08 00:00:00,CUSTOMER_ONBOARDING_SVC
CUST000240,Noah Sharma,1979-07-10,494be7b0bf32,medium,verified,AU,2023-01-20 00:00:00,CUSTOMER_ONBOARDING_SVC
CUST000241,Lucas Singh,1981-07-01,104cc5c04b23,high,verified,RU,2020-10-06 00:00:00,CUSTOMER_ONBOARDING_SVC
CUST000242,Lucas Brown,1964-07-23,3dd855671c05,low,verified,SG,2019-01-10 00:00:00,CUSTOMER_ONBOARDING_SVC
CUST000243,Amelia Chen,2004-10-07,d6bdd6e89456,,verified,NG,2023-09-30 00:00:00,CUSTOMER_ONBOARDING_SVC
CUST000244,Noah Miller,1981-03-08,c4c4491f2716,medium,verified,IN,2022-08-22 00:00:00,CUSTOMER_ONBOARDING_SVC
CUST000245,Omar Reddy,1989-02-26,d61989a6896a,low,verified,AU,2019-11-26 00:00:00,CUSTOMER_ONBOARDING_SVC
CUST000246,Mason Johnson,1961-11-25,1bb920749380,low,verified,CA,2022-01-19 00:00:00,CUSTOMER_ONBOARDING_SVC
CUST000247,Arjun Johnson,1990-07-02,7cecab17394d,medium,pending,IN,2021-09-22 00:00:00,CUSTOMER_ONBOARDING_SVC
CUST000248,Chen Gupta,1983-10-08,8f631c6d73e9,high,verified,GB,2024-10-06 00:00:00,CUSTOMER_ONBOARDING_SVC
CUST000249,Yuki Martinez,1984-03-27,55e67fd20153,low,pending,AE,2022-03-21 00:00:00,CUSTOMER_ONBOARDING_SVC
CUST000250,Isha Khan,1957-05-31,3c2edb075cde,medium,verified,NG,2026-02-26 00:00:00,CUSTOMER_ONBOARDING_SVC
CUST000251,Mason Khan,1967-06-27,cf2a3c4efff4,low,verified,CA,2025-02-07 00:00:00,CUSTOMER_ONBOARDING_SVC
CUST000252,Diego Lopez,1990-12-16,e62c4d763e12,medium,pending,CA,2023-12-29 00:00:00,CUSTOMER_ONBOARDING_SVC
CUST000253,Layla Lopez,1962-08-16,61936ddd2f89,low,verified,AU,2019-03-24 00:00:00,CUSTOMER_ONBOARDING_SVC
CUST000254,Mia Brown,1964-07-03,c1235e54bb96,low,verified,DE,2018-02-13 00:00:00,CUSTOMER_ONBOARDING_SVC
CUST000255,Nikhil Chen,1990-02-02,761f3241e013,high,expired,SG,2023-03-12 00:00:00,CUSTOMER_ONBOARDING_SVC
CUST000256,Liam Davis,1965-05-31,d498492c6ce6,low,verified,US,2026-03-10 00:00:00,CUSTOMER_ONBOARDING_SVC
CUST000257,Wei Kumar,1995-08-04,7b1d1021c424,low,verified,CA,2021-07-30 00:00:00,CUSTOMER_ONBOARDING_SVC
CUST000258,Karan Khan,1976-11-18,cc4f540c85c3,low,expired,CN,2023-10-15 00:00:00,CUSTOMER_ONBOARDING_SVC
CUST000259,Mia Al-Sayed,1971-09-21,b0b2b036510e,high,pending,CN,2025-03-08 00:00:00,CUSTOMER_ONBOARDING_SVC
CUST000260,Amelia Miller,1974-04-09,b0da9078b6a5,low,verified,IN,2020-04-22 00:00:00,CUSTOMER_ONBOARDING_SVC
CUST000261,Aditya Chen,1978-07-15,37a0487281f6,medium,expired,US,2025-07-10 00:00:00,CUSTOMER_ONBOARDING_SVC
CUST000262,Divya Garcia,1996-01-29,c376108670c4,low,verified,SG,2024-12-03 00:00:00,CUSTOMER_ONBOARDING_SVC
CUST000263,Riya Johnson,1971-06-04,7db25a2bf9a6,high,verified,US,2022-03-10 00:00:00,CUSTOMER_ONBOARDING_SVC
CUST000264,Isha Tanaka,2003-03-18,b45a00b00da2,high,verified,AU,2025-10-11 00:00:00,CUSTOMER_ONBOARDING_SVC
CUST000265,Diego Lopez,1987-03-18,c30aaeb40b55,medium,verified,IN,2018-02-09 00:00:00,CUSTOMER_ONBOARDING_SVC
CUST000266,Mason Khan,1992-04-15,cc6a2d94c51d,medium,pending,CA,2025-12-18 00:00:00,CUSTOMER_ONBOARDING_SVC
CUST000267,Rahul Smith,2003-03-26,d3f0e82f4267,low,pending,AE,2021-03-28 00:00:00,CUSTOMER_ONBOARDING_SVC
CUST000268,Elena Kumar,2003-09-22,b2b605f3caff,medium,verified,GB,2022-02-11 00:00:00,CUSTOMER_ONBOARDING_SVC
CUST000269,Riya Johnson,1995-05-07,d87b555907a6,low,verified,IN,2020-12-12 00:00:00,CUSTOMER_ONBOARDING_SVC
CUST000270,Ivan Zhang,1993-05-31,2ce2fb0665db,medium,verified,SG,2019-11-11 00:00:00,CUSTOMER_ONBOARDING_SVC
CUST000271,Layla Smith,2003-05-03,b7340ddd3f46,low,verified,RU,2019-11-21 00:00:00,CUSTOMER_ONBOARDING_SVC
CUST000272,Karan Gupta,1960-04-26,73d8bc5a7600,high,verified,DE,2021-02-09 00:00:00,CUSTOMER_ONBOARDING_SVC
CUST000273,Riya Khan,1998-11-29,13016c305291,medium,verified,DE,2019-08-06 00:00:00,CUSTOMER_ONBOARDING_SVC
CUST000274,Ananya Miller,1979-12-17,d8fc026cbdff,low,pending,,2025-10-16 00:00:00,CUSTOMER_ONBOARDING_SVC
CUST000275,Ananya Ivanov,1987-02-20,ca2cc35df986,medium,pending,CA,2018-09-17 00:00:00,CUSTOMER_ONBOARDING_SVC
CUST000276,Liam Brown,1966-09-19,734bbce5d91f,medium,verified,NG,2024-05-07 00:00:00,CUSTOMER_ONBOARDING_SVC
CUST000277,Lucia Sharma,1969-03-04,7c4d670d6522,medium,verified,US,2022-12-13 00:00:00,CUSTOMER_ONBOARDING_SVC
CUST000278,Olivia Reddy,1963-05-17,ef00d5a7b23b,low,verified,GB,2025-05-05 00:00:00,CUSTOMER_ONBOARDING_SVC
CUST000279,Olivia Ivanov,1993-07-05,9162a7728bc5,,verified,AE,2025-05-08 00:00:00,CUSTOMER_ONBOARDING_SVC
CUST000280,Diego Sharma,1985-10-28,d907421dbe71,medium,verified,IN,2019-05-09 00:00:00,CUSTOMER_ONBOARDING_SVC
CUST000281,Karan Brown,1981-11-05,8084a45c2a41,medium,verified,SG,2019-07-16 00:00:00,CUSTOMER_ONBOARDING_SVC
CUST000282,Mei Al-Sayed,1994-06-26,42fffebded53,high,verified,CN,2021-12-09 00:00:00,CUSTOMER_ONBOARDING_SVC
CUST000283,Pooja Singh,1967-07-24,e321267fef63,low,expired,US,2026-06-10 00:00:00,CUSTOMER_ONBOARDING_SVC
CUST000284,Riya Smith,1962-07-23,1f0282fecfbc,medium,expired,AU,2020-10-13 00:00:00,CUSTOMER_ONBOARDING_SVC
CUST000285,Olivia Nair,2000-09-17,ed7282023822,high,pending,NG,2020-02-12 00:00:00,CUSTOMER_ONBOARDING_SVC
CUST000286,Yuki Miller,1976-08-17,886c3361c5d9,high,expired,US,2023-08-09 00:00:00,CUSTOMER_ONBOARDING_SVC
CUST000287,Noah Gupta,2005-12-28,b0362dedc7e6,low,expired,DE,2022-09-20 00:00:00,CUSTOMER_ONBOARDING_SVC
CUST000288,Priya Martinez,1956-03-27,7980e7b3e999,low,verified,US,2020-12-09 00:00:00,CUSTOMER_ONBOARDING_SVC
CUST000289,Fatima Davis,1991-02-02,fe06f125c734,high,expired,DE,2018-12-04 00:00:00,CUSTOMER_ONBOARDING_SVC
CUST000290,Pooja Gupta,1984-04-24,a1521c10aec1,medium,verified,NG,2022-05-20 00:00:00,CUSTOMER_ONBOARDING_SVC
CUST000291,Riya Singh,1965-05-28,e2101ed870cc,medium,expired,DE,2023-02-01 00:00:00,CUSTOMER_ONBOARDING_SVC
CUST000292,Aarav Zhang,1956-01-07,534744ad926d,medium,verified,CN,2019-11-03 00:00:00,CUSTOMER_ONBOARDING_SVC
CUST000293,Arjun Ivanov,1965-08-04,2c7fed7a5461,low,pending,GB,2018-05-01 00:00:00,CUSTOMER_ONBOARDING_SVC
CUST000294,Vikram Tanaka,2000-10-28,2cb286ba15f2,low,pending,CA,2022-01-15 00:00:00,CUSTOMER_ONBOARDING_SVC
CUST000295,Elena Khan,1975-06-29,713a1595db7a,medium,verified,US,2026-04-23 00:00:00,CUSTOMER_ONBOARDING_SVC
CUST000296,Lucas Gupta,1958-03-04,206d28d75365,high,pending,CN,2024-03-14 00:00:00,CUSTOMER_ONBOARDING_SVC
CUST000297,Vikram Martinez,1965-09-17,f7037a333c9f,high,verified,SG,2023-08-19 00:00:00,CUSTOMER_ONBOARDING_SVC
CUST000298,Vikram Chen,1982-11-15,aacf4455b78f,low,expired,GB,2021-09-02 00:00:00,CUSTOMER_ONBOARDING_SVC
CUST000299,Mei Mehta,1988-01-15,705e58d165cd,medium,verified,CA,2024-08-20 00:00:00,CUSTOMER_ONBOARDING_SVC
CUST000300,Mason Sharma,2003-08-02,86100275cc9c,high,,AE,2021-11-19 00:00:00,CUSTOMER_ONBOARDING_SVC
CUST000301,Olivia Kumar,2002-07-13,9d70661bd1ea,medium,pending,AE,2020-09-02 00:00:00,CUSTOMER_ONBOARDING_SVC
CUST000302,Rahul Mehta,1992-01-22,a00971f212b4,low,pending,NG,2025-11-10 00:00:00,CUSTOMER_ONBOARDING_SVC
CUST000303,Mia Singh,2005-12-10,7ade08ed0d9d,medium,verified,RU,2018-09-13 00:00:00,CUSTOMER_ONBOARDING_SVC
CUST000304,Noah Brown,1979-05-26,f063be624dc2,low,verified,CA,2020-08-14 00:00:00,CUSTOMER_ONBOARDING_SVC
CUST000305,Diego Chen,1991-06-21,7f4ff56c87ee,medium,verified,SG,2019-05-10 00:00:00,CUSTOMER_ONBOARDING_SVC
CUST000306,Divya Singh,1982-04-17,1785c58e2729,high,expired,CN,2025-11-26 00:00:00,CUSTOMER_ONBOARDING_SVC
CUST000307,Riya Garcia,2001-01-24,fe46b18a1114,high,verified,DE,2018-07-20 00:00:00,CUSTOMER_ONBOARDING_SVC
CUST000308,Diego Anderson,1977-06-01,b97154c1c896,medium,verified,NG,2019-01-23 00:00:00,CUSTOMER_ONBOARDING_SVC
CUST000309,Nikhil Gupta,1990-12-09,b0d96f1d7467,high,verified,AE,2022-03-05 00:00:00,CUSTOMER_ONBOARDING_SVC
CUST000310,Vikram Nair,1994-10-13,755435a8bcf1,low,verified,AU,2019-06-12 00:00:00,CUSTOMER_ONBOARDING_SVC
CUST000311,Amelia Ivanov,1999-07-06,12a39ce106a2,medium,pending,DE,2018-05-01 00:00:00,CUSTOMER_ONBOARDING_SVC
CUST000312,Meera Patel,1977-01-18,716eee95b9fe,low,pending,RU,2025-04-05 00:00:00,CUSTOMER_ONBOARDING_SVC
CUST000313,Arjun Davis,2002-03-04,e6bfd191cc73,high,expired,AE,2020-10-17 00:00:00,CUSTOMER_ONBOARDING_SVC
CUST000314,Layla Tanaka,2005-09-30,9dbd3a129c53,low,pending,SG,2023-08-20 00:00:00,CUSTOMER_ONBOARDING_SVC
CUST000315,Emma Patel,2002-07-01,73f9545028b7,medium,verified,CA,2022-01-04 00:00:00,CUSTOMER_ONBOARDING_SVC
CUST000316,Sneha Mehta,1989-11-05,5373b17a6e21,low,verified,RU,2021-12-24 00:00:00,CUSTOMER_ONBOARDING_SVC
CUST000317,Ivan Sharma,2005-12-04,eb6ec12cfb79,low,expired,SG,2024-04-27 00:00:00,CUSTOMER_ONBOARDING_SVC
CUST000318,Layla Johnson,1998-12-31,7c0524883a3d,low,verified,CN,2018-06-05 00:00:00,CUSTOMER_ONBOARDING_SVC
CUST000318,Layla Johnson,1998-12-31,7c0524883a3d,low,verified,CN,2018-06-05 01:19:00,CUSTOMER_ONBOARDING_SVC
CUST000319,Aditya Gupta,1970-12-03,dd2203c6627f,low,verified,SG,2021-08-18 00:00:00,CUSTOMER_ONBOARDING_SVC
CUST000320,Omar Garcia,1988-07-07,5b47c5cfb0a5,high,pending,US,2025-11-25 00:00:00,CUSTOMER_ONBOARDING_SVC
CUST000321,Amelia Al-Sayed,1983-06-19,4f8cb0a0c663,high,expired,CA,2019-12-15 00:00:00,CUSTOMER_ONBOARDING_SVC
CUST000322,Ivan Reddy,1982-07-11,dac2a428bd2f,high,verified,DE,2026-03-26 00:00:00,CUSTOMER_ONBOARDING_SVC
CUST000323,Mia Martinez,1971-05-03,1311b15e4ddc,low,expired,IN,2024-10-03 00:00:00,CUSTOMER_ONBOARDING_SVC
CUST000324,Vikram Mehta,1983-08-31,021c95ac0b6e,high,verified,SG,2019-11-19 00:00:00,CUSTOMER_ONBOARDING_SVC
CUST000325,Aarav Smith,1977-05-21,fd3768e7184f,low,verified,,2025-10-10 00:00:00,CUSTOMER_ONBOARDING_SVC
CUST000326,Mason Reddy,1999-03-28,a0eba02051ed,low,expired,DE,2022-04-01 00:00:00,CUSTOMER_ONBOARDING_SVC
CUST000327,Nikhil Reddy,1961-08-12,e3b700747c6d,low,verified,CA,2018-05-17 00:00:00,CUSTOMER_ONBOARDING_SVC
CUST000328,Lucas Reddy,2004-01-29,b34a3bacd709,low,expired,US,2019-01-17 00:00:00,CUSTOMER_ONBOARDING_SVC
CUST000329,Rohan Lopez,1969-02-03,3d63d809b484,low,verified,DE,2018-08-08 00:00:00,CUSTOMER_ONBOARDING_SVC
CUST000330,Layla Smith,1980-04-03,5490a1b1c08d,low,verified,AU,2021-05-03 00:00:00,CUSTOMER_ONBOARDING_SVC
CUST000331,Sophia Sharma,1962-11-11,b9ea1f80760c,high,expired,DE,2021-04-21 00:00:00,CUSTOMER_ONBOARDING_SVC
CUST000332,Ananya Tanaka,1982-08-31,b6fb35a95ed1,medium,pending,US,2022-06-17 00:00:00,CUSTOMER_ONBOARDING_SVC
CUST000333,Sophia Miller,1971-09-27,c0bfed217f6a,low,verified,SG,2022-12-31 00:00:00,CUSTOMER_ONBOARDING_SVC
CUST000334,Meera Zhang,1963-09-04,28cf4cbe77ea,high,verified,AU,2018-12-18 00:00:00,CUSTOMER_ONBOARDING_SVC
CUST000335,Sneha Miller,1992-07-22,ff7593ef61ca,high,pending,NG,2024-01-03 00:00:00,CUSTOMER_ONBOARDING_SVC
CUST000336,Rahul Wilson,2001-05-14,d3d5e77e3082,high,expired,RU,2024-05-29 00:00:00,CUSTOMER_ONBOARDING_SVC
CUST000337,Rohan Nair,1966-04-27,7c96cadc2329,medium,verified,AE,2018-06-24 00:00:00,CUSTOMER_ONBOARDING_SVC
CUST000338,Chen Smith,1961-01-04,95f6d116dfbd,medium,expired,SG,2018-12-23 00:00:00,CUSTOMER_ONBOARDING_SVC
CUST000339,Aarav Zhang,2001-11-18,3df3bc7cbfaa,low,pending,RU,2022-09-15 00:00:00,CUSTOMER_ONBOARDING_SVC
CUST000340,Karan Kumar,1964-01-23,3ca4350c9164,medium,verified,RU,2021-03-17 00:00:00,CUSTOMER_ONBOARDING_SVC
CUST000341,Wei Patel,1979-09-16,d22befac6fc9,low,expired,CN,2022-07-09 00:00:00,CUSTOMER_ONBOARDING_SVC
CUST000342,Ava Zhang,1959-06-04,99bda49db9bc,medium,verified,AE,2026-05-13 00:00:00,CUSTOMER_ONBOARDING_SVC
CUST000343,Emma Tanaka,1963-10-24,a46b4a29b6a6,low,verified,AU,2020-07-22 00:00:00,CUSTOMER_ONBOARDING_SVC
CUST000344,Mason Lopez,1963-01-04,873e5b489060,medium,verified,AU,2020-02-09 00:00:00,CUSTOMER_ONBOARDING_SVC
CUST000345,Sophia Patel,1969-04-06,d7a47768c1bc,low,expired,NG,2018-09-26 00:00:00,CUSTOMER_ONBOARDING_SVC
CUST000346,Isha Nair,1960-03-03,46d4b199db87,low,pending,AE,2020-10-18 00:00:00,CUSTOMER_ONBOARDING_SVC
CUST000347,Lucia Wilson,1966-02-11,d4f9a2f15be3,low,verified,DE,2025-08-22 00:00:00,CUSTOMER_ONBOARDING_SVC
CUST000348,Ivan Anderson,1985-11-19,3fb41718b2e6,low,verified,SG,2019-11-01 00:00:00,CUSTOMER_ONBOARDING_SVC
CUST000349,Pooja Mehta,1975-03-13,30494e00e441,low,verified,AU,2025-08-07 00:00:00,CUSTOMER_ONBOARDING_SVC
CUST000350,Aarav Tanaka,1970-07-16,a27e48d5d180,low,verified,CN,2024-09-28 00:00:00,CUSTOMER_ONBOARDING_SVC
CUST000351,Emma Davis,1986-04-14,5ed0050327c3,low,verified,DE,2023-02-24 00:00:00,CUSTOMER_ONBOARDING_SVC
CUST000352,Karan Sharma,1988-07-28,a9614518e933,high,expired,NG,2024-04-18 00:00:00,CUSTOMER_ONBOARDING_SVC
CUST000353,Emma Al-Sayed,1979-11-03,36c805a669de,high,verified,SG,2020-12-05 00:00:00,CUSTOMER_ONBOARDING_SVC
CUST000354,Chen Miller,1983-09-03,e02f352c4e08,low,verified,AU,2025-08-20 00:00:00,CUSTOMER_ONBOARDING_SVC
CUST000355,Lucas Ivanov,1972-01-15,d2f630a24e6c,high,verified,IN,2021-11-06 00:00:00,CUSTOMER_ONBOARDING_SVC
CUST000356,Ethan Wilson,1970-04-02,56dcc1fa9645,medium,verified,GB,2025-05-17 00:00:00,CUSTOMER_ONBOARDING_SVC
CUST000357,Hassan Reddy,1985-02-10,d7a1248a6320,low,verified,AU,2025-05-04 00:00:00,CUSTOMER_ONBOARDING_SVC
CUST000358,Ava Garcia,1981-05-19,a0c38893e7ee,low,pending,GB,2023-03-15 00:00:00,CUSTOMER_ONBOARDING_SVC
CUST000359,Wei Nair,1965-10-01,b83e18f48ac9,medium,expired,NG,2025-08-20 00:00:00,CUSTOMER_ONBOARDING_SVC
CUST000360,Aditya Brown,1996-01-19,2126f87e61ef,low,verified,DE,2019-08-10 00:00:00,CUSTOMER_ONBOARDING_SVC
CUST000361,Sneha Sharma,1979-07-16,a3928a1ec2d3,low,expired,CA,2020-05-07 00:00:00,CUSTOMER_ONBOARDING_SVC
CUST000362,Mei Davis,1993-07-10,b8593fedf618,medium,pending,AU,2022-07-11 00:00:00,CUSTOMER_ONBOARDING_SVC
CUST000363,Aarav Brown,1972-02-05,d952a8ba45d0,high,verified,NG,2018-03-15 00:00:00,CUSTOMER_ONBOARDING_SVC
CUST000364,Arjun Kumar,2000-02-27,3f7883645228,low,verified,DE,2024-08-08 00:00:00,CUSTOMER_ONBOARDING_SVC
CUST000365,Omar Lopez,1985-04-23,3a1ba18b588b,high,verified,NG,2022-11-12 00:00:00,CUSTOMER_ONBOARDING_SVC
CUST000366,Mia Sharma,1975-02-15,b264655f5f4b,low,verified,AE,2026-02-26 00:00:00,CUSTOMER_ONBOARDING_SVC
CUST000367,Rahul Miller,1977-12-12,6bbc905ebcd7,medium,verified,AU,2023-12-31 00:00:00,CUSTOMER_ONBOARDING_SVC
CUST000368,Sneha Zhang,1992-05-22,d8f5bac37a07,medium,verified,US,2022-12-25 00:00:00,CUSTOMER_ONBOARDING_SVC
CUST000369,Aarav Johnson,1964-01-22,d7247132c1c4,medium,verified,DE,2025-06-06 00:00:00,CUSTOMER_ONBOARDING_SVC
CUST000370,Fatima Ivanov,1965-07-24,40a7ae0dc151,low,verified,RU,2021-03-03 00:00:00,CUSTOMER_ONBOARDING_SVC
CUST000371,Aditya Garcia,1981-07-01,bcfa8e9fa8c1,low,expired,DE,2019-10-19 00:00:00,CUSTOMER_ONBOARDING_SVC
CUST000372,Aarav Sharma,1962-12-26,afbfa0e0b81e,medium,pending,AU,2019-03-29 00:00:00,CUSTOMER_ONBOARDING_SVC
CUST000373,Karan Smith,1975-09-27,484a04ffc264,low,verified,AU,2023-02-14 00:00:00,CUSTOMER_ONBOARDING_SVC
CUST000374,Liam Garcia,1983-01-20,363c7e072e64,high,verified,AU,2022-10-11 00:00:00,CUSTOMER_ONBOARDING_SVC
CUST000375,Rohan Brown,1994-04-09,641c2c9a0372,low,verified,SG,2024-12-21 00:00:00,CUSTOMER_ONBOARDING_SVC
CUST000376,Lucia Smith,1997-11-27,64b1170eb87a,high,verified,DE,2022-09-24 00:00:00,CUSTOMER_ONBOARDING_SVC
CUST000377,Rohan Kumar,1998-04-21,41bf4ba4672f,high,pending,DE,2024-05-19 00:00:00,CUSTOMER_ONBOARDING_SVC
CUST000378,Arjun Tanaka,1965-02-17,29f71dd79eeb,medium,verified,CA,2022-08-12 00:00:00,CUSTOMER_ONBOARDING_SVC
CUST000379,Omar Ivanov,2005-09-09,882c9696ff23,high,verified,RU,2020-07-06 00:00:00,CUSTOMER_ONBOARDING_SVC
CUST000380,Riya Tanaka,1989-07-12,51d90c9bf97e,medium,expired,SG,2019-09-01 00:00:00,CUSTOMER_ONBOARDING_SVC
CUST000381,Yuki Reddy,1999-02-09,12633ca125c2,low,verified,US,2021-08-06 00:00:00,CUSTOMER_ONBOARDING_SVC
CUST000382,Mia Mehta,1996-03-09,0b0e8426a8fa,medium,pending,US,2022-12-25 00:00:00,CUSTOMER_ONBOARDING_SVC
CUST000383,Priya Kumar,1991-12-29,ff1d8499d2b8,,expired,DE,2018-05-27 00:00:00,CUSTOMER_ONBOARDING_SVC
CUST000384,Olivia Wilson,1973-07-23,097e052342f0,high,pending,NG,2025-05-05 00:00:00,CUSTOMER_ONBOARDING_SVC
CUST000385,Lucia Brown,1997-06-12,17e7fa22a43e,high,verified,NG,2026-01-14 00:00:00,CUSTOMER_ONBOARDING_SVC
CUST000386,Ava Garcia,1981-03-12,5ce04710cc5f,medium,verified,AU,2024-02-22 00:00:00,CUSTOMER_ONBOARDING_SVC
CUST000387,Mason Kumar,1972-07-29,1793dc8450f4,low,pending,GB,2020-02-08 00:00:00,CUSTOMER_ONBOARDING_SVC
CUST000388,Mason Patel,1966-01-20,13051ee418cf,medium,expired,AU,2023-01-20 00:00:00,CUSTOMER_ONBOARDING_SVC
CUST000389,Sneha Anderson,1998-04-29,eefe59797689,low,expired,DE,2023-09-14 00:00:00,CUSTOMER_ONBOARDING_SVC
CUST000390,Chen Brown,1989-07-05,bbf05a21f6ea,medium,verified,NG,2022-09-11 00:00:00,CUSTOMER_ONBOARDING_SVC
CUST000391,Arjun Gupta,2000-12-16,8ff65637f660,high,expired,DE,2021-05-09 00:00:00,CUSTOMER_ONBOARDING_SVC
CUST000392,Aditya Nair,1981-01-25,b3e8693ed720,low,verified,RU,2025-09-13 00:00:00,CUSTOMER_ONBOARDING_SVC
CUST000393,Noah Zhang,1986-08-08,339d7865eaaf,medium,expired,US,2024-04-22 00:00:00,CUSTOMER_ONBOARDING_SVC
CUST000394,Layla Johnson,1956-02-23,e1b02f7317f4,low,verified,DE,2023-11-12 00:00:00,CUSTOMER_ONBOARDING_SVC
CUST000395,Rohan Johnson,1977-06-24,79cb7bf7a901,low,verified,AU,2019-08-23 00:00:00,CUSTOMER_ONBOARDING_SVC
CUST000396,Mei Khan,1975-02-15,6fc42dc5da9e,high,expired,NG,2026-04-29 00:00:00,CUSTOMER_ONBOARDING_SVC
CUST000397,Sneha Miller,1992-05-16,3f8405a1162e,low,expired,DE,2025-09-07 00:00:00,CUSTOMER_ONBOARDING_SVC
CUST000398,Diego Mehta,1987-12-29,d83b35beaa70,medium,expired,AU,2026-06-20 00:00:00,CUSTOMER_ONBOARDING_SVC
CUST000399,Diego Reddy,1961-09-06,8afd3620f106,low,expired,AU,2020-02-05 00:00:00,CUSTOMER_ONBOARDING_SVC
CUST000400,Rohan Martinez,1955-07-04,9cde1858b7c6,medium,verified,GB,2021-09-15 00:00:00,CUSTOMER_ONBOARDING_SVC
CUST000401,Mei Khan,1999-01-04,400d56a16b79,medium,verified,GB,2024-06-03 00:00:00,CUSTOMER_ONBOARDING_SVC
CUST000402,Omar Singh,1969-04-19,7a401d0c5569,medium,expired,NG,2022-08-31 00:00:00,CUSTOMER_ONBOARDING_SVC
CUST000403,Ava Garcia,1974-08-07,fc3ef5172bde,medium,expired,GB,2026-06-10 00:00:00,CUSTOMER_ONBOARDING_SVC
CUST000404,Divya Khan,1994-12-25,fb525896a6a3,high,expired,SG,2020-09-11 00:00:00,CUSTOMER_ONBOARDING_SVC
CUST000405,Lucas Kumar,1978-01-07,de2e95c6f18e,,verified,DE,2024-01-22 00:00:00,CUSTOMER_ONBOARDING_SVC
CUST000406,Fatima Chen,1958-12-07,fc1a457cdc35,high,verified,CA,2021-04-29 00:00:00,CUSTOMER_ONBOARDING_SVC
CUST000407,Layla Anderson,1960-11-15,faed560b2a94,high,verified,IN,2020-05-13 00:00:00,CUSTOMER_ONBOARDING_SVC
CUST000408,Amelia Al-Sayed,1968-10-17,dc3734065bc8,medium,verified,US,2018-04-08 00:00:00,CUSTOMER_ONBOARDING_SVC
CUST000409,Vikram Martinez,1978-03-16,9931da798b92,medium,pending,AE,2022-07-28 00:00:00,CUSTOMER_ONBOARDING_SVC
CUST000410,Layla Sharma,1960-09-03,1aca537f92ed,high,expired,AU,2026-06-24 00:00:00,CUSTOMER_ONBOARDING_SVC
CUST000411,Liam Khan,1962-10-05,bb11e1a35417,medium,pending,GB,2021-02-27 00:00:00,CUSTOMER_ONBOARDING_SVC
CUST000412,Arjun Ivanov,2003-12-17,ef696164d983,high,verified,DE,2021-04-23 00:00:00,CUSTOMER_ONBOARDING_SVC
CUST000413,Sophia Sharma,2004-10-18,4c79f5854b8b,,verified,NG,2019-08-03 00:00:00,CUSTOMER_ONBOARDING_SVC
CUST000414,Olivia Nair,1973-12-30,8a5e4ff1321f,high,expired,SG,2022-08-18 00:00:00,CUSTOMER_ONBOARDING_SVC
CUST000415,Divya Reddy,2005-11-23,242ae4e7156c,medium,pending,AU,2018-08-11 00:00:00,CUSTOMER_ONBOARDING_SVC
CUST000416,Aditya Ivanov,1998-09-16,c39b712a1b15,low,verified,RU,2021-09-17 00:00:00,CUSTOMER_ONBOARDING_SVC
CUST000417,Aditya Brown,1995-06-06,c0a9f1c4a43b,medium,verified,CA,2021-09-06 00:00:00,CUSTOMER_ONBOARDING_SVC
CUST000418,Amelia Reddy,1983-02-06,97117addfb7b,low,pending,IN,2020-10-05 00:00:00,CUSTOMER_ONBOARDING_SVC
CUST000419,Wei Chen,1987-03-09,8157964c7aab,medium,expired,CA,2021-06-05 00:00:00,CUSTOMER_ONBOARDING_SVC
CUST000420,Arjun Anderson,1978-08-13,f2a8559d3e14,high,verified,AE,2026-03-24 00:00:00,CUSTOMER_ONBOARDING_SVC
CUST000421,Ivan Martinez,1974-02-01,92729f40d40a,medium,verified,DE,2018-05-31 00:00:00,CUSTOMER_ONBOARDING_SVC
CUST000422,Sophia Miller,1981-02-08,b3a80ca29383,medium,expired,AE,2019-07-03 00:00:00,CUSTOMER_ONBOARDING_SVC
CUST000423,Mei Khan,2001-02-15,99c21f88213d,medium,verified,CN,2019-07-29 00:00:00,CUSTOMER_ONBOARDING_SVC
CUST000424,Wei Garcia,1974-08-19,6c9953771563,low,verified,IN,2023-06-21 00:00:00,CUSTOMER_ONBOARDING_SVC
CUST000425,Sophia Miller,1995-10-15,a62ab969a8bf,low,verified,CA,2018-07-10 00:00:00,CUSTOMER_ONBOARDING_SVC
CUST000426,James Martinez,1970-08-06,433bdf6eef93,high,pending,NG,2022-03-23 00:00:00,CUSTOMER_ONBOARDING_SVC
CUST000427,Lucas Mehta,1991-05-30,b27b5f504437,low,pending,,2021-12-16 00:00:00,CUSTOMER_ONBOARDING_SVC
CUST000428,Diego Reddy,1961-12-01,150d239cc2d6,high,verified,AE,2023-10-09 00:00:00,CUSTOMER_ONBOARDING_SVC
CUST000429,Divya Khan,1992-03-13,b101fa88d55d,high,verified,AE,2021-09-14 00:00:00,CUSTOMER_ONBOARDING_SVC
CUST000430,Mason Sharma,1958-11-14,777364d35324,medium,expired,AE,2019-06-08 00:00:00,CUSTOMER_ONBOARDING_SVC
CUST000431,Sneha Reddy,1971-02-25,0793c67b1161,medium,expired,GB,2023-10-18 00:00:00,CUSTOMER_ONBOARDING_SVC
CUST000432,Liam Singh,1995-04-20,1cc1f2b53f44,medium,pending,AE,2024-10-20 00:00:00,CUSTOMER_ONBOARDING_SVC
CUST000433,Isha Lopez,2000-10-29,ae29fff49206,low,verified,AU,2020-12-19 00:00:00,CUSTOMER_ONBOARDING_SVC
CUST000434,Arjun Kumar,1973-02-25,d65ac444f48f,medium,pending,IN,2023-11-12 00:00:00,CUSTOMER_ONBOARDING_SVC
CUST000435,Chen Patel,2000-02-27,19e0cbc02a6c,low,verified,NG,2026-06-09 00:00:00,CUSTOMER_ONBOARDING_SVC
CUST000436,Amelia Wilson,1988-03-24,a17b66344e65,high,expired,DE,2018-06-27 00:00:00,CUSTOMER_ONBOARDING_SVC
CUST000437,Ethan Martinez,1963-10-07,6ee7db1d0a43,low,verified,RU,2022-10-09 00:00:00,CUSTOMER_ONBOARDING_SVC
CUST000438,Layla Davis,1971-12-16,6b8cbc511f19,high,verified,,2018-01-23 00:00:00,CUSTOMER_ONBOARDING_SVC
CUST000439,Noah Davis,1964-07-24,9d3f18a4e344,medium,expired,SG,2019-09-26 00:00:00,CUSTOMER_ONBOARDING_SVC
CUST000440,Emma Khan,1973-04-10,9e091a4202a9,medium,expired,DE,2022-08-20 00:00:00,CUSTOMER_ONBOARDING_SVC
CUST000441,Olivia Martinez,1990-09-19,bd93353c6df3,low,verified,SG,2026-04-02 00:00:00,CUSTOMER_ONBOARDING_SVC
CUST000442,Pooja Wilson,1985-05-12,963bc11000b1,medium,verified,,2024-03-05 00:00:00,CUSTOMER_ONBOARDING_SVC
CUST000443,Meera Tanaka,1994-01-22,049da80dd8a6,low,verified,RU,2018-12-28 00:00:00,CUSTOMER_ONBOARDING_SVC
CUST000444,Mia Lopez,2001-09-28,43d113fdd5cd,high,expired,AU,2021-03-19 00:00:00,CUSTOMER_ONBOARDING_SVC
CUST000445,Aarav Nair,2001-06-26,eb49ced55d6d,low,verified,AU,2021-03-17 00:00:00,CUSTOMER_ONBOARDING_SVC
CUST000446,Rahul Garcia,1955-01-10,b2df16bcddb0,low,verified,AE,2019-10-07 00:00:00,CUSTOMER_ONBOARDING_SVC
CUST000447,Omar Sharma,1963-02-02,83de361680a4,low,expired,US,2024-03-01 00:00:00,CUSTOMER_ONBOARDING_SVC
CUST000448,Chen Nair,1991-03-29,83c862eb8938,low,verified,CA,2024-06-12 00:00:00,CUSTOMER_ONBOARDING_SVC
CUST000449,Ava Kumar,1978-02-13,8f1bd0949344,medium,verified,NG,2024-01-13 00:00:00,CUSTOMER_ONBOARDING_SVC
CUST000450,Ava Chen,1996-05-01,541d2ba0a4ab,low,pending,AU,2024-07-31 00:00:00,CUSTOMER_ONBOARDING_SVC
CUST000451,Nikhil Brown,1986-09-05,2188ea8cc8eb,medium,verified,DE,2023-10-17 00:00:00,CUSTOMER_ONBOARDING_SVC
CUST000452,Ava Singh,1971-01-05,442fcac04d61,low,verified,NG,2023-05-06 00:00:00,CUSTOMER_ONBOARDING_SVC
CUST000453,Aditya Tanaka,1976-01-26,b0e559e19d36,low,verified,AE,2026-04-01 00:00:00,CUSTOMER_ONBOARDING_SVC
CUST000454,Meera Kumar,1962-01-15,6d05a51854b6,high,pending,US,2025-07-31 00:00:00,CUSTOMER_ONBOARDING_SVC
CUST000455,Wei Garcia,1983-04-19,aa789eee99e7,medium,verified,RU,2023-07-10 00:00:00,CUSTOMER_ONBOARDING_SVC
CUST000456,Nikhil Martinez,1959-11-10,6a1b0c8763e6,medium,pending,CN,2023-11-24 00:00:00,CUSTOMER_ONBOARDING_SVC
CUST000457,Isha Chen,2001-06-28,ae610473bd2a,,verified,US,2023-02-28 00:00:00,CUSTOMER_ONBOARDING_SVC
CUST000458,Mei Smith,2004-03-19,94a8391c9073,low,verified,CN,2020-12-12 00:00:00,CUSTOMER_ONBOARDING_SVC
CUST000459,Pooja Davis,1987-10-02,7e7ee501f35b,low,pending,SG,2022-06-29 00:00:00,CUSTOMER_ONBOARDING_SVC
CUST000460,Karan Ivanov,1976-02-26,a3ff30ddaaa1,medium,pending,GB,2024-03-24 00:00:00,CUSTOMER_ONBOARDING_SVC
CUST000461,Aarav Reddy,1999-10-27,1bef281a125b,high,expired,DE,2019-07-05 00:00:00,CUSTOMER_ONBOARDING_SVC
CUST000462,Elena Patel,1963-11-18,743efd2f3bc4,low,verified,DE,2025-09-29 00:00:00,CUSTOMER_ONBOARDING_SVC
CUST000463,Ava Smith,1987-04-29,af48added95f,medium,verified,SG,2024-04-14 00:00:00,CUSTOMER_ONBOARDING_SVC
CUST000464,Chen Nair,2003-04-22,28714f91a239,low,verified,RU,2019-12-16 00:00:00,CUSTOMER_ONBOARDING_SVC
CUST000465,Ananya Miller,1980-09-14,b90f7cb3d1b3,high,verified,RU,2023-03-15 00:00:00,CUSTOMER_ONBOARDING_SVC
CUST000466,Mei Martinez,1961-05-26,3ca011771885,low,verified,DE,2018-11-21 00:00:00,CUSTOMER_ONBOARDING_SVC
CUST000467,Mia Smith,1987-08-01,47092a950ee3,medium,expired,CA,2026-05-22 00:00:00,CUSTOMER_ONBOARDING_SVC
CUST000468,Riya Khan,1962-03-08,2fab77d0c1b7,low,pending,GB,2020-05-12 00:00:00,CUSTOMER_ONBOARDING_SVC
CUST000469,Priya Miller,1962-06-20,3bd93c618347,low,expired,NG,2019-03-02 00:00:00,CUSTOMER_ONBOARDING_SVC
CUST000470,Riya Ivanov,1994-10-04,006f8e77dda7,low,verified,GB,2025-01-10 00:00:00,CUSTOMER_ONBOARDING_SVC
CUST000471,Noah Tanaka,2003-07-01,4b2b8b289d4f,medium,pending,CA,2021-01-20 00:00:00,CUSTOMER_ONBOARDING_SVC
CUST000472,Lucia Al-Sayed,2005-08-06,557c3cd9843c,medium,expired,AU,2022-11-17 00:00:00,CUSTOMER_ONBOARDING_SVC
CUST000473,Diego Johnson,1991-12-25,44b7de23cf8c,,verified,SG,2020-11-30 00:00:00,CUSTOMER_ONBOARDING_SVC
CUST000474,Liam Tanaka,1955-09-30,aaef02abb0be,medium,pending,NG,2025-09-18 00:00:00,CUSTOMER_ONBOARDING_SVC
CUST000475,Aarav Anderson,1971-12-02,2cfa17c15b99,medium,pending,SG,2022-08-14 00:00:00,CUSTOMER_ONBOARDING_SVC
CUST000476,Lucas Mehta,1962-02-08,e84806c3c3e0,high,verified,GB,2022-09-26 00:00:00,CUSTOMER_ONBOARDING_SVC
CUST000477,Emma Johnson,2002-09-21,79bfc39bab43,medium,verified,AU,2021-01-06 00:00:00,CUSTOMER_ONBOARDING_SVC
CUST000478,Mei Chen,1999-02-20,3fe6f93df659,low,verified,GB,2020-02-09 00:00:00,CUSTOMER_ONBOARDING_SVC
CUST000479,Liam Smith,1994-05-02,c7cf048de4f9,low,,CN,2026-02-26 00:00:00,CUSTOMER_ONBOARDING_SVC
CUST000480,Yuki Garcia,1957-11-05,464df0cae681,low,verified,CA,2021-09-14 00:00:00,CUSTOMER_ONBOARDING_SVC
CUST000481,Aditya Smith,1956-02-18,3dd3bdf94219,high,verified,DE,2019-05-15 00:00:00,CUSTOMER_ONBOARDING_SVC
CUST000482,Aditya Chen,2001-10-02,bd3cf88263fc,low,pending,US,2025-06-20 00:00:00,CUSTOMER_ONBOARDING_SVC
CUST000483,Rahul Ivanov,2001-09-25,a6e5bccc6e4a,low,pending,NG,2019-05-16 00:00:00,CUSTOMER_ONBOARDING_SVC
CUST000484,Pooja Kumar,1993-12-13,b15e42b95231,low,verified,AE,2021-08-22 00:00:00,CUSTOMER_ONBOARDING_SVC
CUST000485,Rahul Martinez,1968-11-26,4e1c6f428de4,low,verified,CA,2022-03-02 00:00:00,CUSTOMER_ONBOARDING_SVC
CUST000486,Sneha Patel,1968-10-22,fd81876501ab,medium,verified,SG,2025-11-12 00:00:00,CUSTOMER_ONBOARDING_SVC
CUST000487,Ethan Chen,1956-11-30,d99d0f1c8a37,medium,verified,AE,2025-09-24 00:00:00,CUSTOMER_ONBOARDING_SVC
CUST000488,Hassan Johnson,1998-12-20,0243a3752da6,medium,verified,NG,2020-02-17 00:00:00,CUSTOMER_ONBOARDING_SVC
CUST000489,Chen Anderson,1961-03-06,2a147b6093c8,low,pending,CN,2023-12-16 00:00:00,CUSTOMER_ONBOARDING_SVC
CUST000489,Chen Anderson,1961-03-06,2a147b6093c8,low,pending,CN,2023-12-16 01:22:00,CUSTOMER_ONBOARDING_SVC
CUST000490,Fatima Miller,1956-09-05,a8fe64c1735e,low,expired,CN,2024-12-13 00:00:00,CUSTOMER_ONBOARDING_SVC
CUST000491,Lucas Nair,1999-08-21,d8fd3796226e,low,expired,NG,2024-03-08 00:00:00,CUSTOMER_ONBOARDING_SVC
CUST000492,Vikram Patel,1971-01-10,d3313c932e55,low,verified,CN,2018-05-09 00:00:00,CUSTOMER_ONBOARDING_SVC
CUST000493,Yuki Wilson,1977-12-17,0050555a1931,low,verified,RU,2018-07-21 00:00:00,CUSTOMER_ONBOARDING_SVC
CUST000494,Yuki Singh,1960-06-12,df2043b26901,medium,pending,CA,2022-01-18 00:00:00,CUSTOMER_ONBOARDING_SVC
CUST000495,Omar Patel,1982-04-07,7d0084468496,low,expired,US,2018-11-16 00:00:00,CUSTOMER_ONBOARDING_SVC
CUST000496,Omar Khan,1971-01-19,974536529664,high,expired,AE,2024-04-06 00:00:00,CUSTOMER_ONBOARDING_SVC
CUST000497,Lucia Zhang,1993-04-25,7b0f6fc8b0ef,low,verified,AU,2019-03-03 00:00:00,CUSTOMER_ONBOARDING_SVC
CUST000498,Chen Chen,1983-04-10,1954b0b70a4c,low,verified,SG,2024-03-03 00:00:00,CUSTOMER_ONBOARDING_SVC
CUST000499,Riya Martinez,1974-03-11,becd52780aac,medium,verified,NG,2022-03-17 00:00:00,CUSTOMER_ONBOARDING_SVC
CUST000499,Riya Martinez,1974-03-11,becd52780aac,medium,verified,NG,2022-03-17 00:05:00,CUSTOMER_ONBOARDING_SVC
CUST000500,Liam Lopez,2001-06-09,188beb30bbf0,low,verified,IN,2019-07-08 00:00:00,CUSTOMER_ONBOARDING_SVC
CUST000501,Emma Anderson,2004-11-28,cc3ed72dfd51,medium,verified,NG,2024-05-26 00:00:00,CUSTOMER_ONBOARDING_SVC
CUST000502,Ivan Mehta,1977-12-27,40960a5e5eff,low,expired,AE,2021-05-15 00:00:00,CUSTOMER_ONBOARDING_SVC
CUST000503,Wei Reddy,1963-07-22,07124043e082,high,verified,CA,2024-09-04 00:00:00,CUSTOMER_ONBOARDING_SVC
CUST000504,Ava Garcia,1992-05-14,d9e8e729ecf7,low,expired,DE,2019-05-09 00:00:00,CUSTOMER_ONBOARDING_SVC
CUST000505,Omar Patel,2003-06-10,dd1f105f55a6,low,verified,SG,2024-05-02 00:00:00,CUSTOMER_ONBOARDING_SVC
CUST000506,Mia Chen,2000-04-12,3af9cef9a50a,low,pending,RU,2019-01-04 00:00:00,CUSTOMER_ONBOARDING_SVC
CUST000507,Elena Ivanov,2004-03-05,b92523c0699f,low,verified,IN,2022-06-24 00:00:00,CUSTOMER_ONBOARDING_SVC
CUST000508,Wei Anderson,1998-10-08,eb77362aa91b,high,expired,AE,2022-06-08 00:00:00,CUSTOMER_ONBOARDING_SVC
CUST000509,Vikram Smith,1984-01-06,a8542ac52877,medium,verified,DE,2025-09-05 00:00:00,CUSTOMER_ONBOARDING_SVC
CUST000510,Ethan Lopez,1957-03-04,c3f3306907b5,low,verified,AU,2021-06-02 00:00:00,CUSTOMER_ONBOARDING_SVC
CUST000511,Rahul Mehta,1988-07-15,d1380c28e922,high,verified,AE,2019-10-01 00:00:00,CUSTOMER_ONBOARDING_SVC
CUST000512,Liam Sharma,1964-12-25,b145a4d29607,,pending,SG,2021-06-03 00:00:00,CUSTOMER_ONBOARDING_SVC
CUST000513,Omar Smith,1998-05-02,b1f9e64af680,high,verified,NG,2024-12-26 00:00:00,CUSTOMER_ONBOARDING_SVC
CUST000514,Omar Patel,1970-04-13,397a414997ba,low,verified,GB,2018-09-04 00:00:00,CUSTOMER_ONBOARDING_SVC
CUST000515,Aarav Singh,1979-05-05,fc8c3a5f3b96,high,,DE,2025-06-08 00:00:00,CUSTOMER_ONBOARDING_SVC
CUST000516,Nikhil Miller,1963-12-08,789d2f5cfa03,medium,expired,NG,2021-07-16 00:00:00,CUSTOMER_ONBOARDING_SVC
CUST000517,Priya Patel,2002-06-30,4c0b0a315103,low,pending,AE,2021-06-02 00:00:00,CUSTOMER_ONBOARDING_SVC
CUST000518,Olivia Mehta,1979-10-01,87640c981bdd,high,verified,NG,2018-09-11 00:00:00,CUSTOMER_ONBOARDING_SVC
CUST000519,Hassan Smith,1968-08-11,71b17d5e0c9b,medium,verified,AE,2021-10-31 00:00:00,CUSTOMER_ONBOARDING_SVC
CUST000520,Nikhil Davis,1968-09-14,23a8e0445db8,low,expired,AE,2022-10-13 00:00:00,CUSTOMER_ONBOARDING_SVC
CUST000521,Layla Khan,1967-05-23,88f455b2d22b,high,expired,AE,2021-06-19 00:00:00,CUSTOMER_ONBOARDING_SVC
CUST000522,Elena Reddy,1961-01-31,014d951fdfa6,medium,verified,SG,2024-04-01 00:00:00,CUSTOMER_ONBOARDING_SVC
CUST000523,Noah Davis,1982-03-20,46296cdd6e05,high,verified,DE,2022-12-20 00:00:00,CUSTOMER_ONBOARDING_SVC
CUST000524,Mei Lopez,2005-11-14,7ecf8085e709,low,expired,GB,2024-11-13 00:00:00,CUSTOMER_ONBOARDING_SVC
CUST000525,Wei Gupta,1997-01-20,cfa8ad37c7e3,high,verified,NG,2025-12-26 00:00:00,CUSTOMER_ONBOARDING_SVC
CUST000526,Nikhil Patel,1956-05-06,ab7d71aa0679,medium,verified,DE,2021-01-10 00:00:00,CUSTOMER_ONBOARDING_SVC
CUST000527,Diego Lopez,1984-02-24,41d89cad7ee6,low,pending,CA,2023-02-18 00:00:00,CUSTOMER_ONBOARDING_SVC
CUST000528,Noah Miller,2003-02-06,53427cfcb5eb,high,verified,RU,2023-11-22 00:00:00,CUSTOMER_ONBOARDING_SVC
CUST000529,Riya Wilson,1990-06-29,136836fd34ae,low,expired,NG,2026-03-31 00:00:00,CUSTOMER_ONBOARDING_SVC
CUST000530,Diego Miller,1980-08-25,b8a38234d562,low,pending,GB,2023-03-05 00:00:00,CUSTOMER_ONBOARDING_SVC
CUST000531,Lucia Al-Sayed,1963-02-11,5e1ea0872e25,medium,verified,CA,2026-02-07 00:00:00,CUSTOMER_ONBOARDING_SVC
CUST000532,Mia Davis,1995-06-14,ad8a68aa0407,low,pending,SG,2018-04-13 00:00:00,CUSTOMER_ONBOARDING_SVC
CUST000533,James Brown,1969-09-17,c0556ada5594,high,verified,AU,2026-01-21 00:00:00,CUSTOMER_ONBOARDING_SVC
CUST000534,Lucas Ivanov,1969-05-06,8e3cd1f5c951,medium,pending,NG,2022-04-01 00:00:00,CUSTOMER_ONBOARDING_SVC
CUST000535,Meera Reddy,1971-01-18,b3512459db79,low,pending,CN,2025-12-26 00:00:00,CUSTOMER_ONBOARDING_SVC
CUST000536,Isha Kumar,1973-03-14,16fd39d3b8c1,,verified,CN,2018-01-15 00:00:00,CUSTOMER_ONBOARDING_SVC
CUST000537,Chen Tanaka,1974-06-16,7b4027461fc2,high,pending,AE,2024-08-08 00:00:00,CUSTOMER_ONBOARDING_SVC
CUST000537,Chen Tanaka,1974-06-16,7b4027461fc2,high,pending,AE,2024-08-08 01:11:00,CUSTOMER_ONBOARDING_SVC
CUST000538,Emma Lopez,2005-01-07,6555682cad02,low,verified,AU,2020-04-30 00:00:00,CUSTOMER_ONBOARDING_SVC
CUST000539,Elena Lopez,1984-09-14,0c3e0b1d544f,low,verified,GB,2018-12-26 00:00:00,CUSTOMER_ONBOARDING_SVC
CUST000540,Chen Martinez,1970-12-01,b0e14007ee07,high,expired,NG,2023-02-09 00:00:00,CUSTOMER_ONBOARDING_SVC
CUST000541,Lucas Singh,2004-05-20,0cad993f44d3,low,pending,DE,2018-09-23 00:00:00,CUSTOMER_ONBOARDING_SVC
CUST000542,Omar Nair,1960-03-21,ac6a1a91554b,medium,expired,AE,2019-03-24 00:00:00,CUSTOMER_ONBOARDING_SVC
CUST000543,Liam Davis,1983-05-24,80385e472f06,medium,expired,RU,2020-11-29 00:00:00,CUSTOMER_ONBOARDING_SVC
CUST000544,Omar Ivanov,1999-08-27,6c825e11d41b,low,expired,AU,2023-07-11 00:00:00,CUSTOMER_ONBOARDING_SVC
CUST000545,Lucia Al-Sayed,1973-08-07,7a9545fcca73,medium,pending,US,2024-11-25 00:00:00,CUSTOMER_ONBOARDING_SVC
CUST000546,Aditya Zhang,1977-10-28,b7805c953834,low,verified,,2018-10-05 00:00:00,CUSTOMER_ONBOARDING_SVC
CUST000547,Ava Miller,1957-08-12,ba179400b16d,low,verified,RU,2019-12-21 00:00:00,CUSTOMER_ONBOARDING_SVC
CUST000548,Rahul Al-Sayed,1998-03-13,8704a3ecff36,high,pending,CN,2019-09-29 00:00:00,CUSTOMER_ONBOARDING_SVC
CUST000549,Mason Ivanov,2001-09-30,bb6540ee69a7,medium,,IN,2021-05-11 00:00:00,CUSTOMER_ONBOARDING_SVC
CUST000550,Ethan Singh,1980-02-29,f953e24cdf8c,low,pending,CN,2018-05-08 00:00:00,CUSTOMER_ONBOARDING_SVC
CUST000551,Chen Kumar,1983-03-20,4aaa55ecc4d3,low,verified,GB,2025-12-17 00:00:00,CUSTOMER_ONBOARDING_SVC
CUST000552,Olivia Nair,1982-02-14,30361cbef1ef,low,verified,NG,2019-12-18 00:00:00,CUSTOMER_ONBOARDING_SVC
CUST000553,Priya Tanaka,1968-10-27,e77300976d0f,low,pending,NG,2020-02-19 00:00:00,CUSTOMER_ONBOARDING_SVC
CUST000554,Karan Wilson,1966-11-27,3ca507703291,high,verified,AU,2020-04-20 00:00:00,CUSTOMER_ONBOARDING_SVC
CUST000554,Karan Wilson,1966-11-27,3ca507703291,high,verified,AU,2020-04-20 00:06:00,CUSTOMER_ONBOARDING_SVC
CUST000555,Chen Singh,1996-11-19,35e461b75e1e,low,expired,SG,2018-07-08 00:00:00,CUSTOMER_ONBOARDING_SVC
CUST000556,Pooja Brown,1972-04-10,39b0ec0aa38f,low,expired,AE,2021-03-19 00:00:00,CUSTOMER_ONBOARDING_SVC
CUST000557,Emma Kumar,2005-03-16,4093ef1a5888,low,verified,IN,2023-10-07 00:00:00,CUSTOMER_ONBOARDING_SVC
CUST000558,Liam Martinez,1970-05-14,b63570adb3fd,low,expired,AE,2018-10-19 00:00:00,CUSTOMER_ONBOARDING_SVC
CUST000559,Sneha Kumar,1959-10-29,9f6f351db220,medium,pending,DE,2018-12-19 00:00:00,CUSTOMER_ONBOARDING_SVC
CUST000560,Diego Lopez,1983-01-12,7b13737a4a54,low,expired,SG,2021-09-23 00:00:00,CUSTOMER_ONBOARDING_SVC
CUST000561,Ananya Zhang,1963-09-23,80b8da97b341,low,pending,CA,2023-02-10 00:00:00,CUSTOMER_ONBOARDING_SVC
CUST000562,James Garcia,1971-06-14,531f20f279da,high,verified,DE,2025-11-05 00:00:00,CUSTOMER_ONBOARDING_SVC
CUST000563,Wei Kumar,1997-12-10,6b8fcc7cbd42,low,verified,SG,2023-03-05 00:00:00,CUSTOMER_ONBOARDING_SVC
CUST000564,Karan Brown,1961-05-13,475c36b65b5b,medium,pending,NG,2021-05-22 00:00:00,CUSTOMER_ONBOARDING_SVC
CUST000565,Wei Miller,1985-07-26,f8833649aabc,high,expired,US,2020-05-02 00:00:00,CUSTOMER_ONBOARDING_SVC
CUST000566,Riya Reddy,1961-12-27,d1196cdedcde,high,expired,AU,2026-04-17 00:00:00,CUSTOMER_ONBOARDING_SVC
CUST000567,Karan Chen,1982-08-20,994825b4f17c,low,expired,CN,2022-07-21 00:00:00,CUSTOMER_ONBOARDING_SVC
CUST000568,Yuki Al-Sayed,1960-07-07,b7705925d4de,low,verified,AU,2019-01-06 00:00:00,CUSTOMER_ONBOARDING_SVC
CUST000568,Yuki Al-Sayed,1960-07-07,b7705925d4de,low,verified,AU,2019-01-06 00:19:00,CUSTOMER_ONBOARDING_SVC
CUST000569,Meera Chen,1981-02-24,1232290b2b1b,medium,expired,NG,2022-05-17 00:00:00,CUSTOMER_ONBOARDING_SVC
CUST000570,Olivia Davis,1963-01-04,5cbdae8b9a58,low,expired,SG,2024-07-14 00:00:00,CUSTOMER_ONBOARDING_SVC
CUST000571,Sophia Anderson,1955-01-28,b0db0c5bbd82,medium,verified,IN,2025-11-20 00:00:00,CUSTOMER_ONBOARDING_SVC
CUST000572,Ivan Miller,1983-07-17,73aef354f4ad,medium,pending,AU,2025-12-25 00:00:00,CUSTOMER_ONBOARDING_SVC
CUST000573,Aditya Anderson,1987-04-28,ae881c26017c,low,verified,DE,2022-09-05 00:00:00,CUSTOMER_ONBOARDING_SVC
CUST000574,Priya Gupta,1994-03-07,8e5f935a6f73,low,verified,CA,2019-07-11 00:00:00,CUSTOMER_ONBOARDING_SVC
CUST000575,Chen Davis,1971-02-17,5fff666e093d,medium,pending,RU,2023-02-05 00:00:00,CUSTOMER_ONBOARDING_SVC
CUST000576,Chen Sharma,1999-09-10,9476bca5b347,low,expired,RU,2026-03-13 00:00:00,CUSTOMER_ONBOARDING_SVC
CUST000577,Rahul Martinez,1988-01-25,8ab0df369d18,medium,pending,CA,2019-04-09 00:00:00,CUSTOMER_ONBOARDING_SVC
CUST000578,Emma Chen,1962-01-07,320937ce5e2e,medium,verified,NG,2023-11-14 00:00:00,CUSTOMER_ONBOARDING_SVC
CUST000579,Layla Martinez,1959-09-26,6a0dd5b9f645,medium,verified,GB,2021-11-08 00:00:00,CUSTOMER_ONBOARDING_SVC
CUST000580,Mason Garcia,1980-12-11,19fef6ae605b,low,expired,GB,2019-11-18 00:00:00,CUSTOMER_ONBOARDING_SVC
CUST000581,Wei Martinez,1959-08-19,4394a11f6670,,expired,CN,2025-05-12 00:00:00,CUSTOMER_ONBOARDING_SVC
CUST000582,Emma Smith,1980-03-16,03d6054f0037,low,verified,CN,2021-02-01 00:00:00,CUSTOMER_ONBOARDING_SVC
CUST000583,Diego Garcia,1978-06-09,f1a7fc60fa7c,low,pending,CN,2025-11-10 00:00:00,CUSTOMER_ONBOARDING_SVC
CUST000584,Meera Lopez,1999-06-30,1c182516eaca,medium,pending,CN,2026-06-11 00:00:00,CUSTOMER_ONBOARDING_SVC
CUST000585,Ethan Patel,1978-09-20,b49b513410ce,low,verified,AU,2026-06-22 00:00:00,CUSTOMER_ONBOARDING_SVC
CUST000586,Layla Mehta,1989-12-29,72d53922e7db,low,verified,DE,2023-04-28 00:00:00,CUSTOMER_ONBOARDING_SVC
CUST000587,Lucas Khan,2002-07-28,46ce560ad9a8,low,verified,SG,2025-08-29 00:00:00,CUSTOMER_ONBOARDING_SVC
CUST000588,Emma Brown,1978-12-17,2b46300d360c,low,expired,GB,2019-02-07 00:00:00,CUSTOMER_ONBOARDING_SVC
CUST000589,Ivan Nair,1985-04-09,97b1771c0a07,high,,,2025-08-07 00:00:00,CUSTOMER_ONBOARDING_SVC
CUST000590,Mason Kumar,1964-04-27,2da75ae3d2c4,medium,verified,NG,2025-09-08 00:00:00,CUSTOMER_ONBOARDING_SVC
CUST000591,Ananya Patel,1974-06-14,4688801fbd15,high,verified,RU,2024-09-21 00:00:00,CUSTOMER_ONBOARDING_SVC
CUST000592,Elena Reddy,1971-07-13,2d3cafaf2d8e,low,pending,US,2020-11-03 00:00:00,CUSTOMER_ONBOARDING_SVC
CUST000593,Amelia Zhang,1984-01-06,990447be7835,low,verified,AU,2020-11-20 00:00:00,CUSTOMER_ONBOARDING_SVC
CUST000594,James Smith,1994-07-11,aa4b0e738a99,medium,verified,CN,2018-10-12 00:00:00,CUSTOMER_ONBOARDING_SVC
CUST000595,Amelia Nair,1964-07-13,c1eb561af843,high,verified,RU,2022-12-14 00:00:00,CUSTOMER_ONBOARDING_SVC
CUST000596,Diego Sharma,1968-05-09,dd4312875df3,high,verified,CA,2025-04-28 00:00:00,CUSTOMER_ONBOARDING_SVC
CUST000597,Mia Martinez,2001-03-28,364ffbfad52f,medium,pending,IN,2025-12-08 00:00:00,CUSTOMER_ONBOARDING_SVC
CUST000598,Layla Mehta,1989-06-27,390f4de83071,medium,verified,IN,2025-09-24 00:00:00,CUSTOMER_ONBOARDING_SVC
CUST000599,Mia Patel,1963-02-18,08a1f9830273,medium,verified,AU,2022-02-05 00:00:00,CUSTOMER_ONBOARDING_SVC
CUST000600,Isha Anderson,1989-06-19,a926be667e86,low,verified,IN,2025-05-30 00:00:00,CUSTOMER_ONBOARDING_SVC
CUST000601,Ananya Al-Sayed,1971-12-31,2ef30209f9d3,,verified,CA,2019-07-28 00:00:00,CUSTOMER_ONBOARDING_SVC
CUST000602,Layla Al-Sayed,1999-10-30,c5b0fbbdfc6b,medium,verified,GB,2023-12-28 00:00:00,CUSTOMER_ONBOARDING_SVC
CUST000603,Divya Nair,2001-12-06,aa951027e5a0,high,expired,AU,2023-02-21 00:00:00,CUSTOMER_ONBOARDING_SVC
CUST000604,Meera Tanaka,1956-09-16,5d6e89170609,medium,verified,AU,2023-04-15 00:00:00,CUSTOMER_ONBOARDING_SVC
CUST000605,Olivia Kumar,1970-04-25,321ffce8da4f,low,verified,CA,2024-08-17 00:00:00,CUSTOMER_ONBOARDING_SVC
CUST000606,Aditya Davis,1991-01-25,35eaab76dd75,low,expired,SG,2021-08-21 00:00:00,CUSTOMER_ONBOARDING_SVC
CUST000607,Rahul Martinez,1985-02-05,31185ea0374a,low,verified,CN,2018-09-16 00:00:00,CUSTOMER_ONBOARDING_SVC
CUST000608,Diego Mehta,1958-08-26,8d0e90d77c13,low,expired,RU,2019-07-01 00:00:00,CUSTOMER_ONBOARDING_SVC
CUST000609,Aarav Reddy,1980-06-15,bcd67e1fadde,high,pending,US,2022-09-01 00:00:00,CUSTOMER_ONBOARDING_SVC
CUST000610,Mason Mehta,1958-05-17,0ff8ba6d780f,low,pending,CN,2024-09-08 00:00:00,CUSTOMER_ONBOARDING_SVC
CUST000611,Mason Sharma,1976-02-21,1cab01b276c3,low,expired,NG,2020-02-26 00:00:00,CUSTOMER_ONBOARDING_SVC
CUST000612,Fatima Mehta,1973-09-02,945902a97e75,low,verified,CA,2021-02-06 00:00:00,CUSTOMER_ONBOARDING_SVC
CUST000613,Yuki Reddy,1958-11-13,f19010d4f17f,high,verified,CN,2018-08-10 00:00:00,CUSTOMER_ONBOARDING_SVC
CUST000614,Lucia Patel,1959-09-15,b6cd6eb3ac62,low,verified,US,2024-01-11 00:00:00,CUSTOMER_ONBOARDING_SVC
CUST000615,Diego Martinez,1984-03-30,7f839a1aaa57,low,verified,RU,2022-09-13 00:00:00,CUSTOMER_ONBOARDING_SVC
CUST000616,Mason Nair,1974-10-18,25f5156ec8fb,medium,expired,DE,2018-10-29 00:00:00,CUSTOMER_ONBOARDING_SVC
CUST000617,Lucia Reddy,1988-07-04,6880472943ee,medium,verified,DE,2019-07-13 00:00:00,CUSTOMER_ONBOARDING_SVC
CUST000618,Elena Patel,1967-03-31,023b5f6abce5,medium,pending,GB,2019-04-01 00:00:00,CUSTOMER_ONBOARDING_SVC
CUST000619,Rohan Al-Sayed,1970-03-31,2ae4ce3def60,medium,verified,RU,2024-06-25 00:00:00,CUSTOMER_ONBOARDING_SVC
CUST000620,Ivan Tanaka,1980-01-17,9fb4b9182aa0,high,pending,CA,2018-03-01 00:00:00,CUSTOMER_ONBOARDING_SVC
CUST000621,Ivan Gupta,1955-06-16,4f22e8f09585,low,verified,RU,2022-09-08 00:00:00,CUSTOMER_ONBOARDING_SVC
CUST000622,Mia Tanaka,1995-08-04,1b1232cb43c6,low,,US,2023-07-22 00:00:00,CUSTOMER_ONBOARDING_SVC
CUST000623,Arjun Garcia,1976-06-12,b087dca2d57b,low,verified,GB,2025-04-06 00:00:00,CUSTOMER_ONBOARDING_SVC
CUST000624,Ivan Sharma,1996-08-09,1c44d7769f59,high,pending,CA,2019-07-22 00:00:00,CUSTOMER_ONBOARDING_SVC
CUST000625,Aarav Al-Sayed,1989-07-12,477d225d8acd,low,expired,US,2025-09-30 00:00:00,CUSTOMER_ONBOARDING_SVC
CUST000626,Layla Martinez,1962-04-06,5a6ce06826f1,low,verified,AE,2024-12-16 00:00:00,CUSTOMER_ONBOARDING_SVC
CUST000627,Lucas Garcia,1958-09-01,f6a16f6b300d,low,verified,CA,2022-02-06 00:00:00,CUSTOMER_ONBOARDING_SVC
CUST000628,Arjun Brown,2003-05-31,80e60592a4ad,high,pending,AE,2019-04-11 00:00:00,CUSTOMER_ONBOARDING_SVC
CUST000629,Nikhil Brown,1978-12-26,5fc650e22095,high,pending,SG,2023-08-25 00:00:00,CUSTOMER_ONBOARDING_SVC
CUST000630,Omar Kumar,2002-09-20,5e9fab91b87a,medium,verified,CA,2025-08-10 00:00:00,CUSTOMER_ONBOARDING_SVC
CUST000631,Vikram Nair,1962-10-31,0bb73ecb2a00,medium,verified,CA,2018-11-25 00:00:00,CUSTOMER_ONBOARDING_SVC
CUST000632,Meera Tanaka,1973-04-29,cf7e48abd4b6,high,verified,CN,2023-11-03 00:00:00,CUSTOMER_ONBOARDING_SVC
CUST000633,Ethan Davis,1956-12-04,2d6928532251,,verified,CA,2021-04-09 00:00:00,CUSTOMER_ONBOARDING_SVC
CUST000634,Ava Davis,1985-10-02,2de6df7d285b,high,verified,RU,2025-05-09 00:00:00,CUSTOMER_ONBOARDING_SVC
CUST000635,Lucia Johnson,1966-11-02,33d7419311e1,low,verified,RU,2021-06-09 00:00:00,CUSTOMER_ONBOARDING_SVC
CUST000636,Meera Garcia,1995-11-26,609734ef3168,medium,verified,GB,2019-11-13 00:00:00,CUSTOMER_ONBOARDING_SVC
CUST000637,Meera Reddy,1965-06-28,dc5b41ce0291,low,expired,AE,2018-06-18 00:00:00,CUSTOMER_ONBOARDING_SVC
CUST000638,Rahul Khan,1985-11-06,62806f197881,low,pending,SG,2019-08-29 00:00:00,CUSTOMER_ONBOARDING_SVC
CUST000639,Mia Tanaka,1996-02-04,30afd78cddef,low,verified,CN,2021-08-04 00:00:00,CUSTOMER_ONBOARDING_SVC
CUST000640,Liam Tanaka,1968-03-12,74a4f4b047fe,high,pending,GB,2024-05-04 00:00:00,CUSTOMER_ONBOARDING_SVC
CUST000641,Hassan Kumar,1957-03-23,8482c0cd108e,medium,verified,GB,2022-07-04 00:00:00,CUSTOMER_ONBOARDING_SVC
CUST000642,Ivan Wilson,1979-12-08,b01894ddbe60,low,verified,AE,2020-03-12 00:00:00,CUSTOMER_ONBOARDING_SVC
CUST000643,Fatima Miller,1999-01-01,3d14c63c2232,medium,expired,AE,2021-07-25 00:00:00,CUSTOMER_ONBOARDING_SVC
CUST000644,Amelia Garcia,1988-06-12,c252008be10d,low,verified,DE,2018-02-19 00:00:00,CUSTOMER_ONBOARDING_SVC
CUST000645,Diego Ivanov,1994-09-12,602e2859dd58,low,pending,DE,2021-03-28 00:00:00,CUSTOMER_ONBOARDING_SVC
CUST000646,Meera Nair,1997-07-31,d8b40d5e8b0b,low,verified,GB,2023-11-22 00:00:00,CUSTOMER_ONBOARDING_SVC
CUST000646,Meera Nair,1997-07-31,d8b40d5e8b0b,low,verified,GB,2023-11-22 01:22:00,CUSTOMER_ONBOARDING_SVC
CUST000647,Emma Davis,2004-11-11,14925c7d0a7e,high,expired,CN,2023-03-08 00:00:00,CUSTOMER_ONBOARDING_SVC
CUST000648,Hassan Tanaka,1982-02-03,fbebdb392b28,low,pending,IN,2024-07-25 00:00:00,CUSTOMER_ONBOARDING_SVC
CUST000648,Hassan Tanaka,1982-02-03,fbebdb392b28,low,pending,IN,2024-07-25 00:34:00,CUSTOMER_ONBOARDING_SVC
CUST000649,Olivia Al-Sayed,1997-05-24,1ab20b45b082,high,verified,AU,2019-05-24 00:00:00,CUSTOMER_ONBOARDING_SVC
CUST000650,Divya Smith,1960-12-26,ed4131af8c40,high,verified,CA,2024-09-19 00:00:00,CUSTOMER_ONBOARDING_SVC
CUST000651,Wei Zhang,1988-06-25,527fbb47ccb7,,expired,US,2023-10-01 00:00:00,CUSTOMER_ONBOARDING_SVC
CUST000652,Lucia Zhang,1987-01-23,aaea42380ad8,low,verified,CN,2019-10-31 00:00:00,CUSTOMER_ONBOARDING_SVC
CUST000653,Liam Wilson,1961-11-22,6de723d2d12d,low,verified,AU,2023-10-06 00:00:00,CUSTOMER_ONBOARDING_SVC
CUST000654,Noah Khan,1979-05-10,0fb0daf5dd2e,high,verified,GB,2025-09-08 00:00:00,CUSTOMER_ONBOARDING_SVC
CUST000655,Omar Johnson,1998-07-03,6d1524dc64b9,low,verified,SG,2022-08-15 00:00:00,CUSTOMER_ONBOARDING_SVC
CUST000656,Hassan Lopez,2002-09-26,de8b0c7835b4,medium,verified,NG,2025-12-28 00:00:00,CUSTOMER_ONBOARDING_SVC
CUST000657,Priya Tanaka,1982-12-14,8a7cd48bd337,low,verified,SG,2025-10-01 00:00:00,CUSTOMER_ONBOARDING_SVC
CUST000658,Ava Reddy,1957-07-31,4cd396998453,low,verified,GB,2026-05-08 00:00:00,CUSTOMER_ONBOARDING_SVC
CUST000659,Pooja Gupta,1993-02-10,c86f72c81fc8,,verified,US,2025-09-30 00:00:00,CUSTOMER_ONBOARDING_SVC
CUST000660,Rahul Khan,1960-04-26,d8498b78521a,low,verified,NG,2023-04-06 00:00:00,CUSTOMER_ONBOARDING_SVC
CUST000661,Divya Lopez,1972-12-11,f92eaf4285f9,,verified,AE,2020-01-27 00:00:00,CUSTOMER_ONBOARDING_SVC
CUST000662,Ivan Garcia,1969-05-28,6561fa58ac7d,high,expired,SG,2023-08-13 00:00:00,CUSTOMER_ONBOARDING_SVC
CUST000663,Aarav Wilson,1972-03-08,78a5f8ae9b0f,,expired,AE,2021-02-28 00:00:00,CUSTOMER_ONBOARDING_SVC
CUST000664,Wei Garcia,1971-08-11,f62fa82e2183,high,verified,RU,2022-12-06 00:00:00,CUSTOMER_ONBOARDING_SVC
CUST000665,Nikhil Davis,1983-03-13,d7b9b9a16fcb,medium,verified,US,2019-05-22 00:00:00,CUSTOMER_ONBOARDING_SVC
CUST000666,Rahul Singh,1999-04-17,ea8b97c6355e,medium,verified,SG,2019-04-19 00:00:00,CUSTOMER_ONBOARDING_SVC
CUST000667,Nikhil Anderson,1981-01-26,68d82df041b5,low,verified,DE,2022-10-19 00:00:00,CUSTOMER_ONBOARDING_SVC
CUST000668,Aarav Khan,1964-06-08,427d19ce1715,medium,expired,CA,2022-06-12 00:00:00,CUSTOMER_ONBOARDING_SVC
CUST000669,Ivan Kumar,1960-10-21,215b8a7ceff7,low,verified,CN,2022-01-29 00:00:00,CUSTOMER_ONBOARDING_SVC
CUST000670,Amelia Ivanov,1979-12-27,5f9b88c981b9,medium,expired,CA,2026-01-01 00:00:00,CUSTOMER_ONBOARDING_SVC
CUST000671,Wei Khan,1991-04-14,4847dd611d20,medium,verified,RU,2023-06-08 00:00:00,CUSTOMER_ONBOARDING_SVC
CUST000672,Nikhil Al-Sayed,1957-08-31,072a1dbf1486,high,verified,CN,2019-02-12 00:00:00,CUSTOMER_ONBOARDING_SVC
CUST000673,Chen Khan,1968-09-13,ef4d822467d0,medium,expired,SG,2021-05-25 00:00:00,CUSTOMER_ONBOARDING_SVC
CUST000674,Lucia Nair,1999-09-02,31ce42773e93,medium,verified,GB,2023-07-02 00:00:00,CUSTOMER_ONBOARDING_SVC
CUST000675,Rahul Davis,1989-06-01,65529e688d40,low,pending,US,2023-01-18 00:00:00,CUSTOMER_ONBOARDING_SVC
CUST000676,Olivia Zhang,1999-02-03,e71d9aefa38f,low,verified,CN,2022-10-31 00:00:00,CUSTOMER_ONBOARDING_SVC
CUST000677,Hassan Khan,1997-02-24,129e9b5cf4da,medium,verified,NG,2023-05-04 00:00:00,CUSTOMER_ONBOARDING_SVC
CUST000678,Mei Khan,1980-07-08,2857a7b39c5b,low,verified,SG,2021-08-05 00:00:00,CUSTOMER_ONBOARDING_SVC
CUST000679,Ivan Sharma,1985-08-13,05b6d7d94637,low,pending,AU,2022-04-08 00:00:00,CUSTOMER_ONBOARDING_SVC
CUST000680,Riya Mehta,1982-12-31,2be7564a64b1,low,verified,AU,2024-08-24 00:00:00,CUSTOMER_ONBOARDING_SVC
CUST000681,Rahul Chen,1992-11-25,f930a435da69,medium,pending,AU,2024-05-15 00:00:00,CUSTOMER_ONBOARDING_SVC
CUST000682,Lucas Martinez,1983-12-05,90fce1894717,low,pending,DE,2024-06-03 00:00:00,CUSTOMER_ONBOARDING_SVC
CUST000683,Ava Reddy,1981-11-14,f0f14643139a,medium,verified,RU,2022-01-28 00:00:00,CUSTOMER_ONBOARDING_SVC
CUST000684,Layla Nair,1978-10-15,16df3a755209,low,expired,GB,2018-07-14 00:00:00,CUSTOMER_ONBOARDING_SVC
CUST000685,Ivan Kumar,1985-03-21,8703ba541610,low,expired,RU,2021-01-24 00:00:00,CUSTOMER_ONBOARDING_SVC
CUST000686,Olivia Wilson,1993-11-02,6857ddc21915,medium,verified,GB,2025-06-10 00:00:00,CUSTOMER_ONBOARDING_SVC
CUST000687,Hassan Reddy,2001-04-24,eda5947fb67b,medium,pending,IN,2020-02-04 00:00:00,CUSTOMER_ONBOARDING_SVC
CUST000688,Layla Lopez,2005-10-15,5eb1c0a6a559,high,verified,DE,2026-02-24 00:00:00,CUSTOMER_ONBOARDING_SVC
CUST000689,Olivia Davis,1983-08-03,48b1e2ce72c1,high,verified,DE,2018-09-21 00:00:00,CUSTOMER_ONBOARDING_SVC
CUST000690,Chen Mehta,1976-05-24,62e52f2e5df5,,verified,DE,2019-04-11 00:00:00,CUSTOMER_ONBOARDING_SVC
CUST000691,Amelia Davis,1958-04-27,990919aa2d6f,low,verified,AU,2020-04-07 00:00:00,CUSTOMER_ONBOARDING_SVC
CUST000692,Isha Al-Sayed,1998-08-03,058f5015b44b,low,verified,IN,2018-03-23 00:00:00,CUSTOMER_ONBOARDING_SVC
CUST000693,Sophia Khan,1963-02-07,dab3c7190d47,high,verified,AU,2022-06-14 00:00:00,CUSTOMER_ONBOARDING_SVC
CUST000694,Ivan Wilson,1999-07-16,51b446e15a57,low,expired,GB,2019-01-05 00:00:00,CUSTOMER_ONBOARDING_SVC
CUST000695,Lucas Ivanov,1992-12-08,c6e196d06752,low,verified,AE,2020-06-11 00:00:00,CUSTOMER_ONBOARDING_SVC
CUST000696,Ivan Patel,2002-11-10,d1d5fb8ab49e,high,verified,CA,2022-03-15 00:00:00,CUSTOMER_ONBOARDING_SVC
CUST000697,Meera Garcia,1987-12-29,b968eae99b6f,low,expired,CA,2021-06-16 00:00:00,CUSTOMER_ONBOARDING_SVC
CUST000698,Riya Smith,1989-07-06,07a7d1d16780,high,verified,NG,2021-06-20 00:00:00,CUSTOMER_ONBOARDING_SVC
CUST000699,Diego Miller,1990-04-04,62196bc64ea3,low,verified,IN,2020-11-12 00:00:00,CUSTOMER_ONBOARDING_SVC
CUST000700,Rohan Chen,1983-06-16,e18230e565e3,medium,verified,AU,2025-03-24 00:00:00,CUSTOMER_ONBOARDING_SVC
CUST000701,Mason Brown,1964-01-03,63e6225c7d72,high,verified,DE,2019-10-19 00:00:00,CUSTOMER_ONBOARDING_SVC
CUST000702,Noah Chen,1959-09-04,01dedf74f230,high,verified,IN,2025-03-12 00:00:00,CUSTOMER_ONBOARDING_SVC
CUST000703,Olivia Brown,1962-05-18,01fab9c9454b,low,verified,RU,2019-03-30 00:00:00,CUSTOMER_ONBOARDING_SVC
CUST000704,Chen Khan,1983-08-28,469cda36ea50,medium,verified,DE,2023-01-24 00:00:00,CUSTOMER_ONBOARDING_SVC
CUST000705,Aditya Singh,1987-12-24,f19414e69b4f,medium,pending,DE,2020-01-16 00:00:00,CUSTOMER_ONBOARDING_SVC
CUST000706,Hassan Al-Sayed,1975-07-09,7b016e547370,medium,verified,RU,2018-12-31 00:00:00,CUSTOMER_ONBOARDING_SVC
CUST000707,Chen Smith,1962-12-28,4267671605b5,low,expired,CN,2022-02-16 00:00:00,CUSTOMER_ONBOARDING_SVC
CUST000708,Lucia Khan,1965-08-19,82c011059366,high,verified,CA,2020-07-08 00:00:00,CUSTOMER_ONBOARDING_SVC
CUST000709,Yuki Miller,1993-09-11,0ff04d2b5489,medium,verified,CN,2020-04-26 00:00:00,CUSTOMER_ONBOARDING_SVC
CUST000710,Mason Gupta,1981-01-13,970368854713,low,expired,IN,2020-12-08 00:00:00,CUSTOMER_ONBOARDING_SVC
CUST000711,Ananya Sharma,1966-12-13,5a9819b02e5b,high,pending,CA,2021-08-17 00:00:00,CUSTOMER_ONBOARDING_SVC
CUST000712,James Singh,2004-12-20,abe564353bfa,low,verified,US,2018-08-29 00:00:00,CUSTOMER_ONBOARDING_SVC
CUST000713,Chen Zhang,1955-06-25,58b2706f3c37,medium,expired,IN,2020-11-04 00:00:00,CUSTOMER_ONBOARDING_SVC
CUST000714,Hassan Patel,1971-02-03,0d0f7e42b796,low,expired,RU,2020-12-02 00:00:00,CUSTOMER_ONBOARDING_SVC
CUST000715,Omar Davis,1978-05-12,53f748fbb9cc,low,verified,CN,2019-04-24 00:00:00,CUSTOMER_ONBOARDING_SVC
CUST000716,Sophia Davis,1978-08-13,57d44bbb0885,low,expired,GB,2024-11-15 00:00:00,CUSTOMER_ONBOARDING_SVC
CUST000717,Meera Anderson,1994-06-22,87c86960deb6,low,verified,AU,2018-08-06 00:00:00,CUSTOMER_ONBOARDING_SVC
CUST000718,Lucia Davis,1999-05-27,4c13e936b23f,medium,verified,US,2018-06-17 00:00:00,CUSTOMER_ONBOARDING_SVC
CUST000719,Meera Kumar,1963-05-25,fa906c209921,low,verified,SG,2020-04-14 00:00:00,CUSTOMER_ONBOARDING_SVC
CUST000720,Ivan Nair,1955-05-16,f740e03a3d55,medium,verified,RU,2023-11-25 00:00:00,CUSTOMER_ONBOARDING_SVC
CUST000721,Ava Sharma,1965-12-11,ffd958519803,low,expired,GB,2022-06-03 00:00:00,CUSTOMER_ONBOARDING_SVC
CUST000722,Lucia Zhang,1998-01-18,62251a24082a,high,,AU,2023-02-03 00:00:00,CUSTOMER_ONBOARDING_SVC
CUST000723,Diego Brown,1966-08-08,efe0b6640470,low,verified,RU,2020-05-15 00:00:00,CUSTOMER_ONBOARDING_SVC
CUST000724,Lucas Singh,1977-11-22,e954f8d7f803,low,pending,DE,2019-12-31 00:00:00,CUSTOMER_ONBOARDING_SVC
CUST000725,Liam Al-Sayed,1968-10-29,39fc05acd708,low,pending,AU,2019-05-09 00:00:00,CUSTOMER_ONBOARDING_SVC
CUST000726,Chen Gupta,1963-08-16,0e465f0b5756,medium,verified,SG,2022-02-14 00:00:00,CUSTOMER_ONBOARDING_SVC
CUST000727,Amelia Singh,1988-01-14,5e46d1e4b8a6,low,pending,DE,2024-11-19 00:00:00,CUSTOMER_ONBOARDING_SVC
CUST000728,Nikhil Al-Sayed,1968-11-29,92721db9d4b4,medium,expired,AU,2023-07-22 00:00:00,CUSTOMER_ONBOARDING_SVC
CUST000729,Olivia Gupta,1981-12-13,d5f362f1e425,medium,pending,CN,2020-10-15 00:00:00,CUSTOMER_ONBOARDING_SVC
CUST000730,Karan Wilson,1992-01-20,c6bec4b0ad5d,medium,expired,DE,2019-01-23 00:00:00,CUSTOMER_ONBOARDING_SVC
CUST000731,Priya Kumar,1996-07-11,7cdd3f9732f9,low,pending,AU,2020-01-06 00:00:00,CUSTOMER_ONBOARDING_SVC
CUST000732,Lucia Khan,1978-10-12,12fbe26f8ce4,low,verified,CA,2021-10-30 00:00:00,CUSTOMER_ONBOARDING_SVC
CUST000733,Karan Davis,1956-08-10,4eb4d8292d9a,,verified,NG,2018-01-24 00:00:00,CUSTOMER_ONBOARDING_SVC
CUST000734,Chen Ivanov,1982-03-02,4adeb78ccf13,medium,verified,CA,2024-12-08 00:00:00,CUSTOMER_ONBOARDING_SVC
CUST000735,Ananya Gupta,1956-03-30,9f0201057745,low,verified,CN,2020-02-21 00:00:00,CUSTOMER_ONBOARDING_SVC
CUST000736,Meera Al-Sayed,1994-02-04,521afd4a312d,medium,verified,AE,2025-01-08 00:00:00,CUSTOMER_ONBOARDING_SVC
CUST000737,Divya Reddy,1994-12-12,605e2f624d38,medium,verified,CN,2023-06-10 00:00:00,CUSTOMER_ONBOARDING_SVC
CUST000738,Mia Patel,1955-09-16,ee20c1a7c771,high,pending,SG,2019-02-25 00:00:00,CUSTOMER_ONBOARDING_SVC
CUST000739,Hassan Johnson,1998-09-26,1e46f5bd111c,medium,expired,IN,2022-06-26 00:00:00,CUSTOMER_ONBOARDING_SVC
CUST000740,Yuki Mehta,2002-05-25,d5043d5e5a0a,medium,expired,IN,2018-03-19 00:00:00,CUSTOMER_ONBOARDING_SVC
CUST000741,Wei Kumar,1986-02-09,ece8b2d424cb,,pending,CA,2023-01-11 00:00:00,CUSTOMER_ONBOARDING_SVC
CUST000742,Nikhil Wilson,1985-06-05,c3b966517f85,high,pending,AE,2024-10-02 00:00:00,CUSTOMER_ONBOARDING_SVC
CUST000743,Sophia Tanaka,1973-08-03,ecfeea650caf,high,verified,CN,2021-03-02 00:00:00,CUSTOMER_ONBOARDING_SVC
CUST000744,Karan Davis,1982-03-30,ee0853f5e4c6,low,,CA,2020-08-19 00:00:00,CUSTOMER_ONBOARDING_SVC
CUST000745,Rohan Reddy,1957-11-13,818a1d7de239,low,pending,NG,2018-09-18 00:00:00,CUSTOMER_ONBOARDING_SVC
CUST000746,Ava Garcia,2004-12-21,057e900f30b5,low,expired,IN,2020-12-31 00:00:00,CUSTOMER_ONBOARDING_SVC
CUST000747,Lucia Kumar,1964-02-21,394ffacdc3fa,low,expired,US,2024-04-22 00:00:00,CUSTOMER_ONBOARDING_SVC
CUST000748,Rohan Ivanov,1994-08-11,a98309124a24,medium,verified,GB,2023-09-04 00:00:00,CUSTOMER_ONBOARDING_SVC
CUST000749,Aditya Chen,1955-08-04,ce41f5f659fc,medium,verified,DE,2020-10-01 00:00:00,CUSTOMER_ONBOARDING_SVC
CUST000750,Mason Garcia,1977-01-07,460dcd029539,medium,pending,AU,2019-09-13 00:00:00,CUSTOMER_ONBOARDING_SVC
CUST000751,Lucia Wilson,1987-06-16,a585bcaf8407,medium,verified,AU,2018-05-02 00:00:00,CUSTOMER_ONBOARDING_SVC
CUST000752,Ava Brown,1969-09-28,9ad2892a32e7,low,pending,DE,2022-11-13 00:00:00,CUSTOMER_ONBOARDING_SVC
CUST000753,Sneha Al-Sayed,2001-08-19,f216d997a318,medium,pending,AU,2021-04-26 00:00:00,CUSTOMER_ONBOARDING_SVC
CUST000754,Noah Garcia,1980-02-06,d36a1c902238,medium,verified,IN,2023-12-02 00:00:00,CUSTOMER_ONBOARDING_SVC
CUST000755,Mei Al-Sayed,1985-12-22,aefd24df68ff,medium,verified,CA,2025-04-11 00:00:00,CUSTOMER_ONBOARDING_SVC
CUST000756,Arjun Wilson,1980-06-21,1d5ea71f2c93,low,expired,NG,2020-05-25 00:00:00,CUSTOMER_ONBOARDING_SVC
CUST000757,Priya Anderson,1978-03-17,d8c606dfc676,low,pending,RU,2020-09-15 00:00:00,CUSTOMER_ONBOARDING_SVC
CUST000758,Fatima Garcia,1959-04-14,b84a32337b9c,high,verified,,2026-06-26 00:00:00,CUSTOMER_ONBOARDING_SVC
CUST000759,Riya Ivanov,2005-09-28,56db003bfea8,high,expired,RU,2026-01-06 00:00:00,CUSTOMER_ONBOARDING_SVC
CUST000760,Elena Khan,1988-11-18,7627da3a4aec,high,verified,CN,2023-10-30 00:00:00,CUSTOMER_ONBOARDING_SVC
CUST000761,Lucia Kumar,1993-03-11,968852bab500,low,verified,CN,2022-08-15 00:00:00,CUSTOMER_ONBOARDING_SVC
CUST000762,Sophia Khan,1991-02-18,d5d680403d0f,medium,expired,NG,2024-08-06 00:00:00,CUSTOMER_ONBOARDING_SVC
CUST000763,Diego Zhang,1992-05-27,8952c637b8ee,low,expired,CA,2019-10-30 00:00:00,CUSTOMER_ONBOARDING_SVC
CUST000764,Omar Kumar,1995-11-10,f6cff6f21034,low,verified,AE,2023-04-23 00:00:00,CUSTOMER_ONBOARDING_SVC
CUST000765,Mason Kumar,1988-02-27,2a3512b855fa,low,verified,US,2024-05-30 00:00:00,CUSTOMER_ONBOARDING_SVC
CUST000766,Liam Tanaka,1967-10-26,c89c6e2a7b23,medium,pending,IN,2019-08-06 00:00:00,CUSTOMER_ONBOARDING_SVC
CUST000767,Yuki Sharma,2004-02-14,4b664cecd345,low,verified,US,2021-11-29 00:00:00,CUSTOMER_ONBOARDING_SVC
CUST000768,Lucas Tanaka,1966-11-30,e88b6fae7e86,medium,pending,RU,2019-07-22 00:00:00,CUSTOMER_ONBOARDING_SVC
CUST000769,Ananya Lopez,1991-10-01,0f479c7f178d,low,pending,AU,2022-05-06 00:00:00,CUSTOMER_ONBOARDING_SVC
CUST000770,Emma Al-Sayed,1969-11-09,6124f8ac0f97,low,expired,US,2025-12-06 00:00:00,CUSTOMER_ONBOARDING_SVC
CUST000771,Hassan Singh,2003-08-11,2c8f98bb1ae4,low,expired,AE,2024-06-20 00:00:00,CUSTOMER_ONBOARDING_SVC
CUST000772,Layla Reddy,1979-09-01,a0605de6a1ce,low,expired,IN,2020-04-22 00:00:00,CUSTOMER_ONBOARDING_SVC
CUST000773,Rahul Tanaka,1985-07-01,de58d5308f57,,pending,IN,2022-11-26 00:00:00,CUSTOMER_ONBOARDING_SVC
CUST000774,Karan Anderson,1980-08-07,e29fe90e7a3a,low,verified,CN,2019-08-13 00:00:00,CUSTOMER_ONBOARDING_SVC
CUST000775,Sneha Lopez,1971-04-13,5de1d2c64971,high,verified,SG,2018-04-22 00:00:00,CUSTOMER_ONBOARDING_SVC
CUST000776,James Miller,1959-08-27,0aae8a86ba1e,low,expired,US,2020-04-09 00:00:00,CUSTOMER_ONBOARDING_SVC
CUST000777,Divya Smith,1983-07-24,1f712566314d,medium,pending,IN,2023-03-19 00:00:00,CUSTOMER_ONBOARDING_SVC
CUST000778,Priya Smith,1964-02-09,07b8db43167b,medium,verified,NG,2020-10-05 00:00:00,CUSTOMER_ONBOARDING_SVC
CUST000779,Pooja Gupta,2003-06-27,8264066c8787,low,expired,SG,2019-11-20 00:00:00,CUSTOMER_ONBOARDING_SVC
CUST000780,Lucia Lopez,1970-01-06,3dea64f6b91d,low,pending,GB,2018-01-03 00:00:00,CUSTOMER_ONBOARDING_SVC
CUST000781,Pooja Martinez,1980-03-28,dd2e2c356cdb,low,expired,NG,2018-07-06 00:00:00,CUSTOMER_ONBOARDING_SVC
CUST000782,Arjun Ivanov,1980-01-27,dabf348b88d4,low,expired,NG,2022-11-05 00:00:00,CUSTOMER_ONBOARDING_SVC
CUST000783,James Zhang,1979-06-30,04339fe0fdb2,high,verified,CA,2020-10-04 00:00:00,CUSTOMER_ONBOARDING_SVC
CUST000784,Arjun Al-Sayed,1997-10-01,b15eac61808a,low,verified,IN,2018-01-18 00:00:00,CUSTOMER_ONBOARDING_SVC
CUST000785,Layla Singh,1961-12-15,e398dedf3d9f,low,pending,AU,2024-01-16 00:00:00,CUSTOMER_ONBOARDING_SVC
CUST000786,Ethan Miller,1955-10-04,765b513c78f1,medium,verified,CN,2019-05-27 00:00:00,CUSTOMER_ONBOARDING_SVC
CUST000787,Emma Khan,1972-03-07,1790b397de4c,medium,verified,SG,2019-01-04 00:00:00,CUSTOMER_ONBOARDING_SVC
CUST000788,Rahul Smith,1973-10-04,a056a85f189d,low,pending,CA,2018-01-30 00:00:00,CUSTOMER_ONBOARDING_SVC
CUST000789,Aditya Khan,2005-09-13,f9da3bf7c25e,low,expired,RU,2019-12-20 00:00:00,CUSTOMER_ONBOARDING_SVC
CUST000790,Nikhil Wilson,1972-03-18,8eb966e60700,low,expired,GB,2025-08-09 00:00:00,CUSTOMER_ONBOARDING_SVC
CUST000790,Nikhil Wilson,1972-03-18,8eb966e60700,low,expired,GB,2025-08-09 00:55:00,CUSTOMER_ONBOARDING_SVC
CUST000791,Sneha Brown,1991-07-03,ca9af3051c49,low,expired,DE,2021-01-27 00:00:00,CUSTOMER_ONBOARDING_SVC
CUST000792,Nikhil Patel,1992-09-07,f1a658f7cd3e,,verified,GB,2023-12-21 00:00:00,CUSTOMER_ONBOARDING_SVC
CUST000793,Priya Ivanov,1993-01-08,41a0cc9c2005,low,verified,AE,2018-11-01 00:00:00,CUSTOMER_ONBOARDING_SVC
CUST000794,Wei Davis,1984-12-28,e419acc5b2c2,low,verified,IN,2020-10-22 00:00:00,CUSTOMER_ONBOARDING_SVC
CUST000795,Omar Mehta,1994-05-05,6d6ba62eab2a,high,pending,US,2019-01-27 00:00:00,CUSTOMER_ONBOARDING_SVC
CUST000796,Noah Zhang,1966-06-11,bd86fc92c63f,medium,verified,US,2018-09-11 00:00:00,CUSTOMER_ONBOARDING_SVC
CUST000797,Hassan Patel,1989-03-22,5d9e264462bb,low,expired,GB,2022-07-04 00:00:00,CUSTOMER_ONBOARDING_SVC
CUST000798,Aarav Chen,1996-08-24,827ed4dc8fc5,medium,expired,DE,2022-10-20 00:00:00,CUSTOMER_ONBOARDING_SVC
CUST000799,Omar Brown,1972-04-08,03dcc48fb5f8,low,verified,RU,2019-03-19 00:00:00,CUSTOMER_ONBOARDING_SVC
CUST000800,Elena Gupta,2000-08-27,549fb15ddfb5,low,pending,AU,2020-11-15 00:00:00,CUSTOMER_ONBOARDING_SVC
CUST000801,Rahul Patel,1982-12-17,76623032aff4,medium,expired,CN,2024-07-22 00:00:00,CUSTOMER_ONBOARDING_SVC
CUST000802,Meera Gupta,1982-09-10,298ef44b1258,low,,CA,2024-10-07 00:00:00,CUSTOMER_ONBOARDING_SVC
CUST000803,Sneha Mehta,2005-03-11,2e4af0a2e4d7,medium,verified,NG,2018-08-12 00:00:00,CUSTOMER_ONBOARDING_SVC
CUST000804,Ava Nair,1997-09-05,54fac32683cb,high,pending,AU,2025-10-16 00:00:00,CUSTOMER_ONBOARDING_SVC
CUST000805,Mei Johnson,1984-06-25,0687cb9b56b6,low,pending,DE,2019-10-27 00:00:00,CUSTOMER_ONBOARDING_SVC
CUST000806,Nikhil Zhang,1996-11-08,42e972727530,low,verified,AE,2024-12-30 00:00:00,CUSTOMER_ONBOARDING_SVC
CUST000807,Lucas Nair,1971-07-13,037ff8c8fdf4,low,verified,DE,2018-01-28 00:00:00,CUSTOMER_ONBOARDING_SVC
CUST000808,Aditya Al-Sayed,1987-04-16,1aeffa8b5721,low,verified,RU,2018-06-29 00:00:00,CUSTOMER_ONBOARDING_SVC
CUST000809,Ava Anderson,1971-01-07,5bb19f46c314,low,verified,AE,2020-03-13 00:00:00,CUSTOMER_ONBOARDING_SVC
CUST000810,Lucas Al-Sayed,1985-05-11,b189094b4995,low,pending,US,2020-05-11 00:00:00,CUSTOMER_ONBOARDING_SVC
CUST000811,Mei Davis,1965-08-18,2fcda6a3807c,low,verified,US,2019-08-15 00:00:00,CUSTOMER_ONBOARDING_SVC
CUST000812,Riya Patel,1971-12-19,50fff352370f,low,verified,RU,2024-01-03 00:00:00,CUSTOMER_ONBOARDING_SVC
CUST000813,Fatima Martinez,1973-10-09,d9b3248ee2dd,low,pending,CA,2026-02-27 00:00:00,CUSTOMER_ONBOARDING_SVC
CUST000814,Fatima Garcia,2001-07-21,b08af1000305,low,verified,CA,2023-03-17 00:00:00,CUSTOMER_ONBOARDING_SVC
CUST000815,Wei Smith,1990-12-21,25ca3aaeb9e4,medium,verified,RU,2025-02-26 00:00:00,CUSTOMER_ONBOARDING_SVC
CUST000816,Pooja Johnson,1988-10-30,93eaa444f992,low,verified,DE,2024-05-29 00:00:00,CUSTOMER_ONBOARDING_SVC
CUST000817,Omar Garcia,1958-09-10,c55138a9dd7b,medium,expired,AE,2023-03-21 00:00:00,CUSTOMER_ONBOARDING_SVC
CUST000818,Yuki Brown,1989-04-21,1d1deec2a101,low,pending,GB,2018-04-12 00:00:00,CUSTOMER_ONBOARDING_SVC
CUST000819,Fatima Wilson,1962-01-05,a5e2b3b896cd,low,verified,NG,2021-02-06 00:00:00,CUSTOMER_ONBOARDING_SVC
CUST000820,Ava Smith,1979-08-16,a20b58ec994a,high,expired,GB,2020-02-20 00:00:00,CUSTOMER_ONBOARDING_SVC
CUST000821,James Sharma,1980-04-14,595719080832,medium,pending,GB,2021-11-20 00:00:00,CUSTOMER_ONBOARDING_SVC
CUST000822,Meera Miller,1975-05-11,843193cee8c4,high,verified,AE,2026-02-10 00:00:00,CUSTOMER_ONBOARDING_SVC
CUST000823,Lucia Brown,1983-02-01,39a9c36b7504,medium,pending,US,2020-02-09 00:00:00,CUSTOMER_ONBOARDING_SVC
CUST000824,Elena Gupta,1955-11-14,c5f46b8ff5f9,high,verified,GB,2023-08-10 00:00:00,CUSTOMER_ONBOARDING_SVC
CUST000825,Layla Johnson,1957-01-31,66322d8d9430,low,verified,SG,2024-05-13 00:00:00,CUSTOMER_ONBOARDING_SVC
CUST000826,Chen Lopez,1990-01-25,d0337559d66e,low,pending,RU,2022-04-11 00:00:00,CUSTOMER_ONBOARDING_SVC
CUST000827,Diego Al-Sayed,1963-05-14,7b21385ee9c9,low,expired,GB,2019-12-04 00:00:00,CUSTOMER_ONBOARDING_SVC
CUST000828,Aditya Singh,1980-06-18,c1eef5937562,low,verified,DE,2020-04-23 00:00:00,CUSTOMER_ONBOARDING_SVC
CUST000829,Rohan Brown,1990-02-01,4b17ce1134fd,low,verified,DE,2019-10-06 00:00:00,CUSTOMER_ONBOARDING_SVC
CUST000830,Pooja Gupta,1982-10-16,9ab9b436891c,high,pending,AE,2022-11-06 00:00:00,CUSTOMER_ONBOARDING_SVC
CUST000831,Lucia Smith,1955-09-01,bf40e4b127f8,medium,verified,AE,2019-08-08 00:00:00,CUSTOMER_ONBOARDING_SVC
CUST000832,Elena Tanaka,1996-07-05,72ee91212afd,low,verified,CA,2024-06-17 00:00:00,CUSTOMER_ONBOARDING_SVC
CUST000833,Olivia Miller,1970-09-17,ee3d2ed998a6,low,verified,RU,2022-08-28 00:00:00,CUSTOMER_ONBOARDING_SVC
CUST000834,Isha Zhang,1963-07-28,f6f26951bc33,high,verified,RU,2022-05-31 00:00:00,CUSTOMER_ONBOARDING_SVC
CUST000835,Liam Khan,1974-06-29,397e0cf7c1c6,medium,expired,US,2023-07-15 00:00:00,CUSTOMER_ONBOARDING_SVC
CUST000836,Noah Davis,1969-10-15,757dc3865a1e,low,expired,CA,2020-11-01 00:00:00,CUSTOMER_ONBOARDING_SVC
CUST000837,Lucia Miller,1990-10-29,04e562763823,,verified,SG,2020-03-07 00:00:00,CUSTOMER_ONBOARDING_SVC
CUST000838,Lucia Tanaka,1961-02-13,8b223c4a9d65,medium,verified,CA,2018-12-05 00:00:00,CUSTOMER_ONBOARDING_SVC
CUST000839,Rohan Reddy,1964-01-07,62f1ae031ca4,low,verified,IN,2019-12-27 00:00:00,CUSTOMER_ONBOARDING_SVC
CUST000840,Emma Gupta,1987-02-15,afca054326eb,low,verified,CA,2019-12-30 00:00:00,CUSTOMER_ONBOARDING_SVC
CUST000841,Omar Al-Sayed,1964-03-22,8732c979fee5,high,verified,AU,2022-05-19 00:00:00,CUSTOMER_ONBOARDING_SVC
CUST000842,Aditya Mehta,1976-05-26,22aebd00f232,low,verified,SG,2020-03-30 00:00:00,CUSTOMER_ONBOARDING_SVC
CUST000843,Vikram Mehta,1970-01-23,559afeeb0e6c,low,verified,US,2026-02-13 00:00:00,CUSTOMER_ONBOARDING_SVC
CUST000844,Aditya Lopez,2003-08-07,659f8df155c8,medium,verified,AE,2022-06-07 00:00:00,CUSTOMER_ONBOARDING_SVC
CUST000845,Noah Sharma,1974-02-01,0365ae3c0511,low,verified,DE,2023-02-23 00:00:00,CUSTOMER_ONBOARDING_SVC
CUST000846,Pooja Davis,1999-10-27,7a43acfbe827,high,expired,GB,2019-02-22 00:00:00,CUSTOMER_ONBOARDING_SVC
CUST000847,Karan Lopez,1989-11-10,8c3ca95e9fe1,high,verified,SG,2025-08-08 00:00:00,CUSTOMER_ONBOARDING_SVC
CUST000848,Wei Singh,1956-08-01,15125262352c,medium,pending,SG,2024-10-28 00:00:00,CUSTOMER_ONBOARDING_SVC
CUST000849,Aarav Mehta,1966-02-17,3e1af7e2dfc0,low,pending,IN,2021-06-19 00:00:00,CUSTOMER_ONBOARDING_SVC
CUST000850,Liam Nair,1988-09-16,a21ad2b77f80,high,verified,CN,2020-04-17 00:00:00,CUSTOMER_ONBOARDING_SVC
CUST000851,Ava Gupta,1983-06-28,97a410b864b5,low,expired,GB,2025-03-21 00:00:00,CUSTOMER_ONBOARDING_SVC
CUST000852,Nikhil Ivanov,1985-09-30,e6df9cce20ee,low,expired,SG,2020-09-19 00:00:00,CUSTOMER_ONBOARDING_SVC
CUST000853,Nikhil Lopez,2001-10-13,e021f548147f,low,pending,DE,2021-08-10 00:00:00,CUSTOMER_ONBOARDING_SVC
CUST000854,Sneha Al-Sayed,1973-04-27,59372f356166,low,verified,CN,2019-05-30 00:00:00,CUSTOMER_ONBOARDING_SVC
CUST000855,Ananya Davis,1982-12-11,06addedcf2bf,high,verified,CA,2019-11-04 00:00:00,CUSTOMER_ONBOARDING_SVC
CUST000856,Diego Al-Sayed,1979-05-23,6bd55c286e84,low,verified,AE,2023-05-25 00:00:00,CUSTOMER_ONBOARDING_SVC
CUST000857,Amelia Gupta,1956-10-11,cf0191f9e860,medium,verified,CA,2022-04-12 00:00:00,CUSTOMER_ONBOARDING_SVC
CUST000858,Isha Smith,1996-08-05,4d5076edc6d3,medium,verified,DE,2021-06-06 00:00:00,CUSTOMER_ONBOARDING_SVC
CUST000859,Wei Nair,1972-01-05,0407f724c29c,low,expired,CN,2018-01-18 00:00:00,CUSTOMER_ONBOARDING_SVC
CUST000860,Mia Ivanov,1989-06-15,7e31cccfadf5,low,expired,SG,2023-06-29 00:00:00,CUSTOMER_ONBOARDING_SVC
CUST000861,Elena Reddy,1994-02-21,371a3b062b17,high,verified,AE,2020-11-11 00:00:00,CUSTOMER_ONBOARDING_SVC
CUST000862,Lucas Davis,1976-09-28,ab4a64296d76,low,verified,AE,2023-05-11 00:00:00,CUSTOMER_ONBOARDING_SVC
CUST000863,James Lopez,1968-03-21,01aaa608c0c1,low,expired,CA,2020-11-07 00:00:00,CUSTOMER_ONBOARDING_SVC
CUST000864,Ananya Al-Sayed,1990-09-04,825ffc701d72,medium,verified,DE,2025-12-02 00:00:00,CUSTOMER_ONBOARDING_SVC
CUST000865,James Zhang,1999-12-01,7728a5045498,high,pending,GB,2023-12-24 00:00:00,CUSTOMER_ONBOARDING_SVC
CUST000866,Ananya Kumar,1985-11-24,9702f2914395,low,verified,AU,2019-08-08 00:00:00,CUSTOMER_ONBOARDING_SVC
CUST000867,Yuki Sharma,1961-04-07,d0594caeb588,medium,expired,US,2025-10-23 00:00:00,CUSTOMER_ONBOARDING_SVC
CUST000868,Isha Zhang,1972-10-06,6aacd321a8e0,low,expired,CN,2023-06-16 00:00:00,CUSTOMER_ONBOARDING_SVC
CUST000869,Sneha Ivanov,1972-03-19,c46633e33a51,medium,pending,CN,2020-11-28 00:00:00,CUSTOMER_ONBOARDING_SVC
CUST000870,Liam Singh,1966-03-09,e5029892fdae,,verified,DE,2021-02-07 00:00:00,CUSTOMER_ONBOARDING_SVC
CUST000871,Aarav Patel,1955-08-25,a782a937569a,medium,verified,,2025-06-18 00:00:00,CUSTOMER_ONBOARDING_SVC
CUST000872,Emma Tanaka,1985-03-27,a3130fed6c04,medium,verified,CA,2024-10-11 00:00:00,CUSTOMER_ONBOARDING_SVC
CUST000873,Sophia Khan,1988-12-13,ea459d4100d4,low,verified,,2024-11-06 00:00:00,CUSTOMER_ONBOARDING_SVC
CUST000874,Mia Ivanov,1957-04-21,f67f5143d2f6,low,expired,CN,2024-10-01 00:00:00,CUSTOMER_ONBOARDING_SVC
CUST000875,Mei Khan,1997-08-19,8cf4ea697737,,verified,AU,2023-10-11 00:00:00,CUSTOMER_ONBOARDING_SVC
CUST000876,Sophia Patel,1994-11-11,30b5bf9d26ff,medium,pending,SG,2020-08-14 00:00:00,CUSTOMER_ONBOARDING_SVC
CUST000877,Wei Khan,1989-07-12,cddd4c6d8cf7,medium,verified,US,2021-04-18 00:00:00,CUSTOMER_ONBOARDING_SVC
CUST000878,Fatima Patel,1999-09-03,4864ef89ff83,low,expired,CN,2018-12-23 00:00:00,CUSTOMER_ONBOARDING_SVC
CUST000879,Wei Khan,1976-08-11,fc398a4cf025,low,verified,NG,2020-09-23 00:00:00,CUSTOMER_ONBOARDING_SVC
CUST000880,Priya Reddy,1989-05-28,3b2d94002fc2,low,verified,SG,2021-02-22 00:00:00,CUSTOMER_ONBOARDING_SVC
CUST000881,Layla Al-Sayed,1963-02-11,914c6cd72f8d,low,verified,CA,2025-10-04 00:00:00,CUSTOMER_ONBOARDING_SVC
CUST000882,Lucas Zhang,2005-05-30,103aa21c843b,low,verified,DE,2022-11-25 00:00:00,CUSTOMER_ONBOARDING_SVC
CUST000883,Ivan Nair,1987-12-29,610a902c7a0f,low,,US,2019-06-06 00:00:00,CUSTOMER_ONBOARDING_SVC
CUST000884,Lucas Davis,1987-10-01,cd53856a6092,low,expired,SG,2025-08-14 00:00:00,CUSTOMER_ONBOARDING_SVC
CUST000884,Lucas Davis,1987-10-01,cd53856a6092,low,expired,SG,2025-08-14 00:59:00,CUSTOMER_ONBOARDING_SVC
CUST000885,Noah Gupta,1974-08-22,829389703a2f,high,pending,GB,2023-08-10 00:00:00,CUSTOMER_ONBOARDING_SVC
CUST000886,Rahul Lopez,1982-09-17,50b7f846069b,high,verified,SG,2023-08-20 00:00:00,CUSTOMER_ONBOARDING_SVC
CUST000887,Pooja Tanaka,1988-10-17,449a61a4df78,low,verified,GB,2018-08-29 00:00:00,CUSTOMER_ONBOARDING_SVC
CUST000888,Sneha Reddy,1990-02-24,8d74bb62a451,high,verified,CA,2021-05-10 00:00:00,CUSTOMER_ONBOARDING_SVC
CUST000889,Ethan Miller,1961-06-11,70f7595c2e61,high,verified,DE,2023-12-03 00:00:00,CUSTOMER_ONBOARDING_SVC
CUST000890,Karan Gupta,1959-11-09,dfe075f124e4,low,pending,SG,2025-12-16 00:00:00,CUSTOMER_ONBOARDING_SVC
CUST000891,Meera Nair,1972-07-21,6a156df1c78b,high,verified,AE,2026-03-31 00:00:00,CUSTOMER_ONBOARDING_SVC
CUST000892,Meera Miller,1970-02-03,3a380e7fd3ce,low,verified,DE,2018-08-19 00:00:00,CUSTOMER_ONBOARDING_SVC
CUST000893,Ava Martinez,1968-04-30,608877e5b276,high,pending,DE,2025-01-12 00:00:00,CUSTOMER_ONBOARDING_SVC
CUST000894,Chen Reddy,1988-09-04,3005ba59a0a8,high,verified,AU,2025-10-04 00:00:00,CUSTOMER_ONBOARDING_SVC
CUST000895,Diego Garcia,1965-10-07,910c9f1f144d,low,verified,IN,2019-04-23 00:00:00,CUSTOMER_ONBOARDING_SVC
CUST000896,Elena Martinez,1979-07-23,028edf22734c,high,verified,CA,2025-10-12 00:00:00,CUSTOMER_ONBOARDING_SVC
CUST000897,Amelia Johnson,1966-03-27,84693000d0a5,low,verified,RU,2019-02-12 00:00:00,CUSTOMER_ONBOARDING_SVC
CUST000898,Priya Miller,2003-02-15,f7a1c6d097f9,medium,verified,NG,2023-12-12 00:00:00,CUSTOMER_ONBOARDING_SVC
CUST000899,Divya Nair,1965-07-11,dfafc1f0259b,,verified,AU,2020-01-11 00:00:00,CUSTOMER_ONBOARDING_SVC
CUST000900,Elena Nair,1969-06-18,8e0ed58507cb,medium,verified,AU,2018-12-26 00:00:00,CUSTOMER_ONBOARDING_SVC
CUST000901,Sophia Anderson,1992-12-14,fc0a9f124b67,low,verified,CN,2025-05-19 00:00:00,CUSTOMER_ONBOARDING_SVC
CUST000902,Layla Chen,1998-12-31,a80014298584,low,expired,CN,2025-10-18 00:00:00,CUSTOMER_ONBOARDING_SVC
CUST000903,Karan Khan,1976-04-09,1ba33a272bbb,low,verified,IN,2018-05-31 00:00:00,CUSTOMER_ONBOARDING_SVC
CUST000904,Pooja Martinez,1979-11-20,ee36ba787962,high,expired,SG,2019-06-11 00:00:00,CUSTOMER_ONBOARDING_SVC
CUST000905,Rohan Miller,1962-06-21,916e3fa163a8,high,pending,CA,2020-11-07 00:00:00,CUSTOMER_ONBOARDING_SVC
CUST000906,Emma Al-Sayed,1972-04-13,82b9fa242746,low,expired,AU,2026-01-05 00:00:00,CUSTOMER_ONBOARDING_SVC
CUST000907,Meera Brown,1988-12-30,4e14b432e661,medium,verified,DE,2018-04-17 00:00:00,CUSTOMER_ONBOARDING_SVC
CUST000908,Vikram Brown,1962-12-25,ad5f41d59f9a,low,verified,AU,2022-01-26 00:00:00,CUSTOMER_ONBOARDING_SVC
CUST000909,Nikhil Miller,1966-01-29,de79399c5f53,medium,verified,US,2019-12-21 00:00:00,CUSTOMER_ONBOARDING_SVC
CUST000910,Elena Johnson,1979-04-26,11daa36e8768,low,verified,NG,2024-10-24 00:00:00,CUSTOMER_ONBOARDING_SVC
CUST000911,Layla Anderson,1991-02-15,1f9ea44231b2,medium,verified,RU,2023-05-08 00:00:00,CUSTOMER_ONBOARDING_SVC
CUST000912,Meera Miller,1978-12-27,8b0a5e8b9196,high,verified,RU,2018-08-05 00:00:00,CUSTOMER_ONBOARDING_SVC
CUST000913,Isha Chen,1997-01-17,10a9b809ceed,low,verified,SG,2023-08-20 00:00:00,CUSTOMER_ONBOARDING_SVC
CUST000914,Nikhil Johnson,1962-10-19,483ab092563e,medium,verified,AU,2021-06-05 00:00:00,CUSTOMER_ONBOARDING_SVC
CUST000915,Ananya Reddy,1960-02-25,2f594b554951,high,verified,RU,2018-12-13 00:00:00,CUSTOMER_ONBOARDING_SVC
CUST000916,Amelia Khan,1967-03-29,04627ae1983b,medium,expired,NG,2023-05-19 00:00:00,CUSTOMER_ONBOARDING_SVC
CUST000917,Aarav Lopez,1955-08-27,168d7fea01e3,medium,expired,AE,2026-01-04 00:00:00,CUSTOMER_ONBOARDING_SVC
CUST000918,Omar Khan,1958-10-19,00dcdb5a94ff,medium,verified,RU,2024-10-23 00:00:00,CUSTOMER_ONBOARDING_SVC
CUST000919,Vikram Garcia,2001-01-31,755c0ddf6f97,low,pending,CN,2021-12-18 00:00:00,CUSTOMER_ONBOARDING_SVC
CUST000920,Riya Anderson,1981-01-08,bdc1418411ea,medium,,US,2021-05-10 00:00:00,CUSTOMER_ONBOARDING_SVC
CUST000921,Olivia Al-Sayed,1958-03-06,f04cfe01a266,medium,,NG,2023-03-12 00:00:00,CUSTOMER_ONBOARDING_SVC
CUST000922,Karan Sharma,1971-09-14,e1ff465844ce,low,verified,SG,2022-07-05 00:00:00,CUSTOMER_ONBOARDING_SVC
CUST000923,Meera Davis,1998-09-23,4cd9d09b58bb,low,verified,US,2018-01-29 00:00:00,CUSTOMER_ONBOARDING_SVC
CUST000924,Isha Anderson,1964-10-01,a0ff179f6084,high,pending,GB,2022-12-02 00:00:00,CUSTOMER_ONBOARDING_SVC
CUST000925,Aditya Kumar,1980-07-23,32ccf01cdd8f,low,pending,AE,2018-06-14 00:00:00,CUSTOMER_ONBOARDING_SVC
CUST000926,Wei Khan,1965-08-28,991a621b0c5d,medium,expired,GB,2022-09-21 00:00:00,CUSTOMER_ONBOARDING_SVC
CUST000927,Mia Wilson,1966-10-16,7dca429f2043,low,verified,DE,2019-03-26 00:00:00,CUSTOMER_ONBOARDING_SVC
CUST000928,Sneha Khan,1993-07-19,50ed51ce42e2,high,verified,SG,2024-09-11 00:00:00,CUSTOMER_ONBOARDING_SVC
CUST000929,Riya Lopez,2000-11-12,389cc6b23561,low,verified,CN,2020-02-05 00:00:00,CUSTOMER_ONBOARDING_SVC
CUST000930,Amelia Nair,1964-03-31,cf552ec43df2,high,expired,CA,2025-11-11 00:00:00,CUSTOMER_ONBOARDING_SVC
CUST000931,Meera Mehta,1966-11-14,bf07663cd1b3,low,verified,US,2022-07-02 00:00:00,CUSTOMER_ONBOARDING_SVC
CUST000932,Ananya Patel,1991-07-17,2b9ef915de73,low,verified,DE,2023-11-21 00:00:00,CUSTOMER_ONBOARDING_SVC
CUST000933,Sneha Johnson,1979-02-26,7d727e69ca5c,low,verified,US,2022-01-29 00:00:00,CUSTOMER_ONBOARDING_SVC
CUST000934,Aarav Patel,1983-11-09,4258ab0de99d,low,pending,AU,2020-05-18 00:00:00,CUSTOMER_ONBOARDING_SVC
CUST000935,Yuki Garcia,1982-04-22,5afb116d69c0,low,verified,SG,2019-04-02 00:00:00,CUSTOMER_ONBOARDING_SVC
CUST000936,Sophia Ivanov,2002-06-12,0799cbcf0fdb,low,verified,RU,2024-10-12 00:00:00,CUSTOMER_ONBOARDING_SVC
CUST000937,Arjun Al-Sayed,1965-10-18,9f65fde3770a,medium,verified,RU,2018-06-18 00:00:00,CUSTOMER_ONBOARDING_SVC
CUST000938,Mei Brown,1997-07-17,36e7d95b4d45,medium,verified,GB,2020-04-07 00:00:00,CUSTOMER_ONBOARDING_SVC
CUST000939,Hassan Garcia,1995-03-27,ab1f70929383,high,verified,SG,2025-01-23 00:00:00,CUSTOMER_ONBOARDING_SVC
CUST000940,Fatima Sharma,1979-08-06,032253c50ef1,low,verified,CN,2025-10-24 00:00:00,CUSTOMER_ONBOARDING_SVC
CUST000941,Mia Tanaka,2002-10-08,77953adf3930,low,verified,AU,2023-10-05 00:00:00,CUSTOMER_ONBOARDING_SVC
CUST000942,Chen Smith,1971-07-07,e5c63099397d,low,expired,AE,2018-01-15 00:00:00,CUSTOMER_ONBOARDING_SVC
CUST000943,Lucia Wilson,1978-03-22,dd4c6c6c41c4,low,verified,NG,2021-05-27 00:00:00,CUSTOMER_ONBOARDING_SVC
CUST000944,Riya Johnson,1968-04-16,9b6fd068921b,low,verified,IN,2021-02-11 00:00:00,CUSTOMER_ONBOARDING_SVC
CUST000945,Pooja Anderson,1955-02-15,9db37c632aae,low,expired,US,2025-04-10 00:00:00,CUSTOMER_ONBOARDING_SVC
CUST000946,James Ivanov,1991-08-20,34b9e77a9b0e,low,verified,CN,2024-11-09 00:00:00,CUSTOMER_ONBOARDING_SVC
CUST000947,Emma Reddy,1956-05-27,88d2b3ad04ce,high,expired,GB,2024-01-11 00:00:00,CUSTOMER_ONBOARDING_SVC
CUST000948,Chen Anderson,1994-09-02,a8025ad9ed9d,low,verified,AE,2020-06-22 00:00:00,CUSTOMER_ONBOARDING_SVC
CUST000949,Diego Mehta,1988-01-27,6d05706ed9db,medium,verified,DE,2019-08-31 00:00:00,CUSTOMER_ONBOARDING_SVC
CUST000950,Elena Tanaka,1980-04-21,6be7c0ef3660,low,verified,CN,2018-03-28 00:00:00,CUSTOMER_ONBOARDING_SVC
CUST000951,Meera Singh,1977-01-01,5ac6e61da1ce,high,pending,DE,2023-02-07 00:00:00,CUSTOMER_ONBOARDING_SVC
CUST000952,Chen Kumar,1989-06-13,56dac9906dd0,low,verified,DE,2018-03-26 00:00:00,CUSTOMER_ONBOARDING_SVC
CUST000953,Ananya Smith,1956-03-18,db452e1a9e11,low,expired,CN,2018-02-08 00:00:00,CUSTOMER_ONBOARDING_SVC
CUST000954,Wei Martinez,1969-08-20,71d438e7b14e,low,pending,CA,2021-06-13 00:00:00,CUSTOMER_ONBOARDING_SVC
CUST000955,Divya Sharma,1964-03-23,7f846c8589ba,low,verified,IN,2024-02-09 00:00:00,CUSTOMER_ONBOARDING_SVC
CUST000956,Priya Mehta,1989-07-29,ad62126a92af,low,verified,DE,2019-08-27 00:00:00,CUSTOMER_ONBOARDING_SVC
CUST000957,Divya Tanaka,1964-11-17,309b88b1a6d0,low,verified,CN,2020-07-08 00:00:00,CUSTOMER_ONBOARDING_SVC
CUST000958,Ananya Patel,1968-07-22,52aeb90f7594,medium,expired,RU,2019-12-31 00:00:00,CUSTOMER_ONBOARDING_SVC
CUST000959,Olivia Lopez,1986-04-03,35bea53388f6,low,pending,GB,2019-03-02 00:00:00,CUSTOMER_ONBOARDING_SVC
CUST000960,Vikram Sharma,1968-02-25,4f4eea88d4af,low,pending,CN,2021-08-04 00:00:00,CUSTOMER_ONBOARDING_SVC
CUST000961,Divya Martinez,1979-12-26,e0191c4f8c35,low,verified,DE,2019-08-16 00:00:00,CUSTOMER_ONBOARDING_SVC
CUST000962,Amelia Tanaka,1984-11-30,6cd114598b58,high,verified,DE,2019-07-21 00:00:00,CUSTOMER_ONBOARDING_SVC
CUST000963,Layla Mehta,1962-07-02,bd6e816bdfb8,high,pending,DE,2024-07-07 00:00:00,CUSTOMER_ONBOARDING_SVC
CUST000964,Ananya Mehta,1955-04-04,57c13ee86222,low,verified,SG,2020-04-12 00:00:00,CUSTOMER_ONBOARDING_SVC
CUST000965,Ethan Garcia,1981-06-09,e508c986006d,low,expired,CN,2023-03-01 00:00:00,CUSTOMER_ONBOARDING_SVC
CUST000966,Sneha Ivanov,1965-07-08,76864c8474a7,high,verified,CN,2025-10-20 00:00:00,CUSTOMER_ONBOARDING_SVC
CUST000967,Karan Khan,1961-08-14,75a0a431266d,medium,verified,RU,2023-05-08 00:00:00,CUSTOMER_ONBOARDING_SVC
CUST000968,Elena Davis,1971-05-14,2e172b100f1a,high,verified,CN,2023-04-09 00:00:00,CUSTOMER_ONBOARDING_SVC
CUST000969,Ava Chen,1956-03-08,3ee56a8cba3c,low,verified,AU,2021-03-20 00:00:00,CUSTOMER_ONBOARDING_SVC
CUST000970,Rohan Sharma,1993-01-02,5fde387688a3,medium,expired,DE,2025-08-16 00:00:00,CUSTOMER_ONBOARDING_SVC
CUST000971,Nikhil Davis,1979-05-22,bbd80bd472b3,medium,pending,CN,2019-01-12 00:00:00,CUSTOMER_ONBOARDING_SVC
CUST000972,Nikhil Miller,2005-03-05,465e605e9af5,low,pending,CN,2024-10-14 00:00:00,CUSTOMER_ONBOARDING_SVC
CUST000973,Sneha Garcia,1993-01-21,b7476735b38a,low,verified,AU,2020-03-08 00:00:00,CUSTOMER_ONBOARDING_SVC
CUST000974,Riya Johnson,2003-08-03,2e6700a4a548,low,verified,CN,2019-03-13 00:00:00,CUSTOMER_ONBOARDING_SVC
CUST000975,Rahul Mehta,1962-08-18,15313d5a89c6,medium,verified,GB,2024-05-24 00:00:00,CUSTOMER_ONBOARDING_SVC
CUST000976,Olivia Sharma,1980-05-02,b69e1b9cd08f,medium,verified,SG,2022-06-19 00:00:00,CUSTOMER_ONBOARDING_SVC
CUST000977,Karan Brown,2000-03-06,fdbb617dc08a,,verified,DE,2019-02-18 00:00:00,CUSTOMER_ONBOARDING_SVC
CUST000978,Rahul Johnson,1968-08-05,ceed197fc354,medium,verified,CN,2025-08-27 00:00:00,CUSTOMER_ONBOARDING_SVC
CUST000979,Meera Zhang,2000-01-02,89a58c93d1c9,high,expired,CN,2023-10-16 00:00:00,CUSTOMER_ONBOARDING_SVC
CUST000980,Ava Johnson,1993-08-28,4f6a58136064,high,pending,SG,2018-06-13 00:00:00,CUSTOMER_ONBOARDING_SVC
CUST000981,Elena Al-Sayed,1963-09-27,572e8f5bb9ad,low,verified,CA,2018-03-03 00:00:00,CUSTOMER_ONBOARDING_SVC
CUST000982,Karan Chen,1970-03-24,2de23e91e0c6,low,verified,SG,2021-04-25 00:00:00,CUSTOMER_ONBOARDING_SVC
CUST000983,Lucia Smith,1977-12-20,6f860a120d38,high,verified,CA,2022-12-16 00:00:00,CUSTOMER_ONBOARDING_SVC
CUST000984,Liam Miller,1966-07-28,719817914b73,low,expired,DE,2022-12-11 00:00:00,CUSTOMER_ONBOARDING_SVC
CUST000985,Fatima Chen,1958-10-30,c1934c1940c2,high,verified,GB,2024-12-17 00:00:00,CUSTOMER_ONBOARDING_SVC
CUST000985,Fatima Chen,1958-10-30,c1934c1940c2,high,verified,GB,2024-12-17 00:14:00,CUSTOMER_ONBOARDING_SVC
CUST000986,Liam Miller,1990-10-27,a39694fb46d1,low,pending,CN,2018-10-26 00:00:00,CUSTOMER_ONBOARDING_SVC
CUST000987,Layla Chen,1962-09-13,da8288479e0a,high,verified,US,2020-01-09 00:00:00,CUSTOMER_ONBOARDING_SVC
CUST000988,Ava Singh,1985-09-20,31cae2716028,medium,verified,SG,2024-10-11 00:00:00,CUSTOMER_ONBOARDING_SVC
CUST000989,Meera Tanaka,1974-02-24,09e9672cb8a0,medium,verified,CN,2021-08-04 00:00:00,CUSTOMER_ONBOARDING_SVC
CUST000990,Amelia Tanaka,1959-11-08,a68376a58ae1,low,pending,AE,2020-05-16 00:00:00,CUSTOMER_ONBOARDING_SVC
CUST000991,Mia Singh,1995-07-02,302884300e23,medium,verified,GB,2022-09-16 00:00:00,CUSTOMER_ONBOARDING_SVC
CUST000992,Amelia Brown,1969-10-05,56bcba45e6c4,low,pending,GB,2020-03-24 00:00:00,CUSTOMER_ONBOARDING_SVC
CUST000993,Amelia Garcia,1989-11-29,d582877b5170,medium,expired,RU,2018-02-10 00:00:00,CUSTOMER_ONBOARDING_SVC
CUST000994,Noah Sharma,1996-02-24,26125ad89147,medium,verified,CN,2019-08-28 00:00:00,CUSTOMER_ONBOARDING_SVC
CUST000995,Aarav Chen,1995-04-24,0b9b5eed2eea,medium,verified,CN,2025-03-02 00:00:00,CUSTOMER_ONBOARDING_SVC
CUST000996,Rohan Lopez,1974-05-23,b0f8448896c5,low,verified,DE,2021-11-26 00:00:00,CUSTOMER_ONBOARDING_SVC
CUST000997,Priya Johnson,2000-01-17,e4155c0a3bcf,high,pending,GB,2019-05-26 00:00:00,CUSTOMER_ONBOARDING_SVC
CUST000998,Layla Davis,1985-02-16,7736e61bd710,low,pending,NG,2019-04-10 00:00:00,CUSTOMER_ONBOARDING_SVC
CUST000999,Lucas Johnson,1994-04-01,f2d215aa9a01,low,expired,AU,2025-02-10 00:00:00,CUSTOMER_ONBOARDING_SVC
CUST001000,Karan Singh,1956-06-22,6c07f72e53de,medium,verified,AU,2024-11-29 00:00:00,CUSTOMER_ONBOARDING_SVC
CUST001001,Diego Wilson,1957-12-05,0c8027124f46,low,pending,RU,2025-06-27 00:00:00,CUSTOMER_ONBOARDING_SVC
CUST001002,Wei Kumar,1996-08-15,0c3a3c3b9677,,pending,SG,2022-08-19 00:00:00,CUSTOMER_ONBOARDING_SVC
CUST001003,James Johnson,1976-09-02,77949185c8b8,,verified,DE,2018-01-18 00:00:00,CUSTOMER_ONBOARDING_SVC
CUST001004,Chen Brown,1970-04-16,25ebc0b2c625,medium,verified,SG,2024-06-01 00:00:00,CUSTOMER_ONBOARDING_SVC
CUST001005,Sneha Martinez,1966-07-24,19cbb1ead124,medium,verified,DE,2025-02-19 00:00:00,CUSTOMER_ONBOARDING_SVC
CUST001006,Arjun Wilson,1990-03-03,3527c6525eb1,low,expired,US,2025-01-13 00:00:00,CUSTOMER_ONBOARDING_SVC
CUST001007,Aarav Al-Sayed,1968-09-24,03e9dde4254b,medium,expired,RU,2018-04-24 00:00:00,CUSTOMER_ONBOARDING_SVC
CUST001008,Arjun Chen,1987-02-16,f28c2b5438c4,low,verified,AU,2020-02-04 00:00:00,CUSTOMER_ONBOARDING_SVC
CUST001009,Lucas Smith,1959-08-23,7f3e8c3bf3e8,low,verified,AU,2021-01-31 00:00:00,CUSTOMER_ONBOARDING_SVC
CUST001010,Lucia Lopez,1964-08-09,c2be7de472e3,low,verified,US,2019-08-04 00:00:00,CUSTOMER_ONBOARDING_SVC
CUST001011,Pooja Miller,1999-01-20,9c9429804db7,medium,verified,US,2018-03-31 00:00:00,CUSTOMER_ONBOARDING_SVC
CUST001012,Noah Al-Sayed,1969-06-15,7454ad5e6f25,low,verified,CA,2020-01-07 00:00:00,CUSTOMER_ONBOARDING_SVC
CUST001013,Divya Brown,1998-05-31,b6e16774b67a,,expired,SG,2024-11-19 00:00:00,CUSTOMER_ONBOARDING_SVC
CUST001014,Chen Sharma,1957-01-24,c73b78a10c34,medium,verified,NG,2023-10-23 00:00:00,CUSTOMER_ONBOARDING_SVC
CUST001015,Arjun Mehta,1966-05-10,40873f78b527,low,pending,US,2021-01-01 00:00:00,CUSTOMER_ONBOARDING_SVC
CUST001016,Lucia Ivanov,1994-02-13,b82a4b070af7,medium,verified,CA,2023-10-01 00:00:00,CUSTOMER_ONBOARDING_SVC
CUST001017,Mia Kumar,1982-12-15,d9d03f236d4d,low,pending,RU,2019-11-10 00:00:00,CUSTOMER_ONBOARDING_SVC
CUST001018,Noah Lopez,1989-05-13,78bc89421333,low,expired,US,2022-10-25 00:00:00,CUSTOMER_ONBOARDING_SVC
CUST001019,Rahul Wilson,1991-10-07,90f979a6f744,medium,expired,GB,2021-04-17 00:00:00,CUSTOMER_ONBOARDING_SVC
CUST001020,Isha Garcia,1961-07-08,205efb88a9b8,high,verified,AE,2020-05-31 00:00:00,CUSTOMER_ONBOARDING_SVC
CUST001021,Aarav Zhang,1974-03-06,c88030c7f135,medium,verified,SG,2023-03-22 00:00:00,CUSTOMER_ONBOARDING_SVC
CUST001022,Omar Nair,2005-04-29,0cae035a8a27,high,expired,US,2021-02-12 00:00:00,CUSTOMER_ONBOARDING_SVC
CUST001023,Mason Khan,1983-07-06,8499b7575519,low,verified,DE,2021-08-04 00:00:00,CUSTOMER_ONBOARDING_SVC
CUST001024,Divya Kumar,1970-05-09,6ebac4ed242d,low,expired,CA,2024-09-29 00:00:00,CUSTOMER_ONBOARDING_SVC
CUST001025,Elena Sharma,1980-07-06,7719d0acd52f,medium,verified,CA,2019-06-21 00:00:00,CUSTOMER_ONBOARDING_SVC
CUST001026,Vikram Tanaka,1992-03-28,3c7558fc5d10,low,verified,US,2026-02-10 00:00:00,CUSTOMER_ONBOARDING_SVC
CUST001027,Yuki Lopez,1990-04-15,ebd944e37f92,high,pending,IN,2021-05-07 00:00:00,CUSTOMER_ONBOARDING_SVC
CUST001028,Mei Kumar,1975-02-05,35679228e983,low,verified,IN,2018-07-15 00:00:00,CUSTOMER_ONBOARDING_SVC
CUST001029,Rohan Singh,1988-02-04,86f3f9d86819,low,verified,AE,2024-01-11 00:00:00,CUSTOMER_ONBOARDING_SVC
CUST001030,Vikram Smith,1989-01-19,840025348689,high,verified,SG,2021-01-10 00:00:00,CUSTOMER_ONBOARDING_SVC
CUST001031,Meera Martinez,1995-01-31,41741a6a43d8,low,expired,DE,2025-06-30 00:00:00,CUSTOMER_ONBOARDING_SVC
CUST001032,Noah Ivanov,1975-04-06,b60fa6e86c84,low,verified,CA,2019-01-12 00:00:00,CUSTOMER_ONBOARDING_SVC
CUST001033,Pooja Zhang,1961-09-28,bb8f90d23250,,verified,US,2023-07-19 00:00:00,CUSTOMER_ONBOARDING_SVC
CUST001034,Karan Brown,2002-05-03,559b0dd15043,low,verified,AE,2023-10-07 00:00:00,CUSTOMER_ONBOARDING_SVC
CUST001035,Arjun Mehta,1989-08-04,448bee874163,medium,expired,SG,2023-01-28 00:00:00,CUSTOMER_ONBOARDING_SVC
CUST001036,Olivia Martinez,1964-02-27,78f13dbd6933,medium,verified,AU,2019-08-27 00:00:00,CUSTOMER_ONBOARDING_SVC
CUST001037,Priya Tanaka,2002-08-18,1e35f52194fe,low,verified,AU,2023-01-29 00:00:00,CUSTOMER_ONBOARDING_SVC
CUST001038,Mia Wilson,2000-07-26,241f9d2a0b4d,low,pending,DE,2021-09-28 00:00:00,CUSTOMER_ONBOARDING_SVC
CUST001039,Amelia Nair,1971-12-30,c5ed2478a569,low,expired,GB,2022-07-08 00:00:00,CUSTOMER_ONBOARDING_SVC
CUST001040,Sneha Al-Sayed,1964-12-18,8764250416f3,low,verified,AE,2020-06-18 00:00:00,CUSTOMER_ONBOARDING_SVC
CUST001041,Emma Mehta,1991-04-18,8846022eecaa,medium,verified,RU,2022-05-25 00:00:00,CUSTOMER_ONBOARDING_SVC
CUST001042,Rohan Nair,1980-11-01,7fbae29f39dd,medium,verified,SG,2025-12-01 00:00:00,CUSTOMER_ONBOARDING_SVC
CUST001043,Wei Ivanov,1976-05-29,13d5672bae86,low,verified,GB,2019-11-29 00:00:00,CUSTOMER_ONBOARDING_SVC
CUST001044,Wei Davis,1956-11-13,8cb12ebdc934,low,verified,,2019-12-29 00:00:00,CUSTOMER_ONBOARDING_SVC
CUST001045,Wei Martinez,1998-10-22,211f7aecb212,medium,,IN,2020-10-10 00:00:00,CUSTOMER_ONBOARDING_SVC
CUST001046,Nikhil Wilson,1970-01-04,6623bc5c8ffa,low,verified,NG,2026-06-20 00:00:00,CUSTOMER_ONBOARDING_SVC
CUST001047,Ethan Anderson,1998-08-24,44c9339941c9,,pending,GB,2020-11-04 00:00:00,CUSTOMER_ONBOARDING_SVC
CUST001048,Chen Tanaka,1979-03-21,3231448c4d22,medium,verified,US,2025-09-09 00:00:00,CUSTOMER_ONBOARDING_SVC
CUST001049,Ethan Tanaka,1976-12-03,5d676a800e6b,high,pending,IN,2024-06-23 00:00:00,CUSTOMER_ONBOARDING_SVC
CUST001050,Karan Smith,2003-11-20,3c699ef99162,medium,verified,AU,2023-01-15 00:00:00,CUSTOMER_ONBOARDING_SVC
CUST001051,Mason Smith,1972-02-05,a097bb7b1454,medium,expired,GB,2018-06-18 00:00:00,CUSTOMER_ONBOARDING_SVC
CUST001052,Elena Garcia,1964-11-19,151cb4696070,medium,verified,GB,2018-02-04 00:00:00,CUSTOMER_ONBOARDING_SVC
CUST001053,Rohan Johnson,1980-11-10,5a461cd52fee,low,verified,CA,2018-09-22 00:00:00,CUSTOMER_ONBOARDING_SVC
CUST001054,Yuki Johnson,1993-08-09,f1254f846e7b,high,verified,IN,2021-12-13 00:00:00,CUSTOMER_ONBOARDING_SVC
CUST001055,Fatima Khan,1968-11-28,11582a0ee732,high,verified,NG,2018-12-19 00:00:00,CUSTOMER_ONBOARDING_SVC
CUST001056,Liam Mehta,1997-06-14,194cabe2897e,low,pending,IN,2021-12-23 00:00:00,CUSTOMER_ONBOARDING_SVC
CUST001057,Olivia Lopez,1970-07-19,d6cd159d1ca4,medium,verified,GB,2024-04-28 00:00:00,CUSTOMER_ONBOARDING_SVC
CUST001058,Mason Anderson,1982-01-04,88ab13245da8,low,verified,AE,2021-06-03 00:00:00,CUSTOMER_ONBOARDING_SVC
CUST001059,Amelia Kumar,2002-03-29,8abd747346dc,high,verified,CN,2022-12-16 00:00:00,CUSTOMER_ONBOARDING_SVC
CUST001060,Lucia Davis,1996-05-20,53ddcbc5b3fd,medium,verified,DE,2018-04-24 00:00:00,CUSTOMER_ONBOARDING_SVC
CUST001061,Olivia Mehta,2000-12-13,37619426882e,low,expired,RU,2022-03-09 00:00:00,CUSTOMER_ONBOARDING_SVC
CUST001062,Mia Gupta,1955-07-15,e9607b8f2dda,medium,pending,DE,2023-03-11 00:00:00,CUSTOMER_ONBOARDING_SVC
CUST001063,Karan Brown,1963-09-27,43ae9874b859,medium,pending,RU,2021-04-05 00:00:00,CUSTOMER_ONBOARDING_SVC
CUST001064,Fatima Ivanov,1973-05-25,2dcfe0009e8a,low,expired,IN,2023-10-16 00:00:00,CUSTOMER_ONBOARDING_SVC
CUST001065,Meera Johnson,1982-11-22,f5b9e3c62b88,low,pending,AU,2026-01-24 00:00:00,CUSTOMER_ONBOARDING_SVC
CUST001066,Divya Wilson,1977-03-06,0ef7b2d4d155,,pending,US,2020-04-16 00:00:00,CUSTOMER_ONBOARDING_SVC
CUST001067,Olivia Miller,1971-07-06,c4e918af36a8,medium,verified,CA,2020-08-20 00:00:00,CUSTOMER_ONBOARDING_SVC
CUST001068,Amelia Gupta,1956-12-10,c7c8733a8c96,low,verified,AU,2020-01-27 00:00:00,CUSTOMER_ONBOARDING_SVC
CUST001069,Liam Johnson,1963-12-22,240814917b30,medium,verified,AU,2024-08-08 00:00:00,CUSTOMER_ONBOARDING_SVC
CUST001070,Mason Davis,1957-07-05,f2c0bb88187a,medium,,CN,2021-03-06 00:00:00,CUSTOMER_ONBOARDING_SVC
CUST001071,Mei Chen,1986-10-28,d89874eec2df,medium,pending,IN,2019-07-25 00:00:00,CUSTOMER_ONBOARDING_SVC
CUST001072,Fatima Nair,2002-02-08,d566e563c352,medium,verified,SG,2022-05-19 00:00:00,CUSTOMER_ONBOARDING_SVC
CUST001073,Lucia Zhang,1979-12-21,a3bc5daba8a1,low,pending,CN,2025-05-20 00:00:00,CUSTOMER_ONBOARDING_SVC
CUST001074,Chen Khan,2000-06-25,0b4b046387d8,medium,verified,CN,2025-05-22 00:00:00,CUSTOMER_ONBOARDING_SVC
CUST001075,Mei Miller,1959-01-12,6329e00cb00d,high,verified,US,2018-05-01 00:00:00,CUSTOMER_ONBOARDING_SVC
CUST001076,Noah Mehta,1964-06-16,7f502fc8bcb8,high,pending,AE,2019-12-14 00:00:00,CUSTOMER_ONBOARDING_SVC
CUST001077,Divya Patel,1994-08-12,40e66a75a863,medium,verified,US,2022-03-14 00:00:00,CUSTOMER_ONBOARDING_SVC
CUST001078,Elena Anderson,1972-07-23,cdccaf119b11,medium,pending,AE,2020-10-31 00:00:00,CUSTOMER_ONBOARDING_SVC
CUST001079,Omar Nair,1957-03-05,f8a7f6a04f34,high,verified,US,2025-01-20 00:00:00,CUSTOMER_ONBOARDING_SVC
CUST001080,Mason Martinez,1961-06-16,71b3a4d5dc51,low,expired,NG,2021-10-27 00:00:00,CUSTOMER_ONBOARDING_SVC
CUST001081,Ethan Garcia,2005-02-14,3f2ba0571f57,low,pending,RU,2019-07-19 00:00:00,CUSTOMER_ONBOARDING_SVC
CUST001082,Omar Johnson,1965-07-31,1dfd6c34750c,low,verified,US,2023-08-05 00:00:00,CUSTOMER_ONBOARDING_SVC
CUST001083,James Miller,1961-02-04,bf8d27b4273b,low,verified,SG,2019-10-09 00:00:00,CUSTOMER_ONBOARDING_SVC
CUST001084,Olivia Miller,1960-01-31,6e85e94f12aa,high,verified,RU,2024-02-15 00:00:00,CUSTOMER_ONBOARDING_SVC
CUST001085,Rahul Brown,1978-05-28,9a85adc983e0,low,verified,DE,2020-04-01 00:00:00,CUSTOMER_ONBOARDING_SVC
CUST001086,Sneha Mehta,1961-07-17,f1963f47c0c6,medium,verified,CA,2024-04-28 00:00:00,CUSTOMER_ONBOARDING_SVC
CUST001087,Ananya Anderson,1966-08-13,62ef87d7314b,high,verified,CA,2021-01-13 00:00:00,CUSTOMER_ONBOARDING_SVC
CUST001088,Wei Johnson,1956-12-03,3338741efd67,low,verified,AE,2018-08-15 00:00:00,CUSTOMER_ONBOARDING_SVC
CUST001089,Hassan Tanaka,1989-09-24,6c2bade2bcdd,high,verified,IN,2022-03-26 00:00:00,CUSTOMER_ONBOARDING_SVC
CUST001090,Mei Garcia,1972-05-16,1e50d83b632c,medium,verified,SG,2021-11-06 00:00:00,CUSTOMER_ONBOARDING_SVC
CUST001091,Layla Martinez,1956-05-03,eaeef391e8b9,low,verified,IN,2026-01-27 00:00:00,CUSTOMER_ONBOARDING_SVC
CUST001092,Ethan Lopez,1976-11-29,83feffdd3ee1,low,expired,AU,2021-04-12 00:00:00,CUSTOMER_ONBOARDING_SVC
CUST001093,Layla Nair,1987-01-09,5ece42f6b718,medium,verified,CA,2020-06-21 00:00:00,CUSTOMER_ONBOARDING_SVC
CUST001094,Omar Smith,2003-07-29,2fa5d3e96fd8,low,verified,SG,2023-08-25 00:00:00,CUSTOMER_ONBOARDING_SVC
CUST001095,Ananya Nair,2001-09-27,ab5a5fbb0be9,low,expired,CN,2020-08-02 00:00:00,CUSTOMER_ONBOARDING_SVC
CUST001096,Riya Zhang,1995-09-16,0bc7f41ba5aa,low,pending,CA,2019-04-13 00:00:00,CUSTOMER_ONBOARDING_SVC
CUST001097,Ananya Patel,1989-06-11,965d9f56f3a1,low,pending,GB,2023-07-22 00:00:00,CUSTOMER_ONBOARDING_SVC
CUST001098,Amelia Anderson,1982-05-18,e6c37d74a19e,medium,verified,IN,2018-05-09 00:00:00,CUSTOMER_ONBOARDING_SVC
CUST001099,James Martinez,1957-06-15,33e713e5130f,high,expired,AE,2021-10-28 00:00:00,CUSTOMER_ONBOARDING_SVC
CUST001100,Sneha Kumar,1989-10-26,41520c5c080a,high,verified,NG,2026-02-02 00:00:00,CUSTOMER_ONBOARDING_SVC
CUST001101,Elena Wilson,1969-08-01,03cda7093d82,medium,,GB,2022-04-11 00:00:00,CUSTOMER_ONBOARDING_SVC
CUST001102,Ananya Mehta,1981-07-16,696b054fb8e2,medium,pending,NG,2021-10-14 00:00:00,CUSTOMER_ONBOARDING_SVC
CUST001103,Chen Sharma,1982-07-14,4d70aaa5e7d4,high,verified,US,2024-05-17 00:00:00,CUSTOMER_ONBOARDING_SVC
CUST001104,Aarav Chen,1987-03-08,c56237b62c56,high,expired,IN,2023-05-21 00:00:00,CUSTOMER_ONBOARDING_SVC
CUST001105,Mei Anderson,1960-09-29,a718d7e60453,low,verified,SG,2022-12-10 00:00:00,CUSTOMER_ONBOARDING_SVC
CUST001106,Isha Gupta,1959-06-13,a8786b2200cc,low,verified,RU,2020-08-11 00:00:00,CUSTOMER_ONBOARDING_SVC
CUST001107,Hassan Zhang,1960-06-15,aaad8e956767,,verified,AE,2026-01-05 00:00:00,CUSTOMER_ONBOARDING_SVC
CUST001108,Rahul Lopez,1986-05-17,68ad130a3233,low,expired,AE,2019-03-24 00:00:00,CUSTOMER_ONBOARDING_SVC
CUST001109,Sophia Khan,1961-05-28,5bc8182d7983,medium,verified,DE,2025-03-14 00:00:00,CUSTOMER_ONBOARDING_SVC
CUST001110,Mason Al-Sayed,1997-03-24,8150d6838ea8,medium,verified,SG,2021-04-19 00:00:00,CUSTOMER_ONBOARDING_SVC
CUST001111,Priya Kumar,1973-12-21,216b9e3509b1,medium,expired,RU,2021-07-06 00:00:00,CUSTOMER_ONBOARDING_SVC
CUST001112,Ivan Patel,1968-06-18,c89b9e7c30e4,high,verified,AU,2022-04-10 00:00:00,CUSTOMER_ONBOARDING_SVC
CUST001113,Elena Al-Sayed,1992-07-04,11936715b5af,high,verified,NG,2024-01-17 00:00:00,CUSTOMER_ONBOARDING_SVC
CUST001114,Omar Wilson,1983-06-08,137279a77915,low,expired,CA,2021-01-07 00:00:00,CUSTOMER_ONBOARDING_SVC
CUST001115,Sophia Mehta,1983-03-30,5935e186ca6b,low,verified,CA,2026-05-23 00:00:00,CUSTOMER_ONBOARDING_SVC
CUST001116,Hassan Wilson,1987-07-03,6b52a622ca2e,medium,expired,US,2025-04-30 00:00:00,CUSTOMER_ONBOARDING_SVC
CUST001117,Arjun Anderson,1991-07-27,c7d0aca78d92,medium,verified,AE,2025-07-24 00:00:00,CUSTOMER_ONBOARDING_SVC
CUST001118,Mason Davis,1968-04-24,c000ad54c699,medium,verified,NG,2024-06-17 00:00:00,CUSTOMER_ONBOARDING_SVC
CUST001119,James Anderson,1964-01-23,0947561cb82d,,pending,CA,2019-06-02 00:00:00,CUSTOMER_ONBOARDING_SVC
CUST001120,Omar Miller,1986-10-16,b28e0d0ddb2c,medium,expired,DE,2019-06-07 00:00:00,CUSTOMER_ONBOARDING_SVC
CUST001121,Ava Martinez,1964-09-01,aef6b64b30f0,low,verified,RU,2026-02-06 00:00:00,CUSTOMER_ONBOARDING_SVC
CUST001122,Diego Ivanov,1980-12-14,b726a8e4fc90,high,verified,DE,2023-05-09 00:00:00,CUSTOMER_ONBOARDING_SVC
CUST001123,Fatima Singh,1955-09-13,65502e7a32f4,medium,verified,CN,2024-08-28 00:00:00,CUSTOMER_ONBOARDING_SVC
CUST001124,Ivan Smith,1975-11-02,e76c1419f78d,medium,verified,US,2021-05-02 00:00:00,CUSTOMER_ONBOARDING_SVC
CUST001125,Amelia Johnson,1989-06-16,e0bb62760ab4,low,verified,SG,2021-07-28 00:00:00,CUSTOMER_ONBOARDING_SVC
CUST001126,Amelia Wilson,1983-03-16,ab0da4d6b9da,low,verified,GB,2019-02-12 00:00:00,CUSTOMER_ONBOARDING_SVC
CUST001127,Rohan Johnson,1964-07-09,1c3cfdb5bf32,high,verified,GB,2020-08-06 00:00:00,CUSTOMER_ONBOARDING_SVC
CUST001128,Priya Lopez,2003-06-07,6ef8fae873cc,low,verified,IN,2024-01-13 00:00:00,CUSTOMER_ONBOARDING_SVC
CUST001129,Elena Davis,2001-09-24,b4d43c61ba4b,medium,verified,CA,2019-06-01 00:00:00,CUSTOMER_ONBOARDING_SVC
CUST001130,Amelia Tanaka,1962-10-17,1b8b5f96f04e,low,verified,GB,2019-07-15 00:00:00,CUSTOMER_ONBOARDING_SVC
CUST001131,Vikram Brown,2000-06-28,70c93eeac50d,low,pending,CN,2021-10-05 00:00:00,CUSTOMER_ONBOARDING_SVC
CUST001132,Noah Patel,1964-01-05,7e78b8b14fde,medium,verified,DE,2025-11-28 00:00:00,CUSTOMER_ONBOARDING_SVC
CUST001133,Aarav Mehta,1988-10-01,fe5ff6cd01bc,high,verified,CN,2020-06-20 00:00:00,CUSTOMER_ONBOARDING_SVC
CUST001134,Liam Gupta,1962-12-16,1800cf7b2a2e,,verified,AE,2023-10-16 00:00:00,CUSTOMER_ONBOARDING_SVC
CUST001135,Isha Patel,1978-08-08,3837b183fd32,medium,expired,DE,2024-11-17 00:00:00,CUSTOMER_ONBOARDING_SVC
CUST001136,Olivia Mehta,1998-07-08,0699ea53146e,high,pending,GB,2023-07-01 00:00:00,CUSTOMER_ONBOARDING_SVC
CUST001137,Liam Davis,1984-03-11,c7aa60b6f16a,high,pending,CA,2020-10-10 00:00:00,CUSTOMER_ONBOARDING_SVC
CUST001138,Mia Zhang,1998-05-26,b4bff4b5692b,medium,pending,CN,2023-06-27 00:00:00,CUSTOMER_ONBOARDING_SVC
CUST001139,Mason Patel,1983-12-30,88b9f698ecc9,high,verified,NG,2020-12-07 00:00:00,CUSTOMER_ONBOARDING_SVC
CUST001140,Sneha Smith,1974-08-23,683569f7c309,high,verified,CA,2021-10-23 00:00:00,CUSTOMER_ONBOARDING_SVC
CUST001141,Pooja Al-Sayed,1984-07-30,832619a3e9d2,,expired,US,2019-06-14 00:00:00,CUSTOMER_ONBOARDING_SVC
CUST001142,Ava Garcia,1960-09-10,5feeae661bb3,low,expired,NG,2025-05-06 00:00:00,CUSTOMER_ONBOARDING_SVC
CUST001143,Mia Zhang,1981-01-12,87e92a3380f7,low,verified,AE,2019-10-24 00:00:00,CUSTOMER_ONBOARDING_SVC
CUST001144,Priya Wilson,1999-12-29,ae7d8eee4220,medium,verified,US,2022-06-18 00:00:00,CUSTOMER_ONBOARDING_SVC
CUST001145,Riya Patel,1966-02-03,bd225f9d670f,high,pending,GB,2022-03-28 00:00:00,CUSTOMER_ONBOARDING_SVC
CUST001146,Vikram Wilson,1956-10-22,9d0b24067f73,high,expired,DE,2018-03-02 00:00:00,CUSTOMER_ONBOARDING_SVC
CUST001147,Aditya Lopez,1984-01-16,bafc454219bb,medium,verified,GB,2022-10-08 00:00:00,CUSTOMER_ONBOARDING_SVC
CUST001148,Elena Tanaka,1981-02-16,e5f8a2f1f18c,low,verified,DE,2022-10-26 00:00:00,CUSTOMER_ONBOARDING_SVC
CUST001149,Layla Wilson,1989-04-22,f351113643b5,medium,pending,AE,2018-03-12 00:00:00,CUSTOMER_ONBOARDING_SVC
CUST001150,Elena Sharma,1975-10-28,756d7cb12587,low,pending,DE,2023-01-06 00:00:00,CUSTOMER_ONBOARDING_SVC
CUST001151,Ananya Kumar,1970-03-09,c4b3487ef6c0,medium,expired,NG,2020-04-30 00:00:00,CUSTOMER_ONBOARDING_SVC
CUST001152,Elena Mehta,1999-04-08,a1733fa19ea7,medium,verified,IN,2020-10-29 00:00:00,CUSTOMER_ONBOARDING_SVC
CUST001153,Chen Davis,1979-01-21,c1d25ecba552,low,expired,IN,2025-09-28 00:00:00,CUSTOMER_ONBOARDING_SVC
CUST001154,Noah Chen,2001-02-24,f5c03b552206,high,verified,CA,2024-03-22 00:00:00,CUSTOMER_ONBOARDING_SVC
CUST001155,Aarav Reddy,1965-11-24,285b875a2452,low,pending,NG,2019-11-12 00:00:00,CUSTOMER_ONBOARDING_SVC
CUST001156,Omar Tanaka,2004-01-30,83ac13cb7b5c,medium,verified,CN,2022-09-09 00:00:00,CUSTOMER_ONBOARDING_SVC
CUST001157,Emma Wilson,1988-05-04,8e7e79cda0de,high,verified,SG,2024-04-28 00:00:00,CUSTOMER_ONBOARDING_SVC
CUST001158,Sophia Wilson,1977-07-16,b1b568263d53,medium,verified,RU,2023-04-18 00:00:00,CUSTOMER_ONBOARDING_SVC
CUST001159,Arjun Reddy,1997-07-06,96459d4342a0,low,pending,NG,2018-02-10 00:00:00,CUSTOMER_ONBOARDING_SVC
CUST001159,Arjun Reddy,1997-07-06,96459d4342a0,low,pending,NG,2018-02-10 01:30:00,CUSTOMER_ONBOARDING_SVC
CUST001160,Aditya Nair,2003-03-30,5a5641cbd6ba,low,verified,US,2023-02-22 00:00:00,CUSTOMER_ONBOARDING_SVC
CUST001161,Hassan Mehta,1956-04-07,330b7a8ae1d3,low,verified,SG,2020-02-29 00:00:00,CUSTOMER_ONBOARDING_SVC
CUST001162,Mei Miller,2005-05-04,22d224018fd0,high,verified,GB,2024-01-26 00:00:00,CUSTOMER_ONBOARDING_SVC
CUST001163,James Martinez,1966-05-14,52e20a633218,medium,pending,US,2023-11-10 00:00:00,CUSTOMER_ONBOARDING_SVC
CUST001164,Mei Khan,1973-10-11,190f12b63fab,low,verified,CA,2019-11-20 00:00:00,CUSTOMER_ONBOARDING_SVC
CUST001165,Rohan Tanaka,1984-01-04,042ab2cb9490,low,verified,IN,2018-11-15 00:00:00,CUSTOMER_ONBOARDING_SVC
CUST001166,Fatima Kumar,2005-04-02,6cd7cef87df4,medium,pending,AE,2022-05-30 00:00:00,CUSTOMER_ONBOARDING_SVC
CUST001167,Ananya Lopez,1969-11-26,c576e26c1bd3,low,verified,AE,2025-02-08 00:00:00,CUSTOMER_ONBOARDING_SVC
CUST001168,Divya Anderson,1986-03-28,852a420c8313,low,verified,DE,2019-12-31 00:00:00,CUSTOMER_ONBOARDING_SVC
CUST001169,Mei Anderson,1989-04-24,3be4fdb5cc95,low,verified,AE,2022-03-13 00:00:00,CUSTOMER_ONBOARDING_SVC
CUST001170,Ava Kumar,1977-10-07,1ecc8357350d,low,expired,SG,2023-08-22 00:00:00,CUSTOMER_ONBOARDING_SVC
CUST001171,James Smith,1960-02-19,2eda8e73c25b,low,pending,AU,2024-06-01 00:00:00,CUSTOMER_ONBOARDING_SVC
CUST001172,Layla Kumar,1988-02-25,2482dd031151,medium,verified,IN,2018-04-29 00:00:00,CUSTOMER_ONBOARDING_SVC
CUST001173,Divya Patel,1960-08-04,cb0ed7b6d640,low,expired,CA,2021-07-11 00:00:00,CUSTOMER_ONBOARDING_SVC
CUST001174,Ava Khan,1970-03-07,3b3aba01c560,high,verified,SG,2024-07-31 00:00:00,CUSTOMER_ONBOARDING_SVC
CUST001175,Sneha Singh,1999-12-29,869a8f92d6d8,high,verified,AE,2019-08-28 00:00:00,CUSTOMER_ONBOARDING_SVC
CUST001176,Fatima Davis,1955-04-16,1fa0a8605e9d,low,expired,CN,2021-06-28 00:00:00,CUSTOMER_ONBOARDING_SVC
CUST001177,Elena Chen,1965-06-06,4dbba9252a33,low,verified,US,2019-01-06 00:00:00,CUSTOMER_ONBOARDING_SVC
CUST001178,Aarav Nair,1988-08-07,5df69874387e,low,verified,AU,2023-03-01 00:00:00,CUSTOMER_ONBOARDING_SVC
CUST001179,Arjun Johnson,1989-01-11,153b3e52b739,low,verified,IN,2025-12-01 00:00:00,CUSTOMER_ONBOARDING_SVC
CUST001180,Emma Nair,1981-06-17,f7a574a6540c,high,pending,CN,2020-11-28 00:00:00,CUSTOMER_ONBOARDING_SVC
CUST001181,Omar Chen,1970-04-18,505689506c56,medium,pending,AU,2018-05-31 00:00:00,CUSTOMER_ONBOARDING_SVC
CUST001182,Liam Nair,2000-03-12,e11b7a5d46e3,high,verified,SG,2024-03-09 00:00:00,CUSTOMER_ONBOARDING_SVC
CUST001183,Rahul Kumar,1971-09-22,78f4e46cc59b,low,pending,NG,2023-05-01 00:00:00,CUSTOMER_ONBOARDING_SVC
CUST001184,Rahul Brown,1987-03-13,3bad1d6f31c7,low,pending,US,2018-02-02 00:00:00,CUSTOMER_ONBOARDING_SVC
CUST001185,Ethan Johnson,1996-11-18,65f54edc5676,low,verified,CN,2024-02-18 00:00:00,CUSTOMER_ONBOARDING_SVC
CUST001186,Mia Tanaka,1977-08-29,47faacc151a5,low,expired,AE,2026-02-10 00:00:00,CUSTOMER_ONBOARDING_SVC
CUST001187,Nikhil Wilson,1992-10-07,41d715a863d3,low,expired,US,2022-10-11 00:00:00,CUSTOMER_ONBOARDING_SVC
CUST001188,Chen Zhang,1972-10-21,a0a5608627d7,low,verified,NG,2024-05-15 00:00:00,CUSTOMER_ONBOARDING_SVC
CUST001189,Meera Garcia,1990-07-11,b9d087eb53cd,medium,verified,CA,2019-11-09 00:00:00,CUSTOMER_ONBOARDING_SVC
CUST001190,Isha Mehta,1994-03-01,eace95be2300,high,verified,AE,2019-01-05 00:00:00,CUSTOMER_ONBOARDING_SVC
CUST001190,Isha Mehta,1994-03-01,eace95be2300,high,verified,AE,2019-01-05 00:21:00,CUSTOMER_ONBOARDING_SVC
CUST001191,Ethan Kumar,2004-04-29,0df7ab8f276b,medium,verified,CA,2025-09-14 00:00:00,CUSTOMER_ONBOARDING_SVC
CUST001192,Karan Miller,1983-07-24,9e5499f09907,medium,verified,CN,2019-07-01 00:00:00,CUSTOMER_ONBOARDING_SVC
CUST001193,Mia Anderson,1986-02-13,3de854768deb,,expired,US,2023-06-24 00:00:00,CUSTOMER_ONBOARDING_SVC
CUST001194,Sophia Brown,1955-02-22,2b2bf9aa6a40,medium,pending,NG,2024-11-05 00:00:00,CUSTOMER_ONBOARDING_SVC
CUST001195,Pooja Johnson,1963-05-01,1298e0e6b7d8,medium,verified,DE,2021-10-22 00:00:00,CUSTOMER_ONBOARDING_SVC
CUST001196,Rahul Smith,1971-02-08,f2131d087812,medium,expired,DE,2019-11-01 00:00:00,CUSTOMER_ONBOARDING_SVC
CUST001197,Karan Al-Sayed,1956-02-05,81e9db6ab61d,low,verified,DE,2019-10-21 00:00:00,CUSTOMER_ONBOARDING_SVC
CUST001198,Mia Davis,1982-03-07,b77a711775e6,low,verified,IN,2022-10-07 00:00:00,CUSTOMER_ONBOARDING_SVC
CUST001199,Wei Zhang,2002-12-31,7f7375928f3c,low,verified,SG,2022-02-03 00:00:00,CUSTOMER_ONBOARDING_SVC
CUST001200,Meera Sharma,1978-02-17,8c4552c8c18a,medium,expired,SG,2020-03-20 00:00:00,CUSTOMER_ONBOARDING_SVC
CUST001201,Divya Tanaka,1987-12-08,2cb2e6d5ed21,medium,verified,CA,2018-07-25 00:00:00,CUSTOMER_ONBOARDING_SVC
CUST001202,Layla Smith,1981-04-22,c27b4be3aeff,medium,verified,CN,2022-01-01 00:00:00,CUSTOMER_ONBOARDING_SVC
CUST001203,Rahul Anderson,1977-04-22,e4c9b93335cf,low,expired,DE,2019-12-19 00:00:00,CUSTOMER_ONBOARDING_SVC
CUST001204,Emma Garcia,1976-11-24,9d00d7aefb89,medium,expired,CA,2026-03-21 00:00:00,CUSTOMER_ONBOARDING_SVC
CUST001205,Karan Miller,1962-01-24,17909f840843,high,verified,NG,2021-10-15 00:00:00,CUSTOMER_ONBOARDING_SVC
CUST001206,Ananya Davis,1972-03-11,e4cabd36ad69,low,verified,US,2024-05-27 00:00:00,CUSTOMER_ONBOARDING_SVC
CUST001207,Sneha Garcia,1997-06-05,49c95a0c1a4d,medium,verified,RU,2020-05-31 00:00:00,CUSTOMER_ONBOARDING_SVC
CUST001208,Chen Miller,1980-07-24,5a2f3ba55499,low,pending,CN,2021-01-21 00:00:00,CUSTOMER_ONBOARDING_SVC
CUST001209,Lucia Lopez,1983-07-18,99da2201138c,,verified,AU,2019-02-02 00:00:00,CUSTOMER_ONBOARDING_SVC
CUST001210,Chen Chen,1992-09-30,0c6914275da1,medium,verified,RU,2025-02-13 00:00:00,CUSTOMER_ONBOARDING_SVC
CUST001211,Noah Garcia,1968-08-13,1da99d575d50,high,pending,CA,2023-03-08 00:00:00,CUSTOMER_ONBOARDING_SVC
CUST001212,Rahul Khan,1962-01-19,de13033597db,medium,expired,RU,2025-01-30 00:00:00,CUSTOMER_ONBOARDING_SVC
CUST001213,Olivia Johnson,1995-07-04,e7ee56c036b4,medium,verified,SG,2025-07-25 00:00:00,CUSTOMER_ONBOARDING_SVC
CUST001214,Mason Sharma,2004-12-02,44e193fd93d6,medium,verified,GB,2026-05-06 00:00:00,CUSTOMER_ONBOARDING_SVC
CUST001215,Divya Kumar,1974-08-02,c9e40706ba18,low,expired,DE,2020-05-15 00:00:00,CUSTOMER_ONBOARDING_SVC
CUST001216,Mia Anderson,1986-08-01,a0f24938b1d0,low,pending,DE,2026-06-05 00:00:00,CUSTOMER_ONBOARDING_SVC
CUST001217,Noah Wilson,2002-10-10,338cfeff1ef9,low,pending,NG,2022-05-26 00:00:00,CUSTOMER_ONBOARDING_SVC
CUST001218,Isha Miller,1955-04-20,baf99a895916,low,pending,GB,2023-12-22 00:00:00,CUSTOMER_ONBOARDING_SVC
CUST001219,Mason Davis,1971-12-12,66eede6fa055,low,expired,DE,2025-02-19 00:00:00,CUSTOMER_ONBOARDING_SVC
CUST001220,Elena Ivanov,1957-01-18,7518a96be0bc,medium,verified,DE,2021-08-24 00:00:00,CUSTOMER_ONBOARDING_SVC
CUST001221,Priya Ivanov,1989-12-05,13ad1110bfe6,medium,verified,RU,2024-03-11 00:00:00,CUSTOMER_ONBOARDING_SVC
CUST001222,Isha Tanaka,1983-12-15,b0f742f10fdf,low,verified,AE,2019-06-28 00:00:00,CUSTOMER_ONBOARDING_SVC
CUST001223,Chen Chen,1970-11-13,f18e9a0b0738,medium,verified,AE,2023-03-05 00:00:00,CUSTOMER_ONBOARDING_SVC
CUST001224,Riya Chen,1955-08-14,97ab0fb5f16a,low,pending,US,2026-05-25 00:00:00,CUSTOMER_ONBOARDING_SVC
CUST001225,Mason Smith,1965-11-08,5ccf07caa2db,medium,expired,NG,2026-01-10 00:00:00,CUSTOMER_ONBOARDING_SVC
CUST001226,Mia Ivanov,1987-08-08,bf6d55b3dce5,high,expired,IN,2022-06-25 00:00:00,CUSTOMER_ONBOARDING_SVC
CUST001227,James Martinez,1970-02-27,82313217d1b4,medium,verified,US,2022-02-10 00:00:00,CUSTOMER_ONBOARDING_SVC
CUST001228,Ava Al-Sayed,1996-02-10,ce8fd4f9c33b,medium,verified,US,2025-12-14 00:00:00,CUSTOMER_ONBOARDING_SVC
CUST001229,Diego Zhang,2005-12-23,359ccb50281c,medium,verified,GB,2021-02-01 00:00:00,CUSTOMER_ONBOARDING_SVC
CUST001230,Sophia Martinez,1981-02-15,83dba208f3c8,high,verified,SG,2021-06-10 00:00:00,CUSTOMER_ONBOARDING_SVC
CUST001231,Meera Ivanov,1968-02-23,ac54bba670f6,low,pending,CN,2024-10-24 00:00:00,CUSTOMER_ONBOARDING_SVC
CUST001232,Meera Martinez,1978-04-10,d28de4ded129,high,expired,IN,2022-01-31 00:00:00,CUSTOMER_ONBOARDING_SVC
CUST001233,Rohan Garcia,1968-12-25,232a66229e46,medium,verified,AU,2024-08-01 00:00:00,CUSTOMER_ONBOARDING_SVC
CUST001234,Omar Tanaka,1998-06-03,bfc4b40042c3,low,verified,CN,2022-04-05 00:00:00,CUSTOMER_ONBOARDING_SVC
CUST001235,Divya Al-Sayed,1986-12-25,51c2aabf185f,medium,expired,AE,2023-08-06 00:00:00,CUSTOMER_ONBOARDING_SVC
CUST001236,Omar Mehta,1987-08-14,ba4236ddf8f1,low,pending,AE,2025-06-13 00:00:00,CUSTOMER_ONBOARDING_SVC
CUST001237,Layla Ivanov,1962-02-16,0ac44423aae2,medium,expired,NG,2018-08-18 00:00:00,CUSTOMER_ONBOARDING_SVC
CUST001238,Riya Mehta,1970-12-02,4aa31087de56,medium,verified,CA,2018-06-14 00:00:00,CUSTOMER_ONBOARDING_SVC
CUST001239,Vikram Gupta,1982-02-28,e1d3b138d6ee,low,verified,NG,2018-09-07 00:00:00,CUSTOMER_ONBOARDING_SVC
CUST001240,Sneha Brown,1961-07-21,2f2272d7fde5,medium,verified,AU,2020-03-15 00:00:00,CUSTOMER_ONBOARDING_SVC
CUST001241,Chen Tanaka,1955-11-11,b15094d109d3,medium,verified,GB,2024-07-10 00:00:00,CUSTOMER_ONBOARDING_SVC
CUST001242,Mei Chen,1977-08-02,dcee95b092e7,medium,expired,IN,2026-06-18 00:00:00,CUSTOMER_ONBOARDING_SVC
CUST001243,Liam Al-Sayed,1978-09-14,2e59dde0e065,low,verified,GB,2023-12-20 00:00:00,CUSTOMER_ONBOARDING_SVC
CUST001244,Isha Tanaka,1983-08-21,809bbcaecb4c,medium,pending,IN,2023-09-19 00:00:00,CUSTOMER_ONBOARDING_SVC
CUST001245,Diego Brown,2003-04-27,3717c8dec163,low,verified,AU,2020-01-19 00:00:00,CUSTOMER_ONBOARDING_SVC
CUST001246,Omar Tanaka,1981-12-02,98b552beb5b0,low,expired,US,2024-11-01 00:00:00,CUSTOMER_ONBOARDING_SVC
CUST001247,Rohan Reddy,1969-02-04,3b7c2d7517c2,medium,pending,RU,2021-08-26 00:00:00,CUSTOMER_ONBOARDING_SVC
CUST001248,James Tanaka,1988-04-07,71df8baaa5d2,low,verified,GB,2019-08-17 00:00:00,CUSTOMER_ONBOARDING_SVC
CUST001249,Elena Miller,1955-07-05,352347c4d12a,low,pending,DE,2022-07-14 00:00:00,CUSTOMER_ONBOARDING_SVC
CUST001250,Priya Zhang,1973-09-18,630ca09c68ae,high,verified,AE,2025-06-04 00:00:00,CUSTOMER_ONBOARDING_SVC
CUST001251,Noah Anderson,1972-11-22,86274b004392,medium,expired,NG,2020-05-30 00:00:00,CUSTOMER_ONBOARDING_SVC
CUST001252,Wei Ivanov,1997-02-25,b2bd584ccbbb,high,pending,RU,2018-07-08 00:00:00,CUSTOMER_ONBOARDING_SVC
CUST001253,Chen Martinez,1960-04-27,ff49a878cf22,low,verified,DE,2019-02-20 00:00:00,CUSTOMER_ONBOARDING_SVC
CUST001254,Arjun Ivanov,1984-02-12,410fd219fbec,medium,verified,US,2026-03-20 00:00:00,CUSTOMER_ONBOARDING_SVC
CUST001255,Diego Mehta,2004-01-14,c084cc5d14ea,low,expired,SG,2025-05-30 00:00:00,CUSTOMER_ONBOARDING_SVC
CUST001256,Vikram Zhang,1987-05-29,3a25dc24bf08,high,verified,SG,2023-01-01 00:00:00,CUSTOMER_ONBOARDING_SVC
CUST001257,James Smith,1957-01-28,13abcba5e3d4,low,pending,RU,2019-07-29 00:00:00,CUSTOMER_ONBOARDING_SVC
CUST001258,Sneha Wilson,1956-06-14,539e7bbd9fa9,medium,verified,SG,2024-05-06 00:00:00,CUSTOMER_ONBOARDING_SVC
CUST001259,Liam Martinez,1961-01-08,b9cc1b2083a6,low,expired,SG,2026-03-28 00:00:00,CUSTOMER_ONBOARDING_SVC
CUST001260,Fatima Singh,1997-01-10,704f013045e3,high,verified,RU,2024-11-03 00:00:00,CUSTOMER_ONBOARDING_SVC
CUST001261,Diego Ivanov,1984-08-23,caad197b5777,low,expired,CN,2018-10-27 00:00:00,CUSTOMER_ONBOARDING_SVC
CUST001262,Amelia Sharma,1981-05-11,d3327fc6a555,,pending,DE,2018-01-27 00:00:00,CUSTOMER_ONBOARDING_SVC
CUST001263,Nikhil Martinez,1984-04-20,9927f32294e0,medium,verified,AU,2023-12-21 00:00:00,CUSTOMER_ONBOARDING_SVC
CUST001264,Elena Gupta,1968-04-20,f602f730a751,low,verified,AE,2020-04-24 00:00:00,CUSTOMER_ONBOARDING_SVC
CUST001265,Arjun Anderson,1961-03-19,cefb1930f2da,low,verified,SG,2021-09-03 00:00:00,CUSTOMER_ONBOARDING_SVC
CUST001266,Nikhil Nair,1957-06-13,9858957d92da,medium,verified,SG,2019-07-17 00:00:00,CUSTOMER_ONBOARDING_SVC
CUST001267,Pooja Miller,1995-02-01,b756485b7889,medium,verified,IN,2022-12-02 00:00:00,CUSTOMER_ONBOARDING_SVC
CUST001268,Isha Wilson,2001-05-03,17cfe580ce1d,low,verified,RU,2019-05-14 00:00:00,CUSTOMER_ONBOARDING_SVC
CUST001269,Noah Davis,1973-11-14,b86ef8f504f8,medium,verified,AE,2019-01-07 00:00:00,CUSTOMER_ONBOARDING_SVC
CUST001270,Lucas Davis,1963-12-23,7316c66179de,low,verified,DE,2021-12-23 00:00:00,CUSTOMER_ONBOARDING_SVC
CUST001271,Ananya Al-Sayed,1989-12-17,9b74f8723b63,low,verified,AU,2023-04-15 00:00:00,CUSTOMER_ONBOARDING_SVC
CUST001272,Isha Martinez,1966-06-24,a8a242ffb8af,low,verified,IN,2023-10-26 00:00:00,CUSTOMER_ONBOARDING_SVC
CUST001273,Liam Garcia,1992-03-21,683e8e76b4b7,medium,verified,RU,2019-10-08 00:00:00,CUSTOMER_ONBOARDING_SVC
CUST001274,Isha Garcia,1969-07-26,0f5358e6e2f0,medium,verified,US,2018-05-03 00:00:00,CUSTOMER_ONBOARDING_SVC
CUST001275,Noah Sharma,1984-09-30,d2bfbce4bea9,medium,verified,IN,2018-04-27 00:00:00,CUSTOMER_ONBOARDING_SVC
CUST001276,Chen Ivanov,1970-03-25,dd36ea90d88e,low,verified,NG,2019-10-10 00:00:00,CUSTOMER_ONBOARDING_SVC
CUST001277,Wei Chen,2003-02-25,4e4bd42b1e3b,low,,DE,2022-12-09 00:00:00,CUSTOMER_ONBOARDING_SVC
CUST001278,James Gupta,2003-06-12,708a18f4cc06,medium,verified,SG,2022-02-06 00:00:00,CUSTOMER_ONBOARDING_SVC
CUST001279,Nikhil Wilson,1967-10-17,7b46de6fd1e6,high,verified,CN,2020-07-12 00:00:00,CUSTOMER_ONBOARDING_SVC
CUST001280,Riya Mehta,1971-07-25,ae2c1d701129,high,verified,GB,2026-03-10 00:00:00,CUSTOMER_ONBOARDING_SVC
CUST001281,Elena Smith,1984-06-03,1685fc8d3de4,low,verified,CN,2022-09-25 00:00:00,CUSTOMER_ONBOARDING_SVC
CUST001282,Lucas Al-Sayed,1972-10-02,a25f6347399c,low,verified,IN,2020-01-17 00:00:00,CUSTOMER_ONBOARDING_SVC
CUST001283,Aarav Martinez,1998-05-29,8a9eda163448,low,expired,CA,2021-11-09 00:00:00,CUSTOMER_ONBOARDING_SVC
CUST001284,Diego Kumar,2001-02-26,9dbfbfed73b4,low,verified,GB,2021-10-13 00:00:00,CUSTOMER_ONBOARDING_SVC
CUST001285,Karan Khan,2001-07-26,1ddf4167b366,low,verified,SG,2020-12-12 00:00:00,CUSTOMER_ONBOARDING_SVC
CUST001286,Lucia Kumar,2004-05-20,edec7f4b8e24,low,verified,US,2025-12-29 00:00:00,CUSTOMER_ONBOARDING_SVC
CUST001287,Ananya Wilson,1990-09-01,7a8b971eaaf5,low,verified,CN,2023-09-24 00:00:00,CUSTOMER_ONBOARDING_SVC
CUST001288,Ethan Wilson,1968-08-13,5c7d6056847e,medium,expired,RU,2024-04-24 00:00:00,CUSTOMER_ONBOARDING_SVC
CUST001289,Omar Reddy,1969-03-29,3a7e0e994e3c,high,verified,SG,2019-02-15 00:00:00,CUSTOMER_ONBOARDING_SVC
CUST001290,Meera Anderson,1993-01-15,44225e3d5f23,low,verified,RU,2020-04-08 00:00:00,CUSTOMER_ONBOARDING_SVC
CUST001291,Mason Tanaka,1983-11-18,1f2d73bdf6a0,,verified,CA,2019-07-12 00:00:00,CUSTOMER_ONBOARDING_SVC
CUST001292,Mei Lopez,1960-04-24,f32335f3e9bd,medium,verified,US,2026-06-21 00:00:00,CUSTOMER_ONBOARDING_SVC
CUST001293,Riya Miller,1992-08-04,a977c141ceac,medium,verified,CN,2022-05-21 00:00:00,CUSTOMER_ONBOARDING_SVC
CUST001294,Arjun Miller,1968-08-15,d39e38c526ca,medium,verified,US,2020-04-23 00:00:00,CUSTOMER_ONBOARDING_SVC
CUST001295,Olivia Wilson,1997-04-07,fb2840d57794,high,pending,US,2020-08-09 00:00:00,CUSTOMER_ONBOARDING_SVC
CUST001296,Vikram Ivanov,1979-05-31,ec19c062b5c0,medium,verified,SG,2018-06-17 00:00:00,CUSTOMER_ONBOARDING_SVC
CUST001297,Yuki Johnson,2001-11-27,94814b776ba7,low,expired,AE,2019-02-27 00:00:00,CUSTOMER_ONBOARDING_SVC
CUST001298,Yuki Zhang,1992-10-30,2c211a0e549c,high,verified,DE,2018-08-21 00:00:00,CUSTOMER_ONBOARDING_SVC
CUST001299,James Al-Sayed,1984-07-02,f5b48ae3eaac,high,verified,NG,2022-09-15 00:00:00,CUSTOMER_ONBOARDING_SVC
CUST001300,Riya Martinez,1974-11-11,619cd9816ded,medium,verified,CA,2024-08-18 00:00:00,CUSTOMER_ONBOARDING_SVC
CUST001301,Elena Miller,2001-07-23,91b49149c922,medium,verified,RU,2025-06-27 00:00:00,CUSTOMER_ONBOARDING_SVC
CUST001302,Elena Kumar,1976-05-28,9575fabd86d1,medium,expired,US,2022-01-17 00:00:00,CUSTOMER_ONBOARDING_SVC
CUST001303,Diego Chen,2001-11-24,9291a2602195,medium,pending,RU,2018-06-02 00:00:00,CUSTOMER_ONBOARDING_SVC
CUST001304,Ava Kumar,1991-12-23,af9acc3c3219,high,pending,GB,2018-04-27 00:00:00,CUSTOMER_ONBOARDING_SVC
CUST001305,Riya Smith,1959-04-16,99ed322206c2,medium,verified,CA,2021-08-22 00:00:00,CUSTOMER_ONBOARDING_SVC
CUST001306,Noah Ivanov,1986-04-08,b508be6152bc,medium,verified,DE,2019-12-06 00:00:00,CUSTOMER_ONBOARDING_SVC
CUST001307,Nikhil Brown,1964-02-02,030335b9853a,low,pending,GB,2026-02-05 00:00:00,CUSTOMER_ONBOARDING_SVC
CUST001308,James Zhang,1986-06-15,3ad78be48915,medium,verified,CA,2021-10-12 00:00:00,CUSTOMER_ONBOARDING_SVC
CUST001309,Ivan Johnson,2005-04-13,c2f4cbb2b631,medium,expired,NG,2021-04-28 00:00:00,CUSTOMER_ONBOARDING_SVC
CUST001310,Chen Khan,1978-08-18,3208f6de3619,high,verified,DE,2019-08-21 00:00:00,CUSTOMER_ONBOARDING_SVC
CUST001311,Liam Lopez,1962-05-17,e12ad7a74428,low,pending,RU,2021-08-19 00:00:00,CUSTOMER_ONBOARDING_SVC
CUST001312,Priya Tanaka,1974-08-24,09cd8a041334,low,pending,AE,2020-10-01 00:00:00,CUSTOMER_ONBOARDING_SVC
CUST001313,Priya Lopez,1994-05-19,01d7c867e9cc,medium,expired,CA,2022-08-25 00:00:00,CUSTOMER_ONBOARDING_SVC
CUST001314,Mia Al-Sayed,1989-09-23,979460b3df74,low,verified,RU,2026-05-17 00:00:00,CUSTOMER_ONBOARDING_SVC
CUST001315,Riya Brown,1987-01-13,64389ffd81df,high,verified,NG,2018-11-12 00:00:00,CUSTOMER_ONBOARDING_SVC
CUST001316,Ivan Gupta,2000-07-11,29e2918caab0,medium,expired,US,2025-12-11 00:00:00,CUSTOMER_ONBOARDING_SVC
CUST001317,Hassan Mehta,1979-02-22,285d460aa39c,low,pending,CA,2024-06-10 00:00:00,CUSTOMER_ONBOARDING_SVC
CUST001318,Rohan Sharma,1995-03-27,35596aaf468a,high,verified,NG,2024-04-08 00:00:00,CUSTOMER_ONBOARDING_SVC
CUST001319,Ethan Singh,1977-08-10,144aecb64bce,low,expired,GB,2026-02-28 00:00:00,CUSTOMER_ONBOARDING_SVC
CUST001320,Pooja Khan,1982-10-18,71cf4a7f4666,high,verified,CA,2024-01-15 00:00:00,CUSTOMER_ONBOARDING_SVC
CUST001321,Meera Anderson,1983-03-19,c77b1443b4b6,medium,verified,AU,2018-01-28 00:00:00,CUSTOMER_ONBOARDING_SVC
CUST001322,Mei Singh,1992-02-12,a5367c96613c,low,verified,NG,2026-03-11 00:00:00,CUSTOMER_ONBOARDING_SVC
CUST001323,Isha Sharma,1999-05-29,b6cc40981b56,low,verified,AU,2026-03-04 00:00:00,CUSTOMER_ONBOARDING_SVC
CUST001324,Lucas Davis,1997-07-24,095e4780cf65,low,verified,DE,2019-07-22 00:00:00,CUSTOMER_ONBOARDING_SVC
CUST001325,Yuki Singh,1978-05-16,f9df9a2faae8,low,verified,CN,2022-07-03 00:00:00,CUSTOMER_ONBOARDING_SVC
CUST001326,Karan Wilson,1956-10-30,46ccb485f3ed,low,expired,GB,2024-10-18 00:00:00,CUSTOMER_ONBOARDING_SVC
CUST001327,Omar Sharma,1984-04-28,b847d8287fcb,low,verified,IN,2022-04-25 00:00:00,CUSTOMER_ONBOARDING_SVC
CUST001328,Isha Nair,1999-09-12,d2105a27a509,medium,verified,AU,2020-01-15 00:00:00,CUSTOMER_ONBOARDING_SVC
CUST001329,Sophia Martinez,1994-07-15,3386fd71f783,low,expired,CN,2025-12-03 00:00:00,CUSTOMER_ONBOARDING_SVC
CUST001330,Layla Kumar,1981-02-22,7a7abdbb2425,low,verified,GB,2019-03-18 00:00:00,CUSTOMER_ONBOARDING_SVC
CUST001331,Meera Lopez,1995-10-16,24b69405850f,medium,pending,SG,2025-05-21 00:00:00,CUSTOMER_ONBOARDING_SVC
CUST001332,Riya Garcia,1976-06-25,927cbca1694b,low,pending,CN,2023-07-04 00:00:00,CUSTOMER_ONBOARDING_SVC
CUST001333,Ivan Kumar,1963-02-28,9ea623fd4c4c,high,verified,NG,2025-06-10 00:00:00,CUSTOMER_ONBOARDING_SVC
CUST001334,Layla Al-Sayed,1980-05-07,3d293356e3b4,low,pending,AE,2021-08-05 00:00:00,CUSTOMER_ONBOARDING_SVC
CUST001335,Lucas Singh,1957-02-19,d924884427e7,low,verified,CA,2023-07-06 00:00:00,CUSTOMER_ONBOARDING_SVC
CUST001336,Liam Khan,2002-04-30,7dc4e8d6b800,low,verified,IN,2018-06-20 00:00:00,CUSTOMER_ONBOARDING_SVC
CUST001337,Noah Ivanov,2002-12-07,7391d8704089,low,verified,IN,2018-04-25 00:00:00,CUSTOMER_ONBOARDING_SVC
CUST001338,Amelia Ivanov,2002-01-03,02c7f01f5b33,medium,verified,NG,2020-01-01 00:00:00,CUSTOMER_ONBOARDING_SVC
CUST001339,Isha Mehta,1961-07-18,27f95c5ae871,low,pending,SG,2026-01-03 00:00:00,CUSTOMER_ONBOARDING_SVC
CUST001340,Pooja Zhang,1981-01-21,807cab0992f7,low,verified,US,2018-01-20 00:00:00,CUSTOMER_ONBOARDING_SVC
CUST001341,Mia Patel,1967-09-17,9279258d2f93,low,expired,CN,2024-09-18 00:00:00,CUSTOMER_ONBOARDING_SVC
CUST001342,Olivia Nair,1979-06-17,4b823f683109,high,verified,AU,2022-08-04 00:00:00,CUSTOMER_ONBOARDING_SVC
CUST001343,Yuki Smith,1955-12-08,5826c8dd0126,high,pending,RU,2025-01-10 00:00:00,CUSTOMER_ONBOARDING_SVC
CUST001344,Vikram Al-Sayed,1965-05-05,59bff5152cb0,medium,verified,US,2019-10-13 00:00:00,CUSTOMER_ONBOARDING_SVC
CUST001345,Mia Johnson,1980-09-12,456d28ef108b,medium,verified,NG,2021-03-12 00:00:00,CUSTOMER_ONBOARDING_SVC
CUST001346,Ananya Anderson,1973-01-05,b056fd064aec,medium,verified,CA,2019-06-05 00:00:00,CUSTOMER_ONBOARDING_SVC
CUST001347,Isha Singh,1976-09-08,3c1d5c27ee83,medium,verified,US,2022-11-21 00:00:00,CUSTOMER_ONBOARDING_SVC
CUST001348,Fatima Nair,1983-07-10,6a6bf6d88cac,medium,verified,AE,2018-06-29 00:00:00,CUSTOMER_ONBOARDING_SVC
CUST001349,Ethan Chen,1960-01-24,f0d623060ba3,medium,verified,AE,2022-05-22 00:00:00,CUSTOMER_ONBOARDING_SVC
CUST001350,Ava Khan,1957-04-09,69a26751ac34,low,verified,CA,2022-12-10 00:00:00,CUSTOMER_ONBOARDING_SVC
CUST001351,Noah Patel,1960-11-04,3e1b79bcca18,,expired,US,2022-08-07 00:00:00,CUSTOMER_ONBOARDING_SVC
CUST001352,Rahul Gupta,1975-12-18,687416398ac4,medium,verified,US,2018-01-25 00:00:00,CUSTOMER_ONBOARDING_SVC
CUST001353,Nikhil Al-Sayed,2005-07-26,23439b05092a,low,verified,IN,2024-02-13 00:00:00,CUSTOMER_ONBOARDING_SVC
CUST001354,Liam Khan,1989-09-12,f77cbc9dad52,high,verified,RU,2023-01-16 00:00:00,CUSTOMER_ONBOARDING_SVC
CUST001355,Lucia Tanaka,1995-10-01,282a53f4d5f0,low,verified,CN,2024-01-07 00:00:00,CUSTOMER_ONBOARDING_SVC
CUST001356,James Reddy,1956-11-17,1c200c158737,low,verified,SG,2022-11-04 00:00:00,CUSTOMER_ONBOARDING_SVC
CUST001357,Mia Gupta,1986-08-31,10daa6616263,medium,pending,AU,2020-05-02 00:00:00,CUSTOMER_ONBOARDING_SVC
CUST001358,Lucia Garcia,1984-03-31,ba60f132b347,medium,verified,SG,2025-06-18 00:00:00,CUSTOMER_ONBOARDING_SVC
CUST001359,Aditya Ivanov,1987-08-09,3c1f1759b0f0,medium,pending,AU,2023-03-13 00:00:00,CUSTOMER_ONBOARDING_SVC
CUST001360,Layla Al-Sayed,1981-12-10,4e8734eda9d0,medium,verified,CA,2024-12-29 00:00:00,CUSTOMER_ONBOARDING_SVC
CUST001361,Omar Davis,1994-09-28,6737e3470b51,high,verified,CN,2018-04-08 00:00:00,CUSTOMER_ONBOARDING_SVC
CUST001362,Elena Gupta,1991-01-20,d7d7eedd399c,low,verified,AU,2024-06-13 00:00:00,CUSTOMER_ONBOARDING_SVC
CUST001363,Yuki Brown,2002-08-08,80b501800a74,high,verified,RU,2026-03-31 00:00:00,CUSTOMER_ONBOARDING_SVC
CUST001363,Yuki Brown,2002-08-08,80b501800a74,high,verified,RU,2026-03-31 00:07:00,CUSTOMER_ONBOARDING_SVC
CUST001364,Ava Singh,1987-01-01,244a32f057fa,high,verified,SG,2020-04-11 00:00:00,CUSTOMER_ONBOARDING_SVC
CUST001365,Noah Martinez,1997-08-15,5c91049161e0,high,verified,CA,2021-10-18 00:00:00,CUSTOMER_ONBOARDING_SVC
CUST001366,Meera Reddy,1965-08-17,e199eb98096a,medium,pending,DE,2023-12-21 00:00:00,CUSTOMER_ONBOARDING_SVC
CUST001367,Riya Kumar,1968-02-27,1dbd5ceed34a,low,verified,AU,2022-12-28 00:00:00,CUSTOMER_ONBOARDING_SVC
CUST001368,Priya Martinez,1994-07-23,8607c6945b45,medium,,SG,2024-07-23 00:00:00,CUSTOMER_ONBOARDING_SVC
CUST001369,Ethan Brown,1988-03-11,95e7086a803e,low,verified,US,2018-10-10 00:00:00,CUSTOMER_ONBOARDING_SVC
CUST001370,Aditya Al-Sayed,1981-03-24,382c63d8bbe1,low,verified,SG,2025-12-23 00:00:00,CUSTOMER_ONBOARDING_SVC
CUST001371,Mason Reddy,1977-09-02,39c21130b32f,medium,verified,SG,2020-02-26 00:00:00,CUSTOMER_ONBOARDING_SVC
CUST001372,Rohan Patel,1976-06-04,95348d8a68a1,low,verified,AU,2025-11-09 00:00:00,CUSTOMER_ONBOARDING_SVC
CUST001373,Lucia Khan,1984-11-13,4dca8f544a45,low,verified,US,2024-03-08 00:00:00,CUSTOMER_ONBOARDING_SVC
CUST001374,Olivia Miller,1997-03-05,54b8d8094a4a,medium,verified,AE,2022-04-06 00:00:00,CUSTOMER_ONBOARDING_SVC
CUST001375,Fatima Davis,1985-09-10,70c00d263825,low,verified,DE,2019-06-27 00:00:00,CUSTOMER_ONBOARDING_SVC
CUST001376,Ananya Khan,2000-08-24,8e124b614d46,low,verified,SG,2019-04-10 00:00:00,CUSTOMER_ONBOARDING_SVC
CUST001377,Meera Martinez,1962-11-03,6d5cf2f97835,low,verified,AE,2018-11-05 00:00:00,CUSTOMER_ONBOARDING_SVC
CUST001378,Ivan Al-Sayed,1984-09-07,aba32e0ea009,low,expired,CA,2025-06-16 00:00:00,CUSTOMER_ONBOARDING_SVC
CUST001379,Ananya Reddy,1963-03-21,333148ab74a7,medium,verified,US,2018-01-16 00:00:00,CUSTOMER_ONBOARDING_SVC
CUST001380,Aditya Tanaka,1999-06-09,26ed1ccba04d,high,verified,AE,2024-10-15 00:00:00,CUSTOMER_ONBOARDING_SVC
CUST001381,Diego Reddy,1955-07-26,333db68a9165,low,verified,NG,2018-11-22 00:00:00,CUSTOMER_ONBOARDING_SVC
CUST001382,Divya Zhang,1971-11-19,6237e6048539,low,verified,US,2020-02-06 00:00:00,CUSTOMER_ONBOARDING_SVC
CUST001383,Fatima Al-Sayed,1974-07-31,1e25a515c2ad,low,verified,GB,2022-10-14 00:00:00,CUSTOMER_ONBOARDING_SVC
CUST001384,James Johnson,1960-10-19,57e41aa74466,low,pending,CN,2018-09-10 00:00:00,CUSTOMER_ONBOARDING_SVC
CUST001385,Ananya Khan,1956-01-29,a027a2f31c1b,high,verified,CA,2026-05-07 00:00:00,CUSTOMER_ONBOARDING_SVC
CUST001386,Chen Khan,1978-07-18,8c34e758342d,low,pending,US,2026-02-26 00:00:00,CUSTOMER_ONBOARDING_SVC
CUST001387,Yuki Brown,1972-01-27,216bacd78448,medium,verified,NG,2020-07-23 00:00:00,CUSTOMER_ONBOARDING_SVC
CUST001388,Mia Chen,1995-07-26,a7c4c037b1e6,low,pending,CA,2019-09-18 00:00:00,CUSTOMER_ONBOARDING_SVC
CUST001389,Meera Miller,1956-04-02,0f85a357dcf4,high,verified,SG,2022-11-15 00:00:00,CUSTOMER_ONBOARDING_SVC
CUST001390,Wei Gupta,1985-04-06,b0c3c32c98f4,low,pending,GB,2020-03-21 00:00:00,CUSTOMER_ONBOARDING_SVC
CUST001391,Nikhil Nair,1999-10-12,c095c03bc082,medium,verified,CA,2022-11-08 00:00:00,CUSTOMER_ONBOARDING_SVC
CUST001392,Noah Zhang,1980-12-15,443196e6543c,low,expired,CA,2019-08-03 00:00:00,CUSTOMER_ONBOARDING_SVC
CUST001393,Olivia Al-Sayed,1985-05-17,afc292ff5f76,low,expired,CN,2025-01-26 00:00:00,CUSTOMER_ONBOARDING_SVC
CUST001394,Sophia Zhang,1988-02-26,ae690ea32c47,,verified,CN,2024-05-04 00:00:00,CUSTOMER_ONBOARDING_SVC
CUST001395,Nikhil Brown,1997-09-20,d594bbbe3cf4,medium,verified,AU,2021-02-23 00:00:00,CUSTOMER_ONBOARDING_SVC
CUST001396,Noah Al-Sayed,1975-07-16,3cfde05056be,medium,expired,RU,2025-12-10 00:00:00,CUSTOMER_ONBOARDING_SVC
CUST001397,Priya Brown,1963-07-30,4e917b4cfe1a,low,expired,NG,2022-04-23 00:00:00,CUSTOMER_ONBOARDING_SVC
CUST001398,Emma Singh,1989-12-13,2974f398597b,low,verified,CA,2020-03-02 00:00:00,CUSTOMER_ONBOARDING_SVC
CUST001399,Aarav Brown,1998-04-17,1df2216b7b3f,low,verified,SG,2024-04-20 00:00:00,CUSTOMER_ONBOARDING_SVC
CUST001400,Aditya Al-Sayed,1965-10-19,e7bc878b350d,high,verified,AE,2021-04-25 00:00:00,CUSTOMER_ONBOARDING_SVC
CUST001401,Lucas Davis,1981-10-01,ec457fab666c,low,verified,IN,2020-12-05 00:00:00,CUSTOMER_ONBOARDING_SVC
CUST001402,Sophia Chen,1995-01-27,27ad8370b710,medium,expired,CN,2025-01-07 00:00:00,CUSTOMER_ONBOARDING_SVC
CUST001403,Lucia Smith,1995-09-02,11d1fbbab5b1,low,expired,AE,2021-03-12 00:00:00,CUSTOMER_ONBOARDING_SVC
CUST001404,Hassan Tanaka,1967-09-19,7164874657cb,high,pending,SG,2021-07-15 00:00:00,CUSTOMER_ONBOARDING_SVC
CUST001405,Noah Lopez,1980-05-19,cb3f3ae11bee,medium,expired,IN,2021-08-20 00:00:00,CUSTOMER_ONBOARDING_SVC
CUST001406,Yuki Singh,1967-07-21,cfcd0ab98a40,low,expired,US,2019-09-13 00:00:00,CUSTOMER_ONBOARDING_SVC
CUST001407,Ethan Brown,1992-01-08,0c2927df76db,low,pending,US,2021-11-08 00:00:00,CUSTOMER_ONBOARDING_SVC
CUST001408,Meera Anderson,1973-08-05,54586da39f03,low,verified,US,2023-01-12 00:00:00,CUSTOMER_ONBOARDING_SVC
CUST001409,Hassan Sharma,1975-03-26,f0dd654ddb5c,low,verified,IN,2023-05-15 00:00:00,CUSTOMER_ONBOARDING_SVC
CUST001410,Fatima Brown,1989-10-07,212f18a7dff7,,pending,SG,2026-06-24 00:00:00,CUSTOMER_ONBOARDING_SVC
CUST001411,Mason Anderson,1958-08-07,b842028e0b25,medium,verified,,2020-03-30 00:00:00,CUSTOMER_ONBOARDING_SVC
CUST001412,Ivan Garcia,1969-09-23,511936e3fbca,low,verified,NG,2022-06-15 00:00:00,CUSTOMER_ONBOARDING_SVC
CUST001413,Hassan Garcia,1989-11-05,19f573bab846,low,expired,NG,2019-10-17 00:00:00,CUSTOMER_ONBOARDING_SVC
CUST001414,Liam Chen,1994-12-21,ffacc1b4fff9,high,expired,IN,2024-10-07 00:00:00,CUSTOMER_ONBOARDING_SVC
CUST001415,Karan Ivanov,1972-12-15,3b3ba6d67b63,high,verified,AE,2024-05-24 00:00:00,CUSTOMER_ONBOARDING_SVC
CUST001416,Sophia Chen,1975-08-14,30885af40545,low,verified,IN,2024-05-10 00:00:00,CUSTOMER_ONBOARDING_SVC
CUST001417,Ava Nair,1989-11-10,5ec655bbe96c,low,pending,CA,2026-01-27 00:00:00,CUSTOMER_ONBOARDING_SVC
CUST001418,Hassan Lopez,1977-04-18,2d0e6cf0b673,medium,verified,GB,2018-11-15 00:00:00,CUSTOMER_ONBOARDING_SVC
CUST001419,Emma Sharma,1994-12-05,d1fab56a6cf5,high,expired,GB,2022-04-12 00:00:00,CUSTOMER_ONBOARDING_SVC
CUST001420,Amelia Ivanov,1961-10-29,7db3ff3f876f,medium,verified,SG,2021-02-20 00:00:00,CUSTOMER_ONBOARDING_SVC
CUST001421,Lucia Nair,1957-09-22,d93e20a267f1,low,verified,US,2023-05-06 00:00:00,CUSTOMER_ONBOARDING_SVC
CUST001422,Hassan Smith,1957-01-09,2f62f1787d3d,medium,pending,GB,2025-11-18 00:00:00,CUSTOMER_ONBOARDING_SVC
CUST001423,Lucas Sharma,1999-08-17,58eeff2ecfc0,medium,,IN,2022-11-07 00:00:00,CUSTOMER_ONBOARDING_SVC
CUST001424,Emma Zhang,1997-12-27,4fbfd9481c57,low,verified,GB,2020-04-10 00:00:00,CUSTOMER_ONBOARDING_SVC
CUST001425,Aarav Al-Sayed,2005-07-12,b34ad28ad328,medium,pending,IN,2022-11-19 00:00:00,CUSTOMER_ONBOARDING_SVC
CUST001426,Ananya Lopez,1995-12-07,300de477e98f,medium,verified,SG,2023-04-20 00:00:00,CUSTOMER_ONBOARDING_SVC
CUST001427,Noah Ivanov,1986-02-10,fb8f1b8e8325,low,expired,AU,2022-07-26 00:00:00,CUSTOMER_ONBOARDING_SVC
CUST001428,Yuki Khan,1991-08-03,06df8f0d92e0,medium,verified,NG,2022-01-15 00:00:00,CUSTOMER_ONBOARDING_SVC
CUST001429,Lucia Chen,1969-09-27,faca8a49b6ae,low,expired,NG,2018-06-25 00:00:00,CUSTOMER_ONBOARDING_SVC
CUST001430,Rohan Martinez,1973-06-19,3d2e263f4532,medium,verified,CN,2025-10-10 00:00:00,CUSTOMER_ONBOARDING_SVC
CUST001431,Omar Kumar,1955-05-13,6f3269394d73,medium,verified,RU,2020-11-09 00:00:00,CUSTOMER_ONBOARDING_SVC
CUST001432,Noah Ivanov,2004-03-15,781cecd519be,medium,pending,SG,2022-06-06 00:00:00,CUSTOMER_ONBOARDING_SVC
CUST001433,Karan Mehta,1995-09-13,8ce8f169f6be,high,verified,AU,2019-09-30 00:00:00,CUSTOMER_ONBOARDING_SVC
CUST001434,Yuki Gupta,1982-07-03,979e8377afd0,medium,verified,US,2020-09-17 00:00:00,CUSTOMER_ONBOARDING_SVC
CUST001435,Priya Sharma,1981-07-15,fa3caed26eef,low,verified,IN,2019-05-11 00:00:00,CUSTOMER_ONBOARDING_SVC
CUST001436,Divya Davis,1991-02-26,d9e024723ff9,high,expired,SG,2018-02-13 00:00:00,CUSTOMER_ONBOARDING_SVC
CUST001437,Ivan Tanaka,1958-10-04,ad177c8aa436,medium,verified,AU,2025-08-13 00:00:00,CUSTOMER_ONBOARDING_SVC
CUST001438,Lucas Anderson,1992-12-03,631777b8a82b,medium,expired,US,2025-09-21 00:00:00,CUSTOMER_ONBOARDING_SVC
CUST001439,Lucas Patel,1962-10-16,2d619223ee8c,low,expired,CA,2023-04-30 00:00:00,CUSTOMER_ONBOARDING_SVC
CUST001440,Karan Chen,1985-04-08,f04b6614f382,medium,pending,DE,2020-09-15 00:00:00,CUSTOMER_ONBOARDING_SVC
CUST001441,Pooja Lopez,1963-07-09,7f594a0bf283,high,verified,DE,2018-02-12 00:00:00,CUSTOMER_ONBOARDING_SVC
CUST001442,Vikram Wilson,1996-07-21,69d35bd569a7,high,expired,CN,2021-01-30 00:00:00,CUSTOMER_ONBOARDING_SVC
CUST001443,Ivan Kumar,1999-01-22,8f4685bed481,medium,verified,NG,2019-12-14 00:00:00,CUSTOMER_ONBOARDING_SVC
CUST001444,Meera Singh,1998-04-03,d9ff2d6aa8b2,low,verified,AE,2023-06-15 00:00:00,CUSTOMER_ONBOARDING_SVC
CUST001445,Lucas Patel,1971-05-22,48dde53e210c,low,expired,GB,2020-07-04 00:00:00,CUSTOMER_ONBOARDING_SVC
CUST001446,Divya Kumar,1967-06-28,21131594a5ec,high,expired,CN,2019-06-25 00:00:00,CUSTOMER_ONBOARDING_SVC
CUST001447,Priya Zhang,1988-01-16,400edc049da9,medium,verified,NG,2025-02-13 00:00:00,CUSTOMER_ONBOARDING_SVC
CUST001448,Vikram Singh,1978-07-29,a1fb6ef67483,low,pending,US,2025-06-15 00:00:00,CUSTOMER_ONBOARDING_SVC
CUST001449,Divya Sharma,1962-10-01,35595d395d3c,low,verified,CN,2024-05-25 00:00:00,CUSTOMER_ONBOARDING_SVC
CUST001450,Vikram Khan,1992-01-28,1605c3285050,medium,verified,CN,2019-04-20 00:00:00,CUSTOMER_ONBOARDING_SVC
CUST001451,Aarav Garcia,2000-10-09,eddf54416035,low,expired,,2018-02-19 00:00:00,CUSTOMER_ONBOARDING_SVC
CUST001452,Arjun Brown,1998-02-05,6fb99e57491e,low,pending,AE,2020-05-24 00:00:00,CUSTOMER_ONBOARDING_SVC
CUST001453,Layla Singh,1966-05-23,57479af2d5b3,low,verified,CN,2023-09-20 00:00:00,CUSTOMER_ONBOARDING_SVC
CUST001454,Mason Al-Sayed,1975-03-21,f1af41255eea,medium,verified,SG,2020-12-11 00:00:00,CUSTOMER_ONBOARDING_SVC
CUST001455,Aditya Khan,1990-01-21,9a4dd1def991,medium,verified,SG,2023-01-17 00:00:00,CUSTOMER_ONBOARDING_SVC
CUST001456,Mason Al-Sayed,1969-02-09,3253ef2080f0,medium,expired,AU,2020-09-15 00:00:00,CUSTOMER_ONBOARDING_SVC
CUST001457,Vikram Anderson,1968-01-22,a74a0ff45a03,low,verified,US,2025-03-12 00:00:00,CUSTOMER_ONBOARDING_SVC
CUST001458,Ava Johnson,1984-05-06,2efb06559169,medium,expired,NG,2021-06-16 00:00:00,CUSTOMER_ONBOARDING_SVC
CUST001459,Hassan Khan,1967-04-25,6ba6cfbfeea8,low,verified,RU,2023-04-07 00:00:00,CUSTOMER_ONBOARDING_SVC
CUST001460,Vikram Smith,1979-01-23,00542d9176c9,low,expired,AU,2021-01-16 00:00:00,CUSTOMER_ONBOARDING_SVC
CUST001461,Elena Nair,1982-06-26,5fa39174c755,low,expired,SG,2020-02-25 00:00:00,CUSTOMER_ONBOARDING_SVC
CUST001462,Aditya Lopez,1981-06-20,d953fc9ce11e,high,verified,CN,2020-02-18 00:00:00,CUSTOMER_ONBOARDING_SVC
CUST001463,Omar Reddy,1981-02-23,be6f23874151,low,verified,US,2025-02-28 00:00:00,CUSTOMER_ONBOARDING_SVC
CUST001464,Yuki Garcia,1990-02-18,ec8608175ce9,high,verified,AE,2023-06-07 00:00:00,CUSTOMER_ONBOARDING_SVC
CUST001465,Vikram Smith,1988-10-13,7e04b98337ff,medium,verified,US,2024-03-05 00:00:00,CUSTOMER_ONBOARDING_SVC
CUST001466,Hassan Martinez,2000-11-08,61c960c15b6b,medium,verified,GB,2024-05-13 00:00:00,CUSTOMER_ONBOARDING_SVC
CUST001467,Karan Tanaka,1989-09-16,f32185ba982e,low,verified,DE,2021-07-06 00:00:00,CUSTOMER_ONBOARDING_SVC
CUST001468,Vikram Smith,2004-03-16,288606c55058,low,verified,US,2024-01-02 00:00:00,CUSTOMER_ONBOARDING_SVC
CUST001469,Elena Patel,1964-12-30,8491b472ad01,medium,verified,IN,2021-10-14 00:00:00,CUSTOMER_ONBOARDING_SVC
CUST001470,Emma Anderson,1976-03-16,6056a5331f37,low,expired,SG,2019-09-14 00:00:00,CUSTOMER_ONBOARDING_SVC
CUST001471,Lucas Nair,1956-07-25,441d6aa2dedb,low,expired,NG,2019-10-19 00:00:00,CUSTOMER_ONBOARDING_SVC
CUST001472,Karan Mehta,1974-10-28,d60621552fb9,medium,expired,DE,2020-09-18 00:00:00,CUSTOMER_ONBOARDING_SVC
CUST001473,Riya Khan,1994-01-16,340606853cc1,medium,pending,GB,2024-07-02 00:00:00,CUSTOMER_ONBOARDING_SVC
CUST001474,Diego Chen,1989-06-29,979570de2f48,medium,verified,CN,2024-11-24 00:00:00,CUSTOMER_ONBOARDING_SVC
CUST001475,Omar Brown,1956-11-09,a4106db3b63c,medium,expired,SG,2023-08-07 00:00:00,CUSTOMER_ONBOARDING_SVC
CUST001476,Vikram Lopez,1988-11-18,37462e026d83,medium,verified,AU,2019-11-21 00:00:00,CUSTOMER_ONBOARDING_SVC
CUST001477,Nikhil Miller,1997-02-20,5ec2c5c2473a,high,expired,RU,2018-04-10 00:00:00,CUSTOMER_ONBOARDING_SVC
CUST001478,Lucas Martinez,1987-04-03,1410e2aa267c,low,pending,SG,2022-04-10 00:00:00,CUSTOMER_ONBOARDING_SVC
CUST001479,Ethan Mehta,1987-11-21,5a251a5a604d,medium,verified,GB,2020-11-30 00:00:00,CUSTOMER_ONBOARDING_SVC
CUST001480,Aditya Patel,1987-09-16,6ff04a2744f1,low,verified,DE,2018-07-16 00:00:00,CUSTOMER_ONBOARDING_SVC
CUST001481,James Singh,1977-11-21,9d83e5e6e775,low,verified,NG,2023-01-30 00:00:00,CUSTOMER_ONBOARDING_SVC
CUST001482,Mason Johnson,2001-09-12,0d9803fe199b,low,verified,CN,2018-10-01 00:00:00,CUSTOMER_ONBOARDING_SVC
CUST001483,Isha Johnson,1997-03-10,55798a916756,,verified,NG,2022-09-30 00:00:00,CUSTOMER_ONBOARDING_SVC
CUST001484,Karan Smith,2002-11-26,6485ab85ae50,medium,expired,CN,2019-05-24 00:00:00,CUSTOMER_ONBOARDING_SVC
CUST001485,Riya Sharma,1970-05-31,303cde5f1128,medium,verified,SG,2021-01-20 00:00:00,CUSTOMER_ONBOARDING_SVC
CUST001486,Wei Gupta,1976-09-14,9d0114ecadb3,low,expired,CN,2024-10-30 00:00:00,CUSTOMER_ONBOARDING_SVC
CUST001487,Riya Reddy,1958-10-17,f12b04ad47b4,,verified,AU,2018-10-02 00:00:00,CUSTOMER_ONBOARDING_SVC
CUST001488,Mia Anderson,1991-03-27,8ae890e3c7ad,medium,expired,NG,2023-11-21 00:00:00,CUSTOMER_ONBOARDING_SVC
CUST001489,James Wilson,1969-12-21,9f975d1d4007,medium,verified,DE,2023-08-23 00:00:00,CUSTOMER_ONBOARDING_SVC
CUST001490,Olivia Kumar,1991-12-31,1ef10b06ef4b,medium,verified,RU,2022-04-17 00:00:00,CUSTOMER_ONBOARDING_SVC
CUST001491,Amelia Al-Sayed,1995-05-14,edb3d27556f5,high,verified,CN,2024-08-15 00:00:00,CUSTOMER_ONBOARDING_SVC
CUST001492,Nikhil Chen,1998-09-02,998a97467ca7,medium,pending,GB,2022-06-24 00:00:00,CUSTOMER_ONBOARDING_SVC
CUST001493,Riya Gupta,1964-02-01,0e02aa969f34,low,verified,AU,2021-04-25 00:00:00,CUSTOMER_ONBOARDING_SVC
CUST001494,Vikram Lopez,1986-10-30,f47261376442,medium,pending,GB,2023-10-01 00:00:00,CUSTOMER_ONBOARDING_SVC
CUST001495,Ava Nair,2000-06-17,c959e410616d,low,verified,GB,2019-11-11 00:00:00,CUSTOMER_ONBOARDING_SVC
CUST001496,Pooja Al-Sayed,1988-04-22,895a159d9702,medium,pending,NG,2018-04-09 00:00:00,CUSTOMER_ONBOARDING_SVC
CUST001497,Sophia Patel,1966-01-23,3306fd2dc7f7,medium,pending,NG,2022-12-01 00:00:00,CUSTOMER_ONBOARDING_SVC
CUST001498,Elena Wilson,1968-10-03,f60b787d8990,low,pending,US,2022-03-28 00:00:00,CUSTOMER_ONBOARDING_SVC
CUST001499,Aditya Singh,1989-06-10,623d1042d334,medium,verified,RU,2021-02-03 00:00:00,CUSTOMER_ONBOARDING_SVC
CUST001500,Elena Nair,1968-08-09,395c08e37be2,medium,expired,,2022-10-15 00:00:00,CUSTOMER_ONBOARDING_SVC
CUST001501,Rahul Smith,1960-12-05,660cad47ecd1,medium,verified,CA,2020-06-16 00:00:00,CUSTOMER_ONBOARDING_SVC
CUST001502,Ava Lopez,1997-01-25,e5b305a03e6e,medium,expired,SG,2020-11-23 00:00:00,CUSTOMER_ONBOARDING_SVC
CUST001503,Noah Wilson,2001-08-27,79b59762419c,low,expired,CN,2025-08-27 00:00:00,CUSTOMER_ONBOARDING_SVC
CUST001504,Emma Brown,1981-12-19,eea0aa591be3,high,pending,NG,2023-08-06 00:00:00,CUSTOMER_ONBOARDING_SVC
CUST001505,Meera Anderson,1974-08-23,2b0405efb280,medium,verified,AE,2020-10-15 00:00:00,CUSTOMER_ONBOARDING_SVC
CUST001506,Mia Davis,1984-09-18,5512c84da968,low,verified,RU,2021-05-10 00:00:00,CUSTOMER_ONBOARDING_SVC
CUST001507,Noah Patel,1991-06-02,bbf5a6862a37,low,pending,DE,2022-11-06 00:00:00,CUSTOMER_ONBOARDING_SVC
CUST001508,Riya Tanaka,1990-07-23,088770f63be9,low,pending,CA,2024-08-07 00:00:00,CUSTOMER_ONBOARDING_SVC
CUST001509,Ava Reddy,1984-05-07,cca8314fc87d,medium,verified,RU,2024-08-27 00:00:00,CUSTOMER_ONBOARDING_SVC
CUST001510,Amelia Tanaka,1968-08-17,3621376b9d93,low,pending,US,2018-07-30 00:00:00,CUSTOMER_ONBOARDING_SVC
CUST001511,Ethan Khan,1962-11-07,51d4a2e547d2,low,verified,RU,2018-06-15 00:00:00,CUSTOMER_ONBOARDING_SVC
CUST001512,Mei Sharma,1970-03-31,2f10834f2d54,medium,verified,AE,2022-05-20 00:00:00,CUSTOMER_ONBOARDING_SVC
CUST001513,Mei Johnson,1960-10-29,0b06f88cc14c,medium,verified,CN,2023-03-09 00:00:00,CUSTOMER_ONBOARDING_SVC
CUST001514,Nikhil Zhang,1957-11-15,3e805bd04503,low,verified,GB,2022-05-31 00:00:00,CUSTOMER_ONBOARDING_SVC
CUST001515,Liam Al-Sayed,1992-07-01,881d49f2b65a,low,verified,DE,2020-08-21 00:00:00,CUSTOMER_ONBOARDING_SVC
CUST001516,Sneha Martinez,1968-04-01,8f42bfeca9c2,medium,verified,US,2019-03-18 00:00:00,CUSTOMER_ONBOARDING_SVC
CUST001517,Ivan Mehta,1994-01-21,51b5661c366a,low,expired,CA,2022-08-06 00:00:00,CUSTOMER_ONBOARDING_SVC
CUST001518,Rahul Garcia,1990-01-22,5861a6b71e80,low,verified,CN,2020-02-24 00:00:00,CUSTOMER_ONBOARDING_SVC
CUST001519,Yuki Chen,1990-08-29,4e2698d6440b,low,pending,AU,2025-12-14 00:00:00,CUSTOMER_ONBOARDING_SVC
CUST001520,Noah Martinez,1955-09-01,72057b3f5575,low,pending,CN,2019-11-04 00:00:00,CUSTOMER_ONBOARDING_SVC
CUST001521,Arjun Mehta,1999-06-10,dc70b87f4af4,low,verified,NG,2021-02-12 00:00:00,CUSTOMER_ONBOARDING_SVC
CUST001522,Mei Garcia,1955-03-31,3d7a7527cee5,medium,expired,SG,2019-03-05 00:00:00,CUSTOMER_ONBOARDING_SVC
CUST001523,Fatima Smith,1990-01-19,f56c0b464d2f,medium,expired,NG,2023-12-06 00:00:00,CUSTOMER_ONBOARDING_SVC
CUST001524,Rahul Chen,2004-02-01,51b81587cfad,medium,pending,RU,2021-04-03 00:00:00,CUSTOMER_ONBOARDING_SVC
CUST001525,Vikram Tanaka,1996-08-02,73435abb7a4b,medium,verified,DE,2024-10-29 00:00:00,CUSTOMER_ONBOARDING_SVC
CUST001526,Rahul Mehta,1977-10-19,429ae714a230,low,verified,AU,2022-06-06 00:00:00,CUSTOMER_ONBOARDING_SVC
CUST001527,Mia Sharma,1959-04-15,6bee06e4eb9b,low,expired,DE,2018-11-08 00:00:00,CUSTOMER_ONBOARDING_SVC
CUST001528,Olivia Lopez,1959-08-05,47a7d8f48d8b,medium,verified,AU,2023-07-28 00:00:00,CUSTOMER_ONBOARDING_SVC
CUST001529,Lucas Anderson,1970-11-25,6a83ea21587e,,verified,SG,2024-02-11 00:00:00,CUSTOMER_ONBOARDING_SVC
CUST001530,Wei Sharma,1966-08-26,e56ce1dcc372,high,verified,US,2026-05-28 00:00:00,CUSTOMER_ONBOARDING_SVC
CUST001531,Amelia Nair,1987-06-05,8bdcf94c6205,low,verified,CN,2019-02-04 00:00:00,CUSTOMER_ONBOARDING_SVC
CUST001532,Meera Kumar,1976-06-28,21a0c4d55fc8,low,verified,IN,2018-09-28 00:00:00,CUSTOMER_ONBOARDING_SVC
CUST001533,Layla Chen,1965-12-14,24c316dfe3bc,high,expired,NG,2023-05-26 00:00:00,CUSTOMER_ONBOARDING_SVC
CUST001534,Lucas Nair,1977-06-15,67102a52b28b,low,expired,NG,2026-02-18 00:00:00,CUSTOMER_ONBOARDING_SVC
CUST001535,Meera Brown,2001-11-02,422435bb6a80,medium,verified,CN,2025-09-25 00:00:00,CUSTOMER_ONBOARDING_SVC
CUST001536,Lucas Davis,2000-12-20,6b9b2101822f,low,verified,US,2022-07-07 00:00:00,CUSTOMER_ONBOARDING_SVC
CUST001537,Vikram Ivanov,1999-05-09,271afc758877,medium,pending,AE,2024-04-02 00:00:00,CUSTOMER_ONBOARDING_SVC
CUST001538,Aditya Sharma,1986-11-20,e93425902674,high,verified,RU,2018-03-12 00:00:00,CUSTOMER_ONBOARDING_SVC
CUST001539,Lucia Singh,1963-08-11,5b7895304fa3,medium,expired,CN,2024-09-01 00:00:00,CUSTOMER_ONBOARDING_SVC
CUST001540,Hassan Ivanov,1965-09-29,efd316456820,low,verified,SG,2025-01-03 00:00:00,CUSTOMER_ONBOARDING_SVC
CUST001541,Karan Patel,1967-04-14,116ed83a6b3d,low,pending,GB,2025-10-21 00:00:00,CUSTOMER_ONBOARDING_SVC
CUST001542,Omar Garcia,1999-09-14,f4207d10c842,high,verified,US,2021-06-17 00:00:00,CUSTOMER_ONBOARDING_SVC
CUST001543,Ananya Gupta,1963-12-25,d2b4cc206105,low,verified,NG,2022-01-24 00:00:00,CUSTOMER_ONBOARDING_SVC
CUST001544,Elena Nair,1962-01-27,ee616df4afda,low,verified,RU,2020-08-06 00:00:00,CUSTOMER_ONBOARDING_SVC
CUST001545,Ananya Zhang,2003-12-28,49157f60a9c3,medium,verified,NG,2021-05-02 00:00:00,CUSTOMER_ONBOARDING_SVC
CUST001546,Mason Singh,1984-11-24,6eff68f7f643,high,verified,AU,2021-01-07 00:00:00,CUSTOMER_ONBOARDING_SVC
CUST001546,Mason Singh,1984-11-24,6eff68f7f643,high,verified,AU,2021-01-07 01:02:00,CUSTOMER_ONBOARDING_SVC
CUST001547,Rahul Tanaka,1991-06-04,9b7f8c481940,low,verified,SG,2024-01-29 00:00:00,CUSTOMER_ONBOARDING_SVC
CUST001548,Ava Reddy,1964-04-26,3d64a13ec770,low,pending,CN,2025-01-27 00:00:00,CUSTOMER_ONBOARDING_SVC
CUST001549,Fatima Mehta,1955-06-23,63c0c9651cb9,medium,verified,DE,2025-08-23 00:00:00,CUSTOMER_ONBOARDING_SVC
CUST001550,Riya Patel,1973-12-06,35a7e0b00736,high,pending,DE,2024-11-16 00:00:00,CUSTOMER_ONBOARDING_SVC
CUST001551,Ivan Davis,1980-10-22,9cb5eb42e34c,low,expired,RU,2021-01-08 00:00:00,CUSTOMER_ONBOARDING_SVC
CUST001552,Yuki Sharma,1991-05-20,196a928333ac,low,verified,US,2024-08-16 00:00:00,CUSTOMER_ONBOARDING_SVC
CUST001553,Riya Gupta,1975-09-17,eea35cd7b6f3,high,verified,IN,2020-10-20 00:00:00,CUSTOMER_ONBOARDING_SVC
CUST001554,Divya Martinez,1973-11-09,1cfadd70b8e6,low,verified,IN,2026-01-16 00:00:00,CUSTOMER_ONBOARDING_SVC
CUST001555,Divya Garcia,1991-11-19,ab0ca5ce4915,high,expired,SG,2022-04-01 00:00:00,CUSTOMER_ONBOARDING_SVC
CUST001556,Pooja Miller,1971-11-13,4a4e387dc27d,high,verified,SG,2025-06-20 00:00:00,CUSTOMER_ONBOARDING_SVC
CUST001557,Amelia Chen,1960-07-05,7baecf0551e7,high,pending,CN,2018-09-02 00:00:00,CUSTOMER_ONBOARDING_SVC
CUST001558,Liam Smith,1993-03-26,04158b55782b,medium,expired,CN,2018-02-26 00:00:00,CUSTOMER_ONBOARDING_SVC
CUST001559,Aditya Zhang,1997-10-11,a21b5556dbde,low,verified,GB,2022-05-19 00:00:00,CUSTOMER_ONBOARDING_SVC
CUST001560,Yuki Miller,2004-07-01,8fd5293998d6,high,verified,AE,2023-09-19 00:00:00,CUSTOMER_ONBOARDING_SVC
CUST001561,Emma Khan,1982-10-31,2e151ac82e94,medium,verified,NG,2026-05-16 00:00:00,CUSTOMER_ONBOARDING_SVC
CUST001562,James Mehta,2004-11-16,eef739efb47e,medium,expired,AU,2024-11-18 00:00:00,CUSTOMER_ONBOARDING_SVC
CUST001562,James Mehta,2004-11-16,eef739efb47e,medium,expired,AU,2024-11-18 00:03:00,CUSTOMER_ONBOARDING_SVC
CUST001563,Noah Zhang,1992-08-27,fc26bf27751f,low,verified,NG,2024-05-15 00:00:00,CUSTOMER_ONBOARDING_SVC
CUST001564,Amelia Smith,1972-11-23,66cecda9db18,medium,expired,GB,2025-01-19 00:00:00,CUSTOMER_ONBOARDING_SVC
CUST001565,Riya Brown,1985-02-26,7e47e588c01f,medium,verified,IN,2022-01-01 00:00:00,CUSTOMER_ONBOARDING_SVC
CUST001566,Vikram Kumar,1967-04-17,2e36a1d9ecda,medium,verified,RU,2020-08-05 00:00:00,CUSTOMER_ONBOARDING_SVC
CUST001567,Hassan Chen,1974-10-20,344c00f73cc1,low,verified,CN,2026-04-11 00:00:00,CUSTOMER_ONBOARDING_SVC
CUST001568,Divya Smith,1995-05-11,60356ed3b340,low,verified,AU,2020-05-06 00:00:00,CUSTOMER_ONBOARDING_SVC
CUST001569,Chen Anderson,1976-08-21,7eb685d97b50,medium,verified,AU,2018-06-30 00:00:00,CUSTOMER_ONBOARDING_SVC
CUST001569,Chen Anderson,1976-08-21,7eb685d97b50,medium,verified,AU,2018-06-30 01:03:00,CUSTOMER_ONBOARDING_SVC
CUST001570,Pooja Davis,1963-12-24,cb19530d6dd2,medium,expired,,2018-12-30 00:00:00,CUSTOMER_ONBOARDING_SVC
CUST001571,Ethan Chen,1969-09-27,4a42f5b8a221,high,verified,NG,2018-04-21 00:00:00,CUSTOMER_ONBOARDING_SVC
CUST001572,Rohan Mehta,1971-02-04,784a84f4af2f,low,verified,IN,2020-03-13 00:00:00,CUSTOMER_ONBOARDING_SVC
CUST001573,Arjun Patel,1973-04-26,bb5c1ee6266f,high,verified,US,2022-02-10 00:00:00,CUSTOMER_ONBOARDING_SVC
CUST001574,Rohan Tanaka,1955-09-07,4a3aad2d6085,low,verified,DE,2019-12-03 00:00:00,CUSTOMER_ONBOARDING_SVC
CUST001575,Rohan Nair,1968-10-16,0855c11c6fe5,low,pending,US,2022-08-28 00:00:00,CUSTOMER_ONBOARDING_SVC
CUST001576,Hassan Khan,1984-08-11,e980a6a24f76,low,expired,NG,2023-01-30 00:00:00,CUSTOMER_ONBOARDING_SVC
CUST001577,Mei Chen,1983-04-29,9c2db046cfcc,medium,verified,GB,2020-12-01 00:00:00,CUSTOMER_ONBOARDING_SVC
CUST001578,Liam Miller,1996-09-14,4c1a4556f851,medium,verified,NG,2019-01-08 00:00:00,CUSTOMER_ONBOARDING_SVC
CUST001579,Layla Kumar,1998-01-01,d7e5ee7e6250,high,expired,NG,2022-06-05 00:00:00,CUSTOMER_ONBOARDING_SVC
CUST001580,Nikhil Gupta,1959-07-22,fcfcdbf0b373,medium,expired,AE,2023-09-14 00:00:00,CUSTOMER_ONBOARDING_SVC
CUST001581,Layla Singh,1978-06-06,fad0febf326a,medium,verified,GB,2021-09-22 00:00:00,CUSTOMER_ONBOARDING_SVC
CUST001582,Arjun Mehta,1963-01-07,0887ec21a54d,low,expired,AU,2023-10-23 00:00:00,CUSTOMER_ONBOARDING_SVC
CUST001583,Noah Chen,1979-10-16,0ce0b4890a5f,low,verified,CN,2021-10-15 00:00:00,CUSTOMER_ONBOARDING_SVC
CUST001584,Priya Singh,1969-10-18,121adccdc5b9,high,expired,SG,2026-06-30 00:00:00,CUSTOMER_ONBOARDING_SVC
CUST001585,Diego Anderson,1988-05-01,f091e0a9985f,,expired,AU,2018-08-23 00:00:00,CUSTOMER_ONBOARDING_SVC
CUST001586,Divya Wilson,1981-01-02,6a9a4c2d1bd9,low,verified,AU,2026-06-10 00:00:00,CUSTOMER_ONBOARDING_SVC
CUST001587,Layla Tanaka,1999-01-23,409c0856f0d1,low,verified,GB,2023-11-10 00:00:00,CUSTOMER_ONBOARDING_SVC
CUST001588,Noah Miller,1958-08-16,fd3b435cdf18,,pending,,2023-09-09 00:00:00,CUSTOMER_ONBOARDING_SVC
CUST001589,Riya Miller,1985-08-20,3d452ff1606c,low,expired,SG,2018-12-30 00:00:00,CUSTOMER_ONBOARDING_SVC
CUST001590,Mason Gupta,2000-11-26,4d9d51db0361,low,verified,GB,2020-07-22 00:00:00,CUSTOMER_ONBOARDING_SVC
CUST001591,Lucas Ivanov,2004-07-27,e22f2686a68e,low,pending,IN,2026-01-04 00:00:00,CUSTOMER_ONBOARDING_SVC
CUST001592,Hassan Chen,1986-11-09,40cf1c5927e2,medium,expired,RU,2018-03-11 00:00:00,CUSTOMER_ONBOARDING_SVC
CUST001593,Divya Miller,2002-06-03,8e22e079d764,medium,expired,GB,2019-05-24 00:00:00,CUSTOMER_ONBOARDING_SVC
CUST001594,Isha Anderson,1999-09-20,fe4c4e19c41b,medium,verified,CA,2020-10-16 00:00:00,CUSTOMER_ONBOARDING_SVC
CUST001595,Emma Mehta,1960-11-17,40ee1c8c350e,high,pending,CN,2019-08-03 00:00:00,CUSTOMER_ONBOARDING_SVC
CUST001596,Olivia Davis,1969-03-24,c273e4728136,low,pending,GB,2018-03-26 00:00:00,CUSTOMER_ONBOARDING_SVC
CUST001597,Amelia Nair,1982-10-10,82b17cca19e9,low,pending,US,2020-10-28 00:00:00,CUSTOMER_ONBOARDING_SVC
CUST001598,Lucas Reddy,1988-07-10,dd9912c3f81c,low,verified,SG,2021-04-05 00:00:00,CUSTOMER_ONBOARDING_SVC
CUST001599,Isha Johnson,1957-02-01,6327a7cbebc3,low,pending,AE,2025-07-01 00:00:00,CUSTOMER_ONBOARDING_SVC
CUST001600,Elena Wilson,1957-01-07,e7bbf446bfab,high,verified,NG,2020-07-14 00:00:00,CUSTOMER_ONBOARDING_SVC
CUST001601,Emma Brown,1996-10-11,f8fe4beb81b0,high,verified,CN,2024-11-03 00:00:00,CUSTOMER_ONBOARDING_SVC
CUST001602,Liam Mehta,1974-05-23,93734078ce2b,low,verified,AE,2020-05-05 00:00:00,CUSTOMER_ONBOARDING_SVC
CUST001603,Mia Ivanov,1967-09-08,2e504e24280d,low,verified,AE,2019-02-23 00:00:00,CUSTOMER_ONBOARDING_SVC
CUST001604,Divya Anderson,1972-10-26,024ffe06d5f6,medium,verified,IN,2020-09-14 00:00:00,CUSTOMER_ONBOARDING_SVC
CUST001605,Noah Mehta,1991-06-26,45f6b1459250,high,verified,IN,2018-05-23 00:00:00,CUSTOMER_ONBOARDING_SVC
CUST001606,Noah Miller,1996-06-03,1c8577658d32,medium,expired,,2023-08-13 00:00:00,CUSTOMER_ONBOARDING_SVC
CUST001607,Pooja Sharma,1964-07-29,66158cc57757,medium,verified,IN,2021-10-02 00:00:00,CUSTOMER_ONBOARDING_SVC
CUST001608,Lucas Brown,1999-08-15,dd10a22cefa8,high,verified,CA,2020-12-16 00:00:00,CUSTOMER_ONBOARDING_SVC
CUST001609,Aarav Lopez,1974-03-04,702c9738ca5c,low,expired,AU,2022-05-24 00:00:00,CUSTOMER_ONBOARDING_SVC
CUST001610,Vikram Kumar,1980-09-25,71f3830df355,medium,verified,NG,2019-03-22 00:00:00,CUSTOMER_ONBOARDING_SVC
CUST001611,Ivan Gupta,1972-06-20,0d621a63cc6d,high,verified,DE,2019-11-30 00:00:00,CUSTOMER_ONBOARDING_SVC
CUST001612,Diego Smith,1985-04-18,86c53a6ccff2,low,verified,SG,2022-09-10 00:00:00,CUSTOMER_ONBOARDING_SVC
CUST001613,Arjun Wilson,1991-07-15,12c5dcdcb9c4,low,verified,NG,2026-05-19 00:00:00,CUSTOMER_ONBOARDING_SVC
CUST001614,Mia Davis,1959-02-28,f3963bb9ee0c,high,verified,DE,2023-10-29 00:00:00,CUSTOMER_ONBOARDING_SVC
CUST001615,Rahul Nair,2001-09-03,8432a678c463,low,pending,IN,2020-04-12 00:00:00,CUSTOMER_ONBOARDING_SVC
CUST001616,Lucas Gupta,1995-11-17,ce26155c7b99,low,verified,AU,2018-10-25 00:00:00,CUSTOMER_ONBOARDING_SVC
CUST001617,Ethan Patel,2000-09-02,f16adc5cab82,low,pending,DE,2024-03-03 00:00:00,CUSTOMER_ONBOARDING_SVC
CUST001618,Hassan Al-Sayed,1973-12-01,e356d2936213,low,verified,CN,2023-11-19 00:00:00,CUSTOMER_ONBOARDING_SVC
CUST001619,Aarav Wilson,1972-05-30,c8e30950c165,low,verified,CA,2021-11-04 00:00:00,CUSTOMER_ONBOARDING_SVC
CUST001620,Arjun Davis,1974-01-06,a3373df688e9,high,verified,IN,2020-08-15 00:00:00,CUSTOMER_ONBOARDING_SVC
CUST001621,Priya Lopez,2000-07-09,86bf499b9450,medium,expired,IN,2022-02-17 00:00:00,CUSTOMER_ONBOARDING_SVC
CUST001622,Priya Zhang,1977-11-24,b2cc59a9cef3,low,pending,CA,2024-07-15 00:00:00,CUSTOMER_ONBOARDING_SVC
CUST001623,Mei Martinez,1981-08-04,e7f6006265ab,high,expired,DE,2024-03-13 00:00:00,CUSTOMER_ONBOARDING_SVC
CUST001624,Lucia Singh,1981-07-07,b029893a7e43,medium,verified,NG,2019-08-18 00:00:00,CUSTOMER_ONBOARDING_SVC
CUST001625,Elena Kumar,1956-11-28,2ef6b0a7721c,low,expired,GB,2023-08-12 00:00:00,CUSTOMER_ONBOARDING_SVC
CUST001626,Aditya Kumar,1975-01-04,3a4b265080fc,low,pending,CN,2021-04-20 00:00:00,CUSTOMER_ONBOARDING_SVC
CUST001627,Priya Anderson,1968-11-27,466c776b8689,high,verified,CA,2022-06-19 00:00:00,CUSTOMER_ONBOARDING_SVC
CUST001628,Isha Ivanov,1982-10-07,0da6fe5ade08,high,verified,AE,2024-04-19 00:00:00,CUSTOMER_ONBOARDING_SVC
CUST001629,Sophia Al-Sayed,2001-09-02,cfccc65cdd00,high,expired,AE,2019-07-22 00:00:00,CUSTOMER_ONBOARDING_SVC
CUST001630,Ethan Davis,1965-07-27,9658644e734d,high,expired,AU,2019-08-07 00:00:00,CUSTOMER_ONBOARDING_SVC
CUST001631,Meera Miller,1987-03-08,01ef4be3b9b6,high,verified,RU,2024-02-09 00:00:00,CUSTOMER_ONBOARDING_SVC
CUST001632,Lucas Garcia,1961-07-13,34249f22f179,low,expired,DE,2020-06-06 00:00:00,CUSTOMER_ONBOARDING_SVC
CUST001633,Meera Nair,1983-02-22,4b7b200369a3,low,verified,NG,2024-05-29 00:00:00,CUSTOMER_ONBOARDING_SVC
CUST001634,Riya Martinez,2000-08-31,cc7a660f0fe4,high,verified,GB,2021-01-18 00:00:00,CUSTOMER_ONBOARDING_SVC
CUST001635,Aarav Sharma,2001-02-07,50b5b9c26da8,medium,pending,AU,2022-11-14 00:00:00,CUSTOMER_ONBOARDING_SVC
CUST001636,Lucas Wilson,1961-09-25,6d9cdb04a4bc,high,verified,AE,2018-11-29 00:00:00,CUSTOMER_ONBOARDING_SVC
CUST001637,Sneha Singh,2002-05-09,6be23cc42123,medium,verified,DE,2018-08-18 00:00:00,CUSTOMER_ONBOARDING_SVC
CUST001638,Sneha Chen,1970-11-24,afcc9f1c2de5,medium,verified,DE,2025-01-22 00:00:00,CUSTOMER_ONBOARDING_SVC
CUST001639,Sneha Ivanov,1974-10-13,f240e6b7993e,,verified,SG,2025-02-24 00:00:00,CUSTOMER_ONBOARDING_SVC
CUST001640,Rohan Patel,1967-07-15,6bee7f832ffc,medium,pending,CA,2026-02-21 00:00:00,CUSTOMER_ONBOARDING_SVC
CUST001641,Ananya Ivanov,1997-07-15,eb94afcd1084,low,verified,CA,2022-04-24 00:00:00,CUSTOMER_ONBOARDING_SVC
CUST001642,Priya Miller,2002-11-12,ac9575d040dd,low,verified,NG,2020-12-12 00:00:00,CUSTOMER_ONBOARDING_SVC
CUST001643,Noah Garcia,1973-03-06,eb0de547f1f4,medium,verified,CN,2021-11-13 00:00:00,CUSTOMER_ONBOARDING_SVC
CUST001644,Rohan Khan,1962-01-19,887d8a1b4dc0,low,verified,US,2024-10-05 00:00:00,CUSTOMER_ONBOARDING_SVC
CUST001645,Noah Gupta,1999-06-23,81bedacb16b7,medium,verified,CA,2024-02-15 00:00:00,CUSTOMER_ONBOARDING_SVC
CUST001646,Layla Johnson,1978-09-27,697819fcf1d9,low,verified,GB,2024-08-24 00:00:00,CUSTOMER_ONBOARDING_SVC
CUST001647,Fatima Patel,1993-09-06,29d6cec04134,low,verified,US,2021-02-02 00:00:00,CUSTOMER_ONBOARDING_SVC
CUST001648,Wei Anderson,1967-09-20,596d928a02b7,high,pending,US,2023-03-13 00:00:00,CUSTOMER_ONBOARDING_SVC
CUST001649,Rohan Al-Sayed,1999-02-06,4406edb67cc8,medium,verified,US,2024-08-09 00:00:00,CUSTOMER_ONBOARDING_SVC
CUST001650,Rohan Martinez,1985-07-07,97f4b298d910,medium,expired,NG,2026-03-28 00:00:00,CUSTOMER_ONBOARDING_SVC
CUST001651,Layla Mehta,2001-03-25,1911ea4d93e6,medium,verified,US,2019-12-27 00:00:00,CUSTOMER_ONBOARDING_SVC
CUST001652,Priya Tanaka,2003-11-10,02b68d164185,high,pending,RU,2026-01-24 00:00:00,CUSTOMER_ONBOARDING_SVC
CUST001653,Sneha Miller,1976-03-02,c8f9daa9e54e,medium,,CA,2022-07-18 00:00:00,CUSTOMER_ONBOARDING_SVC
CUST001654,Meera Singh,1970-05-03,d0c387e9ce64,low,verified,AU,2020-01-10 00:00:00,CUSTOMER_ONBOARDING_SVC
CUST001655,Sophia Sharma,2003-05-13,891e5dacd8bb,low,verified,SG,2023-01-07 00:00:00,CUSTOMER_ONBOARDING_SVC
CUST001656,Isha Singh,1967-06-13,78bc41a014ba,medium,pending,RU,2021-09-02 00:00:00,CUSTOMER_ONBOARDING_SVC
CUST001657,Layla Khan,1976-02-07,5ac401e177eb,medium,expired,GB,2022-10-28 00:00:00,CUSTOMER_ONBOARDING_SVC
CUST001658,Arjun Patel,1958-01-16,f37307c4b43b,high,verified,SG,2024-10-14 00:00:00,CUSTOMER_ONBOARDING_SVC
CUST001659,James Wilson,1966-08-30,3fa772f5e384,medium,verified,GB,2021-05-06 00:00:00,CUSTOMER_ONBOARDING_SVC
CUST001660,Ananya Johnson,1995-07-16,fe03cac8296c,medium,expired,SG,2025-01-08 00:00:00,CUSTOMER_ONBOARDING_SVC
CUST001661,Diego Singh,1971-01-23,bdef381a6a37,medium,pending,SG,2020-08-21 00:00:00,CUSTOMER_ONBOARDING_SVC
CUST001662,Isha Sharma,1995-07-21,002e1eab50c5,medium,verified,RU,2021-01-30 00:00:00,CUSTOMER_ONBOARDING_SVC
CUST001663,Yuki Lopez,1999-03-08,6307e066b154,medium,verified,NG,2022-04-24 00:00:00,CUSTOMER_ONBOARDING_SVC
CUST001664,Meera Gupta,2001-04-21,176da4b586a0,low,pending,SG,2024-06-20 00:00:00,CUSTOMER_ONBOARDING_SVC
CUST001665,Omar Sharma,1971-09-16,2bc8103bb961,high,verified,DE,2025-08-26 00:00:00,CUSTOMER_ONBOARDING_SVC
CUST001666,Sophia Miller,1984-10-09,1cba48992bb9,medium,expired,DE,2025-09-09 00:00:00,CUSTOMER_ONBOARDING_SVC
CUST001667,Isha Ivanov,1988-08-07,50eed40ff273,low,verified,SG,2021-01-04 00:00:00,CUSTOMER_ONBOARDING_SVC
CUST001668,Ethan Lopez,1971-08-29,2a5df09e78ea,low,verified,GB,2025-02-27 00:00:00,CUSTOMER_ONBOARDING_SVC
CUST001669,Nikhil Nair,1964-04-01,b4f1ef095aa9,medium,verified,NG,2021-10-25 00:00:00,CUSTOMER_ONBOARDING_SVC
CUST001670,Ava Ivanov,1970-12-17,52cbc34c7cc6,medium,verified,CA,2021-11-07 00:00:00,CUSTOMER_ONBOARDING_SVC
CUST001671,Nikhil Brown,1988-03-13,8fa50d322348,low,expired,NG,2019-02-23 00:00:00,CUSTOMER_ONBOARDING_SVC
CUST001672,Yuki Wilson,1989-08-27,708540568367,low,verified,GB,2024-04-07 00:00:00,CUSTOMER_ONBOARDING_SVC
CUST001673,James Mehta,1972-06-02,cabe47bf2d4a,high,expired,IN,2021-06-09 00:00:00,CUSTOMER_ONBOARDING_SVC
CUST001674,Divya Tanaka,1998-06-11,1d4c60a1d52e,low,verified,RU,2019-11-07 00:00:00,CUSTOMER_ONBOARDING_SVC
CUST001675,Rahul Singh,1973-11-09,e99b7450b94d,low,verified,SG,2022-06-04 00:00:00,CUSTOMER_ONBOARDING_SVC
CUST001676,Karan Nair,1987-11-05,3f8843c5386f,low,pending,CN,2024-12-11 00:00:00,CUSTOMER_ONBOARDING_SVC
CUST001677,Amelia Chen,1959-02-09,f974297c1062,medium,verified,SG,2018-03-07 00:00:00,CUSTOMER_ONBOARDING_SVC
CUST001678,Liam Singh,1986-09-30,2de7639223b8,medium,pending,IN,2019-12-28 00:00:00,CUSTOMER_ONBOARDING_SVC
CUST001679,Wei Anderson,1966-10-23,a5888bdca071,low,verified,IN,2023-05-12 00:00:00,CUSTOMER_ONBOARDING_SVC
CUST001680,Ethan Miller,1967-04-12,3d98bb763105,medium,pending,CN,2021-09-17 00:00:00,CUSTOMER_ONBOARDING_SVC
CUST001681,Mason Chen,1994-09-03,94cba5ad98c9,low,verified,NG,2021-02-18 00:00:00,CUSTOMER_ONBOARDING_SVC
CUST001682,Emma Anderson,1985-06-17,9f2af0e72d0b,medium,pending,AU,2026-03-21 00:00:00,CUSTOMER_ONBOARDING_SVC
CUST001683,Mei Johnson,2000-01-15,d203097d9793,low,expired,CN,2019-06-12 00:00:00,CUSTOMER_ONBOARDING_SVC
CUST001684,Ava Sharma,1955-07-25,06982c4ecdad,low,verified,CN,2018-06-11 00:00:00,CUSTOMER_ONBOARDING_SVC
CUST001685,Nikhil Singh,1966-10-06,95e839e54858,low,verified,,2025-03-17 00:00:00,CUSTOMER_ONBOARDING_SVC
CUST001686,Rahul Wilson,1993-03-10,acf99debaf5f,high,verified,AE,2024-03-25 00:00:00,CUSTOMER_ONBOARDING_SVC
CUST001687,Mei Miller,1999-01-06,95f266a19aa5,medium,verified,DE,2019-08-14 00:00:00,CUSTOMER_ONBOARDING_SVC
CUST001688,Liam Al-Sayed,1968-06-06,76d864007448,low,verified,DE,2026-05-18 00:00:00,CUSTOMER_ONBOARDING_SVC
CUST001689,Sophia Johnson,1961-03-30,d22897d7e558,low,verified,AE,2023-11-24 00:00:00,CUSTOMER_ONBOARDING_SVC
CUST001690,Vikram Gupta,1967-11-06,0c77eac88f7d,low,verified,AE,2025-03-27 00:00:00,CUSTOMER_ONBOARDING_SVC
CUST001691,Omar Mehta,1978-07-17,0966a22f54e7,low,verified,DE,2023-06-29 00:00:00,CUSTOMER_ONBOARDING_SVC
CUST001692,Wei Miller,1962-10-24,37b4bd56aafa,medium,verified,NG,2025-06-17 00:00:00,CUSTOMER_ONBOARDING_SVC
CUST001693,Sophia Anderson,1978-10-31,b6c712453736,low,pending,AU,2023-06-05 00:00:00,CUSTOMER_ONBOARDING_SVC
CUST001694,Ananya Wilson,1995-09-10,5f124a030ba5,high,expired,AU,2022-04-16 00:00:00,CUSTOMER_ONBOARDING_SVC
CUST001695,Diego Kumar,1997-01-20,15305457b65c,low,pending,AU,2019-12-21 00:00:00,CUSTOMER_ONBOARDING_SVC
CUST001696,Elena Al-Sayed,1971-09-13,7128ceb3f4ef,low,verified,RU,2018-04-30 00:00:00,CUSTOMER_ONBOARDING_SVC
CUST001697,Mason Reddy,1993-04-26,679121e3814d,high,expired,US,2021-09-01 00:00:00,CUSTOMER_ONBOARDING_SVC
CUST001698,Rohan Brown,1987-08-18,805d4035cb8e,low,expired,AU,2025-11-17 00:00:00,CUSTOMER_ONBOARDING_SVC
CUST001699,Emma Davis,1998-11-17,4106b6cd0f48,high,pending,US,2026-02-16 00:00:00,CUSTOMER_ONBOARDING_SVC
CUST001700,Liam Mehta,1984-11-03,5063c4571ee3,low,expired,IN,2020-12-05 00:00:00,CUSTOMER_ONBOARDING_SVC
CUST001701,Isha Chen,1994-05-14,14cc0a69cd2e,low,expired,RU,2018-01-12 00:00:00,CUSTOMER_ONBOARDING_SVC
CUST001702,Chen Chen,1999-08-26,e16e2d31b906,low,verified,NG,2026-01-23 00:00:00,CUSTOMER_ONBOARDING_SVC
CUST001703,Hassan Wilson,1966-09-21,ef40ef8c7cc6,low,verified,AE,2019-09-04 00:00:00,CUSTOMER_ONBOARDING_SVC
CUST001704,Sneha Anderson,1970-07-18,7547f6ff87ac,low,verified,AE,2018-06-04 00:00:00,CUSTOMER_ONBOARDING_SVC
CUST001705,Lucia Wilson,2000-05-21,ed5c229334ca,medium,verified,NG,2024-05-19 00:00:00,CUSTOMER_ONBOARDING_SVC
CUST001706,Fatima Garcia,1976-03-30,27d10885dab8,medium,pending,CN,2025-02-23 00:00:00,CUSTOMER_ONBOARDING_SVC
CUST001707,Rahul Nair,1979-12-14,df8d4fed4c0d,low,pending,IN,2021-05-22 00:00:00,CUSTOMER_ONBOARDING_SVC
CUST001708,Divya Chen,1986-02-13,c9a476e52a2d,low,expired,US,2019-10-30 00:00:00,CUSTOMER_ONBOARDING_SVC
CUST001709,Elena Reddy,1986-03-30,dade08c6cca4,low,verified,RU,2025-06-12 00:00:00,CUSTOMER_ONBOARDING_SVC
CUST001710,Aditya Patel,1972-08-12,01c83044dd3d,medium,pending,RU,2018-01-21 00:00:00,CUSTOMER_ONBOARDING_SVC
CUST001711,Chen Kumar,1990-09-09,d9b0b0938103,high,verified,CN,2018-07-18 00:00:00,CUSTOMER_ONBOARDING_SVC
CUST001712,Lucia Davis,1967-07-12,ec30b6037963,low,expired,CA,2018-08-08 00:00:00,CUSTOMER_ONBOARDING_SVC
CUST001713,Karan Gupta,1958-10-03,a6f377789339,medium,verified,CN,2019-05-11 00:00:00,CUSTOMER_ONBOARDING_SVC
CUST001714,Diego Mehta,1974-03-17,610c5dcea349,low,expired,AE,2018-06-01 00:00:00,CUSTOMER_ONBOARDING_SVC
CUST001715,Isha Chen,1982-01-17,59f07631105e,low,verified,AU,2023-11-04 00:00:00,CUSTOMER_ONBOARDING_SVC
CUST001716,Hassan Khan,2002-01-31,2a411bc9cd51,low,verified,DE,2019-07-30 00:00:00,CUSTOMER_ONBOARDING_SVC
CUST001717,Lucas Gupta,1972-05-16,7cd49c847750,low,verified,IN,2025-11-09 00:00:00,CUSTOMER_ONBOARDING_SVC
CUST001718,Aarav Nair,1985-12-21,790b861cfcea,high,,AU,2019-06-10 00:00:00,CUSTOMER_ONBOARDING_SVC
CUST001719,Divya Gupta,1972-02-11,a969eaffdbc7,low,expired,GB,2022-10-03 00:00:00,CUSTOMER_ONBOARDING_SVC
CUST001720,Pooja Sharma,1961-09-21,f8c97e72a476,low,verified,GB,2026-04-30 00:00:00,CUSTOMER_ONBOARDING_SVC
CUST001721,Mei Reddy,1975-09-16,b2e2709435fd,medium,verified,CA,2024-04-02 00:00:00,CUSTOMER_ONBOARDING_SVC
CUST001722,Ananya Davis,1957-01-03,b14030d7fe2b,low,verified,DE,2022-08-16 00:00:00,CUSTOMER_ONBOARDING_SVC
CUST001723,Ava Brown,1969-03-24,bcdda0548ed8,high,verified,GB,2025-09-04 00:00:00,CUSTOMER_ONBOARDING_SVC
CUST001724,Divya Sharma,1987-08-01,d409a4c4d1af,medium,expired,RU,2022-07-20 00:00:00,CUSTOMER_ONBOARDING_SVC
CUST001725,Olivia Lopez,1988-04-10,b371345a58c5,medium,verified,US,2022-12-19 00:00:00,CUSTOMER_ONBOARDING_SVC
CUST001726,Wei Kumar,1977-07-12,885590520d97,medium,verified,CN,2023-03-07 00:00:00,CUSTOMER_ONBOARDING_SVC
CUST001727,Fatima Kumar,1973-08-04,1ec73c4bb749,high,pending,IN,2018-04-20 00:00:00,CUSTOMER_ONBOARDING_SVC
CUST001728,Ananya Tanaka,1993-01-08,18b8a1ff31f6,,expired,CN,2023-10-16 00:00:00,CUSTOMER_ONBOARDING_SVC
CUST001729,Karan Gupta,1957-09-25,3edc652f94c5,low,verified,RU,2026-01-27 00:00:00,CUSTOMER_ONBOARDING_SVC
CUST001730,Diego Kumar,1959-11-01,15db8b9b0d7b,high,verified,AE,2023-03-08 00:00:00,CUSTOMER_ONBOARDING_SVC
CUST001731,Omar Smith,1981-12-08,d2d1f171d4cb,medium,verified,CA,2020-03-28 00:00:00,CUSTOMER_ONBOARDING_SVC
CUST001732,Ethan Anderson,1986-11-17,192cd27e7eb7,medium,pending,NG,2023-01-05 00:00:00,CUSTOMER_ONBOARDING_SVC
CUST001733,Ava Nair,1972-12-22,37162f133b41,medium,verified,AU,2024-10-22 00:00:00,CUSTOMER_ONBOARDING_SVC
CUST001734,Amelia Miller,1968-05-11,5d4b712969d1,low,expired,DE,2018-11-20 00:00:00,CUSTOMER_ONBOARDING_SVC
CUST001735,Priya Patel,1978-11-12,5b2dd72d4118,medium,pending,IN,2022-07-09 00:00:00,CUSTOMER_ONBOARDING_SVC
CUST001736,Vikram Kumar,1995-02-05,3f789b2b958a,medium,pending,IN,2024-08-07 00:00:00,CUSTOMER_ONBOARDING_SVC
CUST001737,Ivan Mehta,2004-07-11,01eb622c0c1c,high,expired,NG,2018-10-06 00:00:00,CUSTOMER_ONBOARDING_SVC
CUST001738,Aarav Brown,1960-11-25,b73c76c0be5c,low,verified,AE,2021-07-21 00:00:00,CUSTOMER_ONBOARDING_SVC
CUST001739,Chen Tanaka,2002-06-23,67b7ac247aab,high,verified,DE,2023-07-12 00:00:00,CUSTOMER_ONBOARDING_SVC
CUST001740,Mason Miller,2004-12-05,9bbc5969a109,low,verified,RU,2026-05-30 00:00:00,CUSTOMER_ONBOARDING_SVC
CUST001741,Liam Patel,1998-01-20,6399309c1048,low,verified,CA,2024-05-27 00:00:00,CUSTOMER_ONBOARDING_SVC
CUST001742,Fatima Khan,1980-12-08,12c1b117c1f8,medium,verified,RU,2024-07-15 00:00:00,CUSTOMER_ONBOARDING_SVC
CUST001743,James Reddy,1967-07-10,a001406911fd,low,pending,DE,2018-04-18 00:00:00,CUSTOMER_ONBOARDING_SVC
CUST001744,Karan Singh,1959-12-05,c4572a04cdcd,high,verified,DE,2019-10-11 00:00:00,CUSTOMER_ONBOARDING_SVC
CUST001745,Layla Singh,1988-02-20,bca70b668163,high,expired,AE,2025-09-04 00:00:00,CUSTOMER_ONBOARDING_SVC
CUST001746,Diego Gupta,1962-06-29,15b908cc9933,low,expired,US,2022-12-26 00:00:00,CUSTOMER_ONBOARDING_SVC
CUST001747,Priya Singh,1990-10-18,6785f61d7ec9,low,expired,NG,2020-12-01 00:00:00,CUSTOMER_ONBOARDING_SVC
CUST001748,Ethan Wilson,1975-12-01,bd8f0a68f6f2,medium,expired,NG,2024-05-28 00:00:00,CUSTOMER_ONBOARDING_SVC
CUST001749,Priya Smith,1959-03-15,54dbda8ca861,medium,verified,NG,2022-09-12 00:00:00,CUSTOMER_ONBOARDING_SVC
CUST001750,Lucas Martinez,1981-11-15,505e05aaab29,medium,verified,US,2024-09-05 00:00:00,CUSTOMER_ONBOARDING_SVC
CUST001751,Yuki Khan,1979-04-05,eb8589184788,medium,pending,RU,2019-11-09 00:00:00,CUSTOMER_ONBOARDING_SVC
CUST001752,Ivan Khan,1959-06-28,636af5db88dd,low,expired,CA,2020-12-30 00:00:00,CUSTOMER_ONBOARDING_SVC
CUST001753,Ivan Davis,1986-10-24,6a8c316ac375,low,pending,US,2022-10-16 00:00:00,CUSTOMER_ONBOARDING_SVC
CUST001754,Hassan Anderson,1984-11-25,c0dd7e1e6116,medium,verified,AE,2026-02-08 00:00:00,CUSTOMER_ONBOARDING_SVC
CUST001755,Mia Reddy,1959-01-20,25436e1bcd85,medium,verified,GB,2024-10-13 00:00:00,CUSTOMER_ONBOARDING_SVC
CUST001756,Mei Davis,1978-10-31,e7801ee31a87,medium,verified,IN,2023-01-30 00:00:00,CUSTOMER_ONBOARDING_SVC
CUST001757,Lucas Gupta,1986-11-25,237871686b50,low,pending,,2024-07-03 00:00:00,CUSTOMER_ONBOARDING_SVC
CUST001758,Nikhil Smith,1990-11-24,ebdec65d5780,high,expired,NG,2023-12-22 00:00:00,CUSTOMER_ONBOARDING_SVC
CUST001759,Mia Tanaka,2002-04-19,627f2426040f,medium,expired,CN,2022-12-29 00:00:00,CUSTOMER_ONBOARDING_SVC
CUST001760,Vikram Nair,1977-04-10,8edd1477d9ef,high,expired,US,2022-01-05 00:00:00,CUSTOMER_ONBOARDING_SVC
CUST001761,Mason Kumar,1974-02-20,c0957c5fa6f9,high,pending,AE,2023-05-01 00:00:00,CUSTOMER_ONBOARDING_SVC
CUST001762,James Brown,2000-11-05,8908735841f4,medium,verified,NG,2019-01-22 00:00:00,CUSTOMER_ONBOARDING_SVC
CUST001763,Emma Johnson,1967-12-23,e51396eb339f,low,expired,CA,2020-12-09 00:00:00,CUSTOMER_ONBOARDING_SVC
CUST001764,Liam Smith,2005-11-20,effd7ca14c01,medium,verified,IN,2022-09-02 00:00:00,CUSTOMER_ONBOARDING_SVC
CUST001765,Vikram Wilson,1978-03-17,3a5c9d0b59b4,medium,expired,CN,2024-09-01 00:00:00,CUSTOMER_ONBOARDING_SVC
CUST001766,Aarav Miller,2004-06-12,019a03ba6d32,low,verified,CA,2019-08-19 00:00:00,CUSTOMER_ONBOARDING_SVC
CUST001767,Nikhil Brown,1971-07-28,b0ec1aa3b77d,high,pending,RU,2022-06-04 00:00:00,CUSTOMER_ONBOARDING_SVC
CUST001768,Riya Zhang,1990-07-06,fd07aafe9c26,medium,expired,RU,2025-10-23 00:00:00,CUSTOMER_ONBOARDING_SVC
CUST001769,Ananya Brown,1978-06-08,a3b94914c076,high,verified,SG,2021-07-08 00:00:00,CUSTOMER_ONBOARDING_SVC
CUST001770,Sneha Khan,1987-06-01,7902a86f49d0,high,pending,CA,2020-10-06 00:00:00,CUSTOMER_ONBOARDING_SVC
CUST001771,Amelia Khan,1975-05-16,e2c09d9b907a,medium,expired,IN,2024-09-07 00:00:00,CUSTOMER_ONBOARDING_SVC
CUST001772,Arjun Kumar,1978-04-26,ada208d219b2,low,expired,NG,2021-09-04 00:00:00,CUSTOMER_ONBOARDING_SVC
CUST001773,Elena Johnson,1981-10-19,0be865b6caff,medium,verified,CN,2023-12-13 00:00:00,CUSTOMER_ONBOARDING_SVC
CUST001774,Emma Ivanov,1994-01-07,f447a55c60e8,medium,pending,NG,2022-11-02 00:00:00,CUSTOMER_ONBOARDING_SVC
CUST001775,Olivia Brown,1987-09-03,67292d670d11,medium,verified,DE,2023-07-01 00:00:00,CUSTOMER_ONBOARDING_SVC
CUST001776,Noah Mehta,2000-06-07,5d86760c3aba,low,pending,AE,2024-10-28 00:00:00,CUSTOMER_ONBOARDING_SVC
CUST001777,Lucas Gupta,1971-07-15,39e824bcbc41,low,verified,AU,2022-09-12 00:00:00,CUSTOMER_ONBOARDING_SVC
CUST001778,Nikhil Patel,1993-03-04,24217e7c3f75,low,verified,IN,2019-10-19 00:00:00,CUSTOMER_ONBOARDING_SVC
CUST001779,Amelia Tanaka,1997-07-09,38b692d92195,medium,verified,AU,2021-06-26 00:00:00,CUSTOMER_ONBOARDING_SVC
CUST001780,Isha Smith,1963-04-13,7b4dbd50d058,medium,verified,US,2022-03-06 00:00:00,CUSTOMER_ONBOARDING_SVC
CUST001781,Layla Sharma,1997-07-30,da8260381103,medium,pending,US,2024-08-08 00:00:00,CUSTOMER_ONBOARDING_SVC
CUST001782,Ananya Reddy,1987-02-24,2456fdb5c774,low,verified,RU,2022-12-24 00:00:00,CUSTOMER_ONBOARDING_SVC
CUST001783,Rohan Al-Sayed,1961-10-30,a821ff1ed715,high,verified,DE,2019-08-27 00:00:00,CUSTOMER_ONBOARDING_SVC
CUST001784,Wei Brown,1993-08-01,1e36b79f3af2,high,expired,AE,2021-11-17 00:00:00,CUSTOMER_ONBOARDING_SVC
CUST001785,Ethan Al-Sayed,1988-01-22,9388e09beab2,medium,verified,CN,2020-12-20 00:00:00,CUSTOMER_ONBOARDING_SVC
CUST001786,Fatima Brown,1987-06-24,9aa973521149,low,verified,GB,2026-06-09 00:00:00,CUSTOMER_ONBOARDING_SVC
CUST001787,Liam Al-Sayed,1985-05-16,a3a283a2b4a3,low,verified,CA,2026-04-19 00:00:00,CUSTOMER_ONBOARDING_SVC
CUST001788,Diego Johnson,1999-01-27,e6461ab02dc5,medium,verified,NG,2025-08-26 00:00:00,CUSTOMER_ONBOARDING_SVC
CUST001789,Liam Al-Sayed,1969-12-04,a455c7698826,low,verified,AU,2023-06-28 00:00:00,CUSTOMER_ONBOARDING_SVC
CUST001790,Vikram Tanaka,1956-02-18,d6b082d92b54,medium,verified,SG,2025-05-07 00:00:00,CUSTOMER_ONBOARDING_SVC
CUST001791,Rahul Smith,1972-06-08,ed725f14e578,medium,expired,SG,2018-05-16 00:00:00,CUSTOMER_ONBOARDING_SVC
CUST001792,Meera Smith,1975-08-02,b5bf2cce2232,,verified,RU,2021-09-17 00:00:00,CUSTOMER_ONBOARDING_SVC
CUST001793,Karan Wilson,1990-07-23,772d0071be22,medium,expired,US,2022-12-10 00:00:00,CUSTOMER_ONBOARDING_SVC
CUST001794,Isha Smith,1977-10-27,75753a6b60d4,low,verified,GB,2025-07-07 00:00:00,CUSTOMER_ONBOARDING_SVC
CUST001795,Sophia Zhang,1997-08-16,8b1ce2b96004,medium,verified,US,2024-10-04 00:00:00,CUSTOMER_ONBOARDING_SVC
CUST001796,Noah Mehta,1966-01-24,451ab148297a,medium,pending,AU,2019-08-26 00:00:00,CUSTOMER_ONBOARDING_SVC
CUST001797,Lucas Lopez,1993-03-07,3ee7d0e03e4d,medium,expired,RU,2024-07-29 00:00:00,CUSTOMER_ONBOARDING_SVC
CUST001798,Olivia Brown,1966-12-02,c7eadb807dfb,low,verified,CA,2023-05-18 00:00:00,CUSTOMER_ONBOARDING_SVC
CUST001799,Ananya Ivanov,2003-06-27,0795efddf710,medium,verified,RU,2026-05-21 00:00:00,CUSTOMER_ONBOARDING_SVC
CUST001800,Nikhil Martinez,1969-08-07,c1b8f4e03c40,low,verified,CA,2023-11-06 00:00:00,CUSTOMER_ONBOARDING_SVC
CUST001801,Hassan Tanaka,1990-02-27,7b6ca4833de4,medium,verified,IN,2019-10-06 00:00:00,CUSTOMER_ONBOARDING_SVC
CUST001802,Elena Anderson,1970-01-19,9e4964fc25f9,low,,AE,2019-08-20 00:00:00,CUSTOMER_ONBOARDING_SVC
CUST001803,Priya Singh,1989-08-16,89bae1d29aea,medium,pending,NG,2023-03-05 00:00:00,CUSTOMER_ONBOARDING_SVC
CUST001804,Hassan Khan,1989-08-26,d9d6f7da7d62,low,expired,CA,2019-05-14 00:00:00,CUSTOMER_ONBOARDING_SVC
CUST001805,Liam Patel,2004-08-12,02ce8f0da180,low,verified,AE,2021-03-31 00:00:00,CUSTOMER_ONBOARDING_SVC
CUST001806,Wei Smith,2004-05-16,8cc1451e196a,low,verified,DE,2025-03-12 00:00:00,CUSTOMER_ONBOARDING_SVC
CUST001807,Karan Patel,1972-10-24,c57b10d30aac,low,pending,IN,2026-03-23 00:00:00,CUSTOMER_ONBOARDING_SVC
CUST001808,Emma Brown,1989-01-07,8a0badabe3b3,,verified,RU,2022-11-28 00:00:00,CUSTOMER_ONBOARDING_SVC
CUST001809,Lucas Davis,1963-04-04,4b5b2f4848a2,low,pending,GB,2018-10-30 00:00:00,CUSTOMER_ONBOARDING_SVC
CUST001810,Nikhil Johnson,1995-02-07,1e77d0dcc076,low,verified,IN,2024-01-28 00:00:00,CUSTOMER_ONBOARDING_SVC
CUST001811,Mei Tanaka,2001-11-25,8d3ee4a251c3,low,verified,IN,2024-11-24 00:00:00,CUSTOMER_ONBOARDING_SVC
CUST001812,Liam Anderson,1988-11-26,0e570c9e8351,high,expired,CN,2023-12-29 00:00:00,CUSTOMER_ONBOARDING_SVC
CUST001813,Aarav Wilson,2003-06-10,78eff141929b,medium,expired,AE,2022-11-11 00:00:00,CUSTOMER_ONBOARDING_SVC
CUST001814,Yuki Lopez,1987-08-31,4bab18405189,low,expired,US,2018-05-06 00:00:00,CUSTOMER_ONBOARDING_SVC
CUST001815,Lucas Sharma,1976-03-28,f198c795be3c,low,verified,RU,2019-06-03 00:00:00,CUSTOMER_ONBOARDING_SVC
CUST001816,Omar Martinez,1971-10-04,94edbdfd355c,low,verified,,2022-04-07 00:00:00,CUSTOMER_ONBOARDING_SVC
CUST001817,Elena Garcia,1961-07-14,ccf73d839742,low,verified,CN,2023-03-04 00:00:00,CUSTOMER_ONBOARDING_SVC
CUST001818,Liam Zhang,1967-05-18,1b18d5fd7657,low,pending,US,2023-06-23 00:00:00,CUSTOMER_ONBOARDING_SVC
CUST001819,Hassan Gupta,1963-03-31,1401111c2bdf,high,expired,GB,2024-10-28 00:00:00,CUSTOMER_ONBOARDING_SVC
CUST001820,Chen Tanaka,2000-12-14,b2e054b9c4cd,low,pending,SG,2024-08-03 00:00:00,CUSTOMER_ONBOARDING_SVC
CUST001821,Sophia Smith,1964-06-10,ee6513b34e44,low,verified,CN,2024-03-17 00:00:00,CUSTOMER_ONBOARDING_SVC
CUST001822,Fatima Gupta,1967-09-12,51cdceeea6dd,low,pending,IN,2019-06-02 00:00:00,CUSTOMER_ONBOARDING_SVC
CUST001823,Vikram Al-Sayed,1974-09-12,df78512d7976,low,pending,DE,2025-11-24 00:00:00,CUSTOMER_ONBOARDING_SVC
CUST001824,Emma Tanaka,2000-02-19,ce0b2497194b,medium,expired,CN,2019-10-30 00:00:00,CUSTOMER_ONBOARDING_SVC
CUST001824,Emma Tanaka,2000-02-19,ce0b2497194b,medium,expired,CN,2019-10-30 00:12:00,CUSTOMER_ONBOARDING_SVC
CUST001825,Yuki Wilson,2001-05-10,d01d544953cf,low,verified,AU,2020-01-19 00:00:00,CUSTOMER_ONBOARDING_SVC
CUST001826,Lucas Anderson,1955-07-24,6ed59a854003,low,verified,SG,2023-05-27 00:00:00,CUSTOMER_ONBOARDING_SVC
CUST001827,Sneha Singh,1988-05-10,6b6a374d5898,medium,verified,US,2018-01-05 00:00:00,CUSTOMER_ONBOARDING_SVC
CUST001828,Ananya Brown,1993-05-06,96d01569c9a6,high,verified,CN,2018-11-28 00:00:00,CUSTOMER_ONBOARDING_SVC
CUST001829,Sneha Martinez,1972-11-27,9b234dd31e24,low,pending,CN,2018-06-29 00:00:00,CUSTOMER_ONBOARDING_SVC
CUST001830,Wei Smith,1962-10-09,534f909a003c,medium,verified,AU,2023-08-28 00:00:00,CUSTOMER_ONBOARDING_SVC
CUST001831,Meera Martinez,1997-01-06,b79cedda7c09,medium,expired,NG,2022-08-20 00:00:00,CUSTOMER_ONBOARDING_SVC
CUST001832,James Smith,1965-05-14,4fdf35b14bb9,high,verified,CA,2022-08-21 00:00:00,CUSTOMER_ONBOARDING_SVC
CUST001833,Wei Nair,2003-04-21,23fa4dfdc3fe,low,verified,GB,2018-12-05 00:00:00,CUSTOMER_ONBOARDING_SVC
CUST001834,Mei Miller,1971-06-08,2531fdf654bc,medium,verified,AE,2018-10-09 00:00:00,CUSTOMER_ONBOARDING_SVC
CUST001835,James Wilson,1985-04-08,16756efcc512,medium,expired,AE,2019-09-13 00:00:00,CUSTOMER_ONBOARDING_SVC
CUST001836,Amelia Chen,2004-02-28,a13cc22b88d8,high,verified,AE,2020-06-16 00:00:00,CUSTOMER_ONBOARDING_SVC
CUST001837,Isha Brown,1989-04-29,0bd899e4b2fb,low,pending,AE,2025-01-27 00:00:00,CUSTOMER_ONBOARDING_SVC
CUST001838,Diego Smith,1990-04-20,2087bf617f8d,medium,expired,IN,2022-01-14 00:00:00,CUSTOMER_ONBOARDING_SVC
CUST001839,Elena Reddy,1958-01-19,e5b9ca219e4d,low,verified,IN,2024-01-25 00:00:00,CUSTOMER_ONBOARDING_SVC
CUST001840,Chen Kumar,1963-12-12,f0e8675f9955,low,pending,AE,2018-12-08 00:00:00,CUSTOMER_ONBOARDING_SVC
CUST001841,Priya Gupta,1981-06-17,6846aadcf916,medium,pending,SG,2025-11-24 00:00:00,CUSTOMER_ONBOARDING_SVC
CUST001842,Mei Garcia,1983-04-10,bc4dc3fc04ac,high,verified,AE,2021-01-02 00:00:00,CUSTOMER_ONBOARDING_SVC
CUST001843,Isha Chen,2005-10-08,3402a43d3b67,low,verified,SG,2022-01-03 00:00:00,CUSTOMER_ONBOARDING_SVC
CUST001844,Ananya Brown,1985-04-04,a2d869acd11f,high,verified,US,2020-05-28 00:00:00,CUSTOMER_ONBOARDING_SVC
CUST001845,Ivan Smith,1985-06-26,3530c151da6e,medium,verified,CA,2018-05-12 00:00:00,CUSTOMER_ONBOARDING_SVC
CUST001846,Aditya Gupta,2004-05-29,ed3b1578c5f3,low,expired,CA,2018-07-22 00:00:00,CUSTOMER_ONBOARDING_SVC
CUST001847,Vikram Patel,1990-03-25,6b8366b66b90,high,expired,IN,2021-03-25 00:00:00,CUSTOMER_ONBOARDING_SVC
CUST001848,Ivan Kumar,1979-11-21,35377bee0d65,low,verified,IN,2021-11-27 00:00:00,CUSTOMER_ONBOARDING_SVC
CUST001849,Liam Singh,2003-09-11,ba51f1bfd718,high,expired,US,2021-05-13 00:00:00,CUSTOMER_ONBOARDING_SVC
CUST001850,Mei Lopez,2003-12-08,e41cd8470528,low,verified,CN,2022-01-11 00:00:00,CUSTOMER_ONBOARDING_SVC
CUST001851,Lucas Singh,1960-04-27,866926e0ac1d,medium,,IN,2022-07-28 00:00:00,CUSTOMER_ONBOARDING_SVC
CUST001852,Hassan Patel,2004-01-19,3380ddc4042b,high,pending,US,2022-05-04 00:00:00,CUSTOMER_ONBOARDING_SVC
CUST001853,Wei Wilson,1966-03-30,89368f5e1744,low,verified,GB,2026-01-14 00:00:00,CUSTOMER_ONBOARDING_SVC
CUST001854,Sophia Mehta,1955-04-02,63a664cae1a1,medium,pending,IN,2022-05-28 00:00:00,CUSTOMER_ONBOARDING_SVC
CUST001855,Pooja Reddy,1986-03-20,ea72b8a96bc3,low,pending,AU,2018-02-15 00:00:00,CUSTOMER_ONBOARDING_SVC
CUST001856,Isha Johnson,1996-03-18,6cc50f8b6f98,low,verified,US,2024-01-10 00:00:00,CUSTOMER_ONBOARDING_SVC
CUST001857,Meera Mehta,1982-08-10,0513722d04ef,,verified,AE,2021-09-17 00:00:00,CUSTOMER_ONBOARDING_SVC
CUST001858,Mason Khan,1986-12-14,b4d05b2c63ee,low,expired,IN,2020-09-27 00:00:00,CUSTOMER_ONBOARDING_SVC
CUST001859,Divya Singh,1990-03-22,6c2acc616fe7,low,,DE,2022-12-24 00:00:00,CUSTOMER_ONBOARDING_SVC
CUST001860,Lucia Brown,2004-12-03,29c1f8d6ae39,medium,verified,RU,2024-02-03 00:00:00,CUSTOMER_ONBOARDING_SVC
CUST001861,Ivan Davis,1970-01-10,06866641a66f,low,verified,GB,2022-06-07 00:00:00,CUSTOMER_ONBOARDING_SVC
CUST001862,Aarav Zhang,1996-01-19,db4232608e21,low,expired,CN,2022-02-24 00:00:00,CUSTOMER_ONBOARDING_SVC
CUST001863,Chen Gupta,1994-12-01,0d6cd0c519ea,low,verified,IN,2019-04-15 00:00:00,CUSTOMER_ONBOARDING_SVC
CUST001863,Chen Gupta,1994-12-01,0d6cd0c519ea,low,verified,IN,2019-04-15 00:25:00,CUSTOMER_ONBOARDING_SVC
CUST001864,Amelia Zhang,1963-11-18,53abac93767c,medium,verified,CN,2025-04-04 00:00:00,CUSTOMER_ONBOARDING_SVC
CUST001865,Elena Tanaka,1987-11-03,44734df98156,low,pending,IN,2024-05-05 00:00:00,CUSTOMER_ONBOARDING_SVC
CUST001866,Ava Anderson,1962-04-26,444f491958bb,medium,verified,NG,2026-03-11 00:00:00,CUSTOMER_ONBOARDING_SVC
CUST001867,Karan Miller,2001-05-12,7f82f9cfe9f0,high,verified,NG,2018-07-02 00:00:00,CUSTOMER_ONBOARDING_SVC
CUST001868,Chen Nair,2004-02-13,2babeed239a0,medium,verified,US,2022-03-18 00:00:00,CUSTOMER_ONBOARDING_SVC
CUST001869,Emma Brown,1959-10-17,b8361d2f04b7,low,expired,GB,2025-05-16 00:00:00,CUSTOMER_ONBOARDING_SVC
CUST001869,Emma Brown,1959-10-17,b8361d2f04b7,low,expired,GB,2025-05-16 00:23:00,CUSTOMER_ONBOARDING_SVC
CUST001870,Hassan Nair,1981-06-04,f1c2891c521e,low,verified,RU,2024-01-08 00:00:00,CUSTOMER_ONBOARDING_SVC
CUST001871,Emma Tanaka,1973-12-19,238983aa4d98,low,expired,GB,2026-03-14 00:00:00,CUSTOMER_ONBOARDING_SVC
CUST001872,Elena Lopez,1955-12-01,0a313f0fe76b,low,verified,AE,2025-07-20 00:00:00,CUSTOMER_ONBOARDING_SVC
CUST001873,Meera Mehta,1966-09-18,0d06ded99207,medium,pending,CN,2026-01-15 00:00:00,CUSTOMER_ONBOARDING_SVC
CUST001874,Sophia Zhang,1958-09-19,5d962715ca0b,medium,verified,AE,2019-06-20 00:00:00,CUSTOMER_ONBOARDING_SVC
CUST001875,Aarav Khan,1985-11-25,8267c26139cb,medium,verified,IN,2026-01-08 00:00:00,CUSTOMER_ONBOARDING_SVC
CUST001876,Ivan Kumar,2003-03-15,1d249c1535ad,low,verified,RU,2020-07-07 00:00:00,CUSTOMER_ONBOARDING_SVC
CUST001877,Vikram Tanaka,1988-12-03,dce2dacb954b,low,verified,GB,2024-10-26 00:00:00,CUSTOMER_ONBOARDING_SVC
CUST001878,Priya Smith,2003-07-22,7e3b5e25dd23,low,expired,AE,2021-02-04 00:00:00,CUSTOMER_ONBOARDING_SVC
CUST001879,Aditya Kumar,1998-09-05,98bbb8cb0740,medium,verified,DE,2018-02-27 00:00:00,CUSTOMER_ONBOARDING_SVC
CUST001880,Mia Chen,1989-05-17,de28bb79afd6,high,pending,IN,2020-08-15 00:00:00,CUSTOMER_ONBOARDING_SVC
CUST001881,Sophia Patel,1980-09-28,1f4c4d381517,low,verified,GB,2020-11-09 00:00:00,CUSTOMER_ONBOARDING_SVC
CUST001882,Chen Nair,2005-12-01,bea1d75574ea,low,verified,AE,2022-09-04 00:00:00,CUSTOMER_ONBOARDING_SVC
CUST001883,Rohan Miller,1993-12-03,015053dde509,low,verified,CN,2019-04-27 00:00:00,CUSTOMER_ONBOARDING_SVC
CUST001884,Ava Al-Sayed,1983-10-05,6e63eb012c3b,high,verified,NG,2020-12-27 00:00:00,CUSTOMER_ONBOARDING_SVC
CUST001885,Rahul Anderson,1963-10-20,bbcc85138728,medium,pending,CA,2026-04-19 00:00:00,CUSTOMER_ONBOARDING_SVC
CUST001886,Ananya Khan,1989-02-11,b373ab16f0e3,low,verified,RU,2020-12-15 00:00:00,CUSTOMER_ONBOARDING_SVC
CUST001887,Liam Chen,1987-10-21,34c5d0d7ed0d,low,verified,CN,2025-06-23 00:00:00,CUSTOMER_ONBOARDING_SVC
CUST001888,Rahul Zhang,1961-12-16,2f2e1d005549,high,verified,AE,2018-11-19 00:00:00,CUSTOMER_ONBOARDING_SVC
CUST001889,Emma Garcia,1990-01-09,ee9a05f7b770,medium,verified,CA,2025-09-26 00:00:00,CUSTOMER_ONBOARDING_SVC
CUST001890,Emma Ivanov,1985-02-05,c02eeaea07b8,low,verified,AU,2020-03-27 00:00:00,CUSTOMER_ONBOARDING_SVC
CUST001891,Lucas Ivanov,2000-02-09,c910f5cd2303,low,pending,RU,2022-04-15 00:00:00,CUSTOMER_ONBOARDING_SVC
CUST001892,Sophia Sharma,1955-09-17,6c84e018f692,low,expired,NG,2024-06-03 00:00:00,CUSTOMER_ONBOARDING_SVC
CUST001893,Mia Lopez,1983-12-27,5f30371f5cde,medium,pending,CN,2022-03-01 00:00:00,CUSTOMER_ONBOARDING_SVC
CUST001894,Riya Sharma,1979-10-11,8860d4d36ecc,low,verified,CA,2019-07-14 00:00:00,CUSTOMER_ONBOARDING_SVC
CUST001895,Divya Johnson,1978-10-03,5c009ead8ed0,medium,expired,IN,2025-04-19 00:00:00,CUSTOMER_ONBOARDING_SVC
CUST001896,Divya Johnson,1982-09-19,9c4c70aed9ac,high,verified,SG,2020-05-24 00:00:00,CUSTOMER_ONBOARDING_SVC
CUST001897,Karan Khan,1957-09-09,a57f9185cced,high,verified,IN,2023-12-28 00:00:00,CUSTOMER_ONBOARDING_SVC
CUST001898,Divya Singh,2004-04-02,4b2309b68303,low,expired,SG,2023-01-04 00:00:00,CUSTOMER_ONBOARDING_SVC
CUST001899,Emma Ivanov,1993-11-03,d935c8f8e18b,medium,verified,CN,2023-09-02 00:00:00,CUSTOMER_ONBOARDING_SVC
CUST001900,Divya Tanaka,1969-09-04,0a91074dabd8,high,verified,AE,2025-04-08 00:00:00,CUSTOMER_ONBOARDING_SVC
CUST001901,Meera Mehta,1996-07-09,2527ca190fd1,low,expired,CA,2023-01-30 00:00:00,CUSTOMER_ONBOARDING_SVC
CUST001902,Aarav Kumar,1960-07-22,5cc059c37953,low,verified,GB,2025-03-29 00:00:00,CUSTOMER_ONBOARDING_SVC
CUST001903,Sophia Brown,2001-07-29,9c298e4b2387,,verified,AU,2025-05-20 00:00:00,CUSTOMER_ONBOARDING_SVC
CUST001904,Arjun Singh,1971-09-18,f30d5de77fc1,medium,verified,GB,2021-08-02 00:00:00,CUSTOMER_ONBOARDING_SVC
CUST001905,Divya Nair,2002-06-20,10aa76b46fdc,high,verified,DE,2025-01-14 00:00:00,CUSTOMER_ONBOARDING_SVC
CUST001906,Lucas Lopez,1986-06-30,05bdaf45d619,low,expired,SG,2025-12-14 00:00:00,CUSTOMER_ONBOARDING_SVC
CUST001907,Isha Martinez,1998-06-24,6f3c9f27e63a,low,verified,AU,2020-10-05 00:00:00,CUSTOMER_ONBOARDING_SVC
CUST001908,Pooja Mehta,1970-02-28,0963bff58c90,high,pending,CN,2019-09-10 00:00:00,CUSTOMER_ONBOARDING_SVC
CUST001909,Isha Sharma,1987-08-15,3e84b57264c2,high,verified,GB,2023-04-25 00:00:00,CUSTOMER_ONBOARDING_SVC
CUST001910,Fatima Garcia,1997-02-14,8cd7fcd21a0c,low,verified,IN,2022-06-15 00:00:00,CUSTOMER_ONBOARDING_SVC
CUST001911,Yuki Kumar,1969-03-18,eca5a7f93ef1,medium,verified,NG,2020-03-29 00:00:00,CUSTOMER_ONBOARDING_SVC
CUST001912,Hassan Mehta,2005-04-05,5402a2bdeaa1,low,verified,NG,2025-02-02 00:00:00,CUSTOMER_ONBOARDING_SVC
CUST001913,James Anderson,1991-02-11,739287a61f09,low,verified,GB,2023-05-14 00:00:00,CUSTOMER_ONBOARDING_SVC
CUST001914,Pooja Zhang,1967-09-16,5e088de5a7a8,,expired,CN,2019-10-24 00:00:00,CUSTOMER_ONBOARDING_SVC
CUST001915,Meera Garcia,2005-10-14,163eac9b6e69,high,verified,NG,2019-09-24 00:00:00,CUSTOMER_ONBOARDING_SVC
CUST001916,Mei Brown,1988-05-03,e8d7d17242c2,low,pending,AE,2025-05-11 00:00:00,CUSTOMER_ONBOARDING_SVC
CUST001917,Riya Singh,1965-04-17,ffdb6cdc5f95,low,verified,AU,2023-12-18 00:00:00,CUSTOMER_ONBOARDING_SVC
CUST001918,Aarav Tanaka,1983-04-14,eb140f345f79,medium,verified,AU,2020-07-27 00:00:00,CUSTOMER_ONBOARDING_SVC
CUST001919,Vikram Mehta,1970-08-28,8a43f4b7d59b,high,verified,DE,2022-07-02 00:00:00,CUSTOMER_ONBOARDING_SVC
CUST001920,Wei Khan,1989-08-22,1e4892cea10e,low,verified,SG,2018-09-17 00:00:00,CUSTOMER_ONBOARDING_SVC
CUST001921,Isha Al-Sayed,1961-01-14,25f9579d9292,low,pending,AU,2022-02-17 00:00:00,CUSTOMER_ONBOARDING_SVC
CUST001922,Ava Brown,1979-05-15,8478da462da5,medium,verified,DE,2018-03-11 00:00:00,CUSTOMER_ONBOARDING_SVC
CUST001923,Diego Anderson,1987-02-04,ed31371803ec,low,pending,CA,2020-01-28 00:00:00,CUSTOMER_ONBOARDING_SVC
CUST001924,Rohan Khan,1961-05-19,64b72b9e228b,high,pending,IN,2024-12-25 00:00:00,CUSTOMER_ONBOARDING_SVC
CUST001925,Aditya Martinez,1993-07-30,50779f21119a,medium,pending,AE,2024-12-15 00:00:00,CUSTOMER_ONBOARDING_SVC
CUST001926,Omar Tanaka,1961-08-28,247c890302d9,medium,pending,AE,2019-11-07 00:00:00,CUSTOMER_ONBOARDING_SVC
CUST001927,Isha Gupta,1989-12-07,866947a06d53,low,pending,CA,2025-07-27 00:00:00,CUSTOMER_ONBOARDING_SVC
CUST001928,Wei Al-Sayed,1992-09-17,d21be8f6a2b4,low,verified,NG,2021-12-14 00:00:00,CUSTOMER_ONBOARDING_SVC
CUST001929,Olivia Nair,1963-03-24,e1578347553e,medium,verified,US,2025-01-24 00:00:00,CUSTOMER_ONBOARDING_SVC
CUST001930,Ivan Al-Sayed,1971-04-20,7f183d687544,low,verified,SG,2020-08-13 00:00:00,CUSTOMER_ONBOARDING_SVC
CUST001931,Ethan Tanaka,1979-06-06,36ba0eb9c70a,medium,pending,,2021-03-04 00:00:00,CUSTOMER_ONBOARDING_SVC
CUST001932,Arjun Davis,1996-08-26,1dda6073db2f,low,verified,NG,2022-06-09 00:00:00,CUSTOMER_ONBOARDING_SVC
CUST001933,Diego Martinez,1982-10-08,592321870f9e,medium,verified,CA,2018-12-31 00:00:00,CUSTOMER_ONBOARDING_SVC
CUST001934,Ava Patel,1991-06-27,2b7a109b69fc,low,verified,IN,2020-09-27 00:00:00,CUSTOMER_ONBOARDING_SVC
CUST001935,Emma Martinez,1971-09-24,0a7ef13665c6,medium,verified,DE,2023-03-18 00:00:00,CUSTOMER_ONBOARDING_SVC
CUST001936,Lucas Mehta,1973-06-21,dceea63d6236,high,verified,SG,2018-07-22 00:00:00,CUSTOMER_ONBOARDING_SVC
CUST001937,Rohan Wilson,1996-07-04,6185509c8901,high,verified,CN,2022-08-21 00:00:00,CUSTOMER_ONBOARDING_SVC
CUST001938,Liam Wilson,2005-03-15,253b27bf6028,low,expired,RU,2024-05-23 00:00:00,CUSTOMER_ONBOARDING_SVC
CUST001939,Olivia Brown,1981-03-18,8331f0269b34,low,verified,GB,2026-05-11 00:00:00,CUSTOMER_ONBOARDING_SVC
CUST001940,Divya Miller,1976-12-10,81f335c69c7a,medium,verified,RU,2026-06-12 00:00:00,CUSTOMER_ONBOARDING_SVC
CUST001941,Liam Mehta,1979-03-11,90d9b4b4d51e,low,verified,RU,2022-08-07 00:00:00,CUSTOMER_ONBOARDING_SVC
CUST001942,Meera Mehta,1984-06-11,ee3e7ab5c5cf,medium,verified,IN,2023-08-13 00:00:00,CUSTOMER_ONBOARDING_SVC
CUST001943,Layla Al-Sayed,1979-03-10,43b3b13d9e2a,low,,NG,2019-02-13 00:00:00,CUSTOMER_ONBOARDING_SVC
CUST001944,Arjun Patel,1965-05-01,20d7f208fb6f,low,pending,CN,2023-05-15 00:00:00,CUSTOMER_ONBOARDING_SVC
CUST001945,Mason Garcia,1997-05-26,6eeeeee56956,low,,SG,2024-07-26 00:00:00,CUSTOMER_ONBOARDING_SVC
CUST001946,Olivia Miller,1968-04-24,ee375feebe51,medium,verified,US,2026-02-11 00:00:00,CUSTOMER_ONBOARDING_SVC
CUST001947,Ethan Kumar,1965-04-19,9838735b5814,high,pending,CN,2020-04-15 00:00:00,CUSTOMER_ONBOARDING_SVC
CUST001948,Mia Nair,1985-04-08,e9470b6a2b47,high,pending,SG,2025-01-16 00:00:00,CUSTOMER_ONBOARDING_SVC
CUST001949,Elena Lopez,1961-03-03,b00ec5a58698,high,verified,AE,2020-12-05 00:00:00,CUSTOMER_ONBOARDING_SVC
CUST001950,Nikhil Singh,1974-12-28,93da21b04968,medium,verified,US,2024-01-30 00:00:00,CUSTOMER_ONBOARDING_SVC
CUST001951,Mason Reddy,1967-03-06,a8f41bc9c904,low,verified,AU,2018-05-18 00:00:00,CUSTOMER_ONBOARDING_SVC
CUST001952,Karan Sharma,1975-10-24,8efb2a7d36aa,medium,expired,GB,2025-06-09 00:00:00,CUSTOMER_ONBOARDING_SVC
CUST001953,Layla Sharma,2004-07-15,44813a71f579,low,verified,IN,2025-04-21 00:00:00,CUSTOMER_ONBOARDING_SVC
CUST001954,Meera Al-Sayed,1998-09-19,b66f07b439b7,low,verified,US,2022-11-30 00:00:00,CUSTOMER_ONBOARDING_SVC
CUST001955,Noah Patel,1975-06-28,65115f443331,low,verified,CN,2024-01-07 00:00:00,CUSTOMER_ONBOARDING_SVC
CUST001956,Mia Brown,1995-03-26,a1631057c2a0,low,verified,CN,2026-06-06 00:00:00,CUSTOMER_ONBOARDING_SVC
CUST001957,Nikhil Sharma,1956-06-16,1231cd680401,low,pending,CN,2019-07-05 00:00:00,CUSTOMER_ONBOARDING_SVC
CUST001957,Nikhil Sharma,1956-06-16,1231cd680401,low,pending,CN,2019-07-05 00:03:00,CUSTOMER_ONBOARDING_SVC
CUST001958,Nikhil Nair,1991-08-18,11c94ca8cb98,medium,verified,GB,2023-04-03 00:00:00,CUSTOMER_ONBOARDING_SVC
CUST001959,Sophia Sharma,1993-04-18,4d5c2d51dc11,medium,expired,CA,2019-08-05 00:00:00,CUSTOMER_ONBOARDING_SVC
CUST001960,Sneha Reddy,1988-03-18,ed315baa5682,low,verified,GB,2020-05-12 00:00:00,CUSTOMER_ONBOARDING_SVC
CUST001961,James Tanaka,1976-01-31,7ea2be2cc268,low,verified,CN,2018-04-29 00:00:00,CUSTOMER_ONBOARDING_SVC
CUST001962,Liam Chen,1956-06-20,1cf5916c85d5,medium,verified,US,2019-01-08 00:00:00,CUSTOMER_ONBOARDING_SVC
CUST001963,Sophia Patel,1992-02-08,03ed635d5190,high,expired,CA,2020-11-26 00:00:00,CUSTOMER_ONBOARDING_SVC
CUST001964,Yuki Brown,1992-02-19,f153ee8d2f3e,medium,expired,GB,2019-03-10 00:00:00,CUSTOMER_ONBOARDING_SVC
CUST001965,Layla Mehta,1994-07-16,a3510daad11a,high,pending,NG,2019-09-24 00:00:00,CUSTOMER_ONBOARDING_SVC
CUST001966,Meera Brown,1958-08-07,dc82f83e38b2,high,verified,RU,2024-07-23 00:00:00,CUSTOMER_ONBOARDING_SVC
CUST001967,Fatima Ivanov,1977-03-12,2aa1725886f6,low,verified,CN,2023-06-12 00:00:00,CUSTOMER_ONBOARDING_SVC
CUST001968,Arjun Singh,1959-03-25,12fdd477b4c2,medium,pending,US,2019-05-04 00:00:00,CUSTOMER_ONBOARDING_SVC
CUST001969,Hassan Davis,1959-06-27,71192e338932,low,pending,RU,2025-07-05 00:00:00,CUSTOMER_ONBOARDING_SVC
CUST001970,Nikhil Lopez,1986-08-17,2c3ed901f97a,medium,expired,CN,2019-03-01 00:00:00,CUSTOMER_ONBOARDING_SVC
CUST001971,Divya Tanaka,1970-06-28,78e31cc269c9,low,pending,US,2019-12-20 00:00:00,CUSTOMER_ONBOARDING_SVC
CUST001972,Isha Reddy,1987-05-12,b0d589bdba51,low,verified,IN,2021-03-30 00:00:00,CUSTOMER_ONBOARDING_SVC
CUST001973,James Martinez,1989-04-25,fa98af70a117,low,verified,AU,2020-02-27 00:00:00,CUSTOMER_ONBOARDING_SVC
CUST001974,Olivia Chen,1982-05-04,df51333695a7,medium,pending,IN,2023-08-20 00:00:00,CUSTOMER_ONBOARDING_SVC
CUST001975,Priya Reddy,1988-07-27,a3fc5e7494e3,high,pending,IN,2024-11-19 00:00:00,CUSTOMER_ONBOARDING_SVC
CUST001976,Noah Nair,1995-03-18,345e8cf34351,low,expired,AU,2023-07-29 00:00:00,CUSTOMER_ONBOARDING_SVC
CUST001977,Rohan Lopez,1992-02-25,ca7d88c70610,low,verified,SG,2020-08-13 00:00:00,CUSTOMER_ONBOARDING_SVC
CUST001978,Ethan Martinez,1956-07-28,a2dede543a36,low,pending,CN,2022-09-10 00:00:00,CUSTOMER_ONBOARDING_SVC
CUST001979,Sophia Martinez,1968-07-15,7c8381c409a4,low,verified,CN,2024-08-23 00:00:00,CUSTOMER_ONBOARDING_SVC
CUST001980,Pooja Patel,1983-07-04,e14e1d2e22be,high,expired,CN,2021-07-17 00:00:00,CUSTOMER_ONBOARDING_SVC
CUST001981,Meera Al-Sayed,1970-06-18,da83f6c61469,high,verified,DE,2024-12-24 00:00:00,CUSTOMER_ONBOARDING_SVC
CUST001982,Ava Khan,2001-02-22,2268ee35a73e,high,expired,GB,2018-04-21 00:00:00,CUSTOMER_ONBOARDING_SVC
CUST001983,Layla Patel,1979-06-16,dd17d29343df,medium,verified,IN,2024-06-08 00:00:00,CUSTOMER_ONBOARDING_SVC
CUST001984,Meera Kumar,1961-11-04,94de43b545b0,high,verified,CN,2022-03-05 00:00:00,CUSTOMER_ONBOARDING_SVC
CUST001985,Meera Davis,1992-06-04,e45416577a47,medium,,NG,2024-01-04 00:00:00,CUSTOMER_ONBOARDING_SVC
CUST001986,Noah Smith,2003-03-14,633b6219a6db,medium,verified,NG,2018-08-28 00:00:00,CUSTOMER_ONBOARDING_SVC
CUST001987,Rahul Miller,2000-01-30,368eda3c7635,medium,expired,CN,2023-08-02 00:00:00,CUSTOMER_ONBOARDING_SVC
CUST001988,Lucas Al-Sayed,1980-04-12,3fa78089d8be,high,verified,DE,2022-06-24 00:00:00,CUSTOMER_ONBOARDING_SVC
CUST001989,Liam Khan,1965-01-11,63e3a15dc4d0,low,pending,CN,2024-11-05 00:00:00,CUSTOMER_ONBOARDING_SVC
CUST001990,Vikram Patel,1969-08-19,42d4b049725a,low,expired,GB,2024-11-10 00:00:00,CUSTOMER_ONBOARDING_SVC
CUST001991,Fatima Martinez,1963-01-29,69ef7617aa1b,medium,pending,US,2023-04-14 00:00:00,CUSTOMER_ONBOARDING_SVC
CUST001992,Mei Smith,2002-04-07,b85388626665,high,verified,RU,2019-01-31 00:00:00,CUSTOMER_ONBOARDING_SVC
CUST001993,Nikhil Davis,1991-10-08,023ccebaee7b,high,verified,DE,2018-03-27 00:00:00,CUSTOMER_ONBOARDING_SVC
CUST001994,Rohan Anderson,1972-05-08,77e78d4333e2,medium,,SG,2024-02-07 00:00:00,CUSTOMER_ONBOARDING_SVC
CUST001995,Isha Smith,2002-07-02,616ffc286ad5,medium,verified,AE,2020-08-20 00:00:00,CUSTOMER_ONBOARDING_SVC
CUST001996,Mei Reddy,2005-08-25,8c1b6c82ec61,low,verified,AU,2024-11-09 00:00:00,CUSTOMER_ONBOARDING_SVC
CUST001997,Amelia Mehta,1970-11-28,fe1d017a0f19,low,expired,AE,2024-03-26 00:00:00,CUSTOMER_ONBOARDING_SVC
CUST001998,Pooja Tanaka,1962-06-22,4f378b998a13,low,verified,DE,2023-09-03 00:00:00,CUSTOMER_ONBOARDING_SVC
CUST001999,Mia Reddy,1995-10-23,6196b2a1701f,low,pending,DE,2019-03-06 00:00:00,CUSTOMER_ONBOARDING_SVC
CUST002000,Aditya Gupta,2000-05-19,f57e9b3b2c22,low,verified,AU,2019-10-05 00:00:00,CUSTOMER_ONBOARDING_SVC
CUST002001,Nikhil Garcia,1996-05-13,8681c05e36f5,medium,verified,CN,2026-04-08 00:00:00,CUSTOMER_ONBOARDING_SVC
CUST002002,Priya Miller,1999-03-25,d90535a1d8dc,low,verified,CA,2022-04-29 00:00:00,CUSTOMER_ONBOARDING_SVC
CUST002003,Aarav Al-Sayed,2001-11-21,8f67b29cfc9d,high,verified,NG,2019-02-16 00:00:00,CUSTOMER_ONBOARDING_SVC
CUST002004,Mason Kumar,2000-02-21,d5257cb755d9,low,verified,CA,2025-10-16 00:00:00,CUSTOMER_ONBOARDING_SVC
CUST002005,Layla Zhang,1986-05-24,608d7e700a5f,medium,,GB,2025-05-30 00:00:00,CUSTOMER_ONBOARDING_SVC
CUST002006,Mia Miller,1990-10-26,11e0e0485e22,medium,verified,SG,2023-12-27 00:00:00,CUSTOMER_ONBOARDING_SVC
CUST002007,Diego Nair,2000-07-03,c0f6bb829661,medium,verified,GB,2024-08-26 00:00:00,CUSTOMER_ONBOARDING_SVC
CUST002008,Aarav Chen,1967-03-31,06b6cb329ef5,medium,verified,GB,2024-06-30 00:00:00,CUSTOMER_ONBOARDING_SVC
CUST002009,Amelia Martinez,1960-08-24,56121527f92e,medium,expired,,2022-11-29 00:00:00,CUSTOMER_ONBOARDING_SVC
CUST002010,Lucia Johnson,1999-09-06,3fd399ee11b4,medium,verified,AU,2020-11-10 00:00:00,CUSTOMER_ONBOARDING_SVC
CUST002011,Fatima Nair,2000-03-22,bb548e9aef75,low,pending,RU,2021-05-23 00:00:00,CUSTOMER_ONBOARDING_SVC
CUST002012,Ava Nair,2003-02-15,f80a4081bbf6,low,pending,DE,2023-12-25 00:00:00,CUSTOMER_ONBOARDING_SVC
CUST002013,Aarav Lopez,2001-03-07,30b71e5161b6,low,verified,CN,2022-06-04 00:00:00,CUSTOMER_ONBOARDING_SVC
CUST002014,Mia Gupta,1958-07-04,d52e6ddc4078,medium,verified,CA,2022-06-13 00:00:00,CUSTOMER_ONBOARDING_SVC
CUST002015,Emma Anderson,1987-03-03,b53a37746d86,,verified,GB,2023-11-01 00:00:00,CUSTOMER_ONBOARDING_SVC
CUST002016,Rahul Brown,1982-05-17,c00e5e04fcb9,medium,expired,CA,2025-06-24 00:00:00,CUSTOMER_ONBOARDING_SVC
CUST002017,Karan Anderson,1992-04-27,1a262c018694,low,verified,SG,2020-08-26 00:00:00,CUSTOMER_ONBOARDING_SVC
CUST002018,Aarav Nair,1985-12-11,dfa3e99ffec5,medium,pending,IN,2026-01-28 00:00:00,CUSTOMER_ONBOARDING_SVC
CUST002019,Pooja Sharma,1989-10-03,4707128c234d,low,expired,SG,2021-04-14 00:00:00,CUSTOMER_ONBOARDING_SVC
CUST002020,Liam Davis,1959-08-24,cd4a69b681e3,medium,verified,CA,2023-08-21 00:00:00,CUSTOMER_ONBOARDING_SVC
CUST002021,Rahul Sharma,1973-04-22,12a81e15eaea,low,verified,US,2022-10-18 00:00:00,CUSTOMER_ONBOARDING_SVC
CUST002022,James Gupta,1958-11-18,eb118f157531,medium,verified,RU,2022-05-31 00:00:00,CUSTOMER_ONBOARDING_SVC
CUST002023,Sophia Reddy,1958-06-19,244955d27f9b,low,verified,GB,2022-03-28 00:00:00,CUSTOMER_ONBOARDING_SVC
CUST002024,Wei Gupta,1993-03-03,5bfcc1f3d231,low,,SG,2020-01-01 00:00:00,CUSTOMER_ONBOARDING_SVC
CUST002025,Liam Chen,1978-03-15,75a88bd081fa,low,pending,IN,2023-08-06 00:00:00,CUSTOMER_ONBOARDING_SVC
CUST002026,Sophia Lopez,1994-03-19,6c12c745bea3,low,verified,AE,2021-08-29 00:00:00,CUSTOMER_ONBOARDING_SVC
CUST002027,Yuki Singh,1980-10-15,685de749a174,high,verified,CN,2021-09-26 00:00:00,CUSTOMER_ONBOARDING_SVC
CUST002028,Sneha Sharma,1990-05-20,98657d9985ad,high,verified,AE,2019-06-08 00:00:00,CUSTOMER_ONBOARDING_SVC
CUST002029,Wei Mehta,1967-11-05,606d22c81b43,medium,pending,AU,2025-02-07 00:00:00,CUSTOMER_ONBOARDING_SVC
CUST002030,Riya Lopez,2004-11-07,f99069627e1f,high,verified,SG,2021-08-07 00:00:00,CUSTOMER_ONBOARDING_SVC
CUST002031,Ethan Gupta,1964-02-05,32a4696ff896,low,expired,SG,2022-07-22 00:00:00,CUSTOMER_ONBOARDING_SVC
CUST002032,Ava Patel,1959-03-26,e9777b2a4c59,low,expired,NG,2022-01-27 00:00:00,CUSTOMER_ONBOARDING_SVC
CUST002033,Sophia Al-Sayed,1986-12-29,980a3e45d885,low,pending,AE,2019-08-02 00:00:00,CUSTOMER_ONBOARDING_SVC
CUST002034,Lucia Kumar,1981-12-09,e6f48ba29331,medium,pending,SG,2025-11-16 00:00:00,CUSTOMER_ONBOARDING_SVC
CUST002035,Ava Mehta,2000-10-20,f51cd33e5568,low,verified,CA,2023-12-29 00:00:00,CUSTOMER_ONBOARDING_SVC
CUST002036,Vikram Zhang,1976-07-01,0e9d6ff9cbff,medium,expired,AE,2025-03-24 00:00:00,CUSTOMER_ONBOARDING_SVC
CUST002037,Layla Reddy,1961-02-16,2205b64384a8,low,pending,NG,2021-12-15 00:00:00,CUSTOMER_ONBOARDING_SVC
CUST002038,Isha Brown,1960-08-13,166584866d4a,low,verified,AU,2021-07-07 00:00:00,CUSTOMER_ONBOARDING_SVC
CUST002039,Noah Ivanov,1998-04-19,218ad79f30c4,low,verified,AE,2023-09-28 00:00:00,CUSTOMER_ONBOARDING_SVC
CUST002040,Aditya Johnson,1989-03-24,7b22d3bce2a2,low,pending,GB,2023-07-27 00:00:00,CUSTOMER_ONBOARDING_SVC
CUST002041,Ivan Singh,1975-02-20,ecddf31ed69b,medium,verified,GB,2020-05-09 00:00:00,CUSTOMER_ONBOARDING_SVC
CUST002042,Amelia Smith,1959-09-22,f9afa36950f1,medium,expired,SG,2024-11-01 00:00:00,CUSTOMER_ONBOARDING_SVC
CUST002043,Chen Anderson,1998-01-13,1089d7a35700,medium,verified,SG,2020-07-22 00:00:00,CUSTOMER_ONBOARDING_SVC
CUST002044,Rohan Kumar,2003-06-22,d0a517a0a259,medium,expired,US,2024-08-31 00:00:00,CUSTOMER_ONBOARDING_SVC
CUST002045,Fatima Wilson,1996-01-27,d41833eda580,low,pending,GB,2024-07-15 00:00:00,CUSTOMER_ONBOARDING_SVC
CUST002046,Yuki Brown,1986-04-08,e5a9d00fa61d,medium,verified,AU,2026-06-17 00:00:00,CUSTOMER_ONBOARDING_SVC
CUST002047,Meera Singh,1996-07-07,913f04c5ef1f,medium,expired,CA,2026-03-14 00:00:00,CUSTOMER_ONBOARDING_SVC
CUST002048,Arjun Johnson,2003-06-27,e8fcfe500a4a,high,expired,NG,2020-02-08 00:00:00,CUSTOMER_ONBOARDING_SVC
CUST002049,Ava Martinez,1981-11-05,33030257d13a,low,verified,NG,2020-12-11 00:00:00,CUSTOMER_ONBOARDING_SVC
CUST002050,Rohan Wilson,2001-12-14,7109cb487bf5,low,verified,DE,2019-03-06 00:00:00,CUSTOMER_ONBOARDING_SVC
CUST002051,Amelia Anderson,1962-05-08,f84e8a66f9ad,low,expired,US,2024-06-25 00:00:00,CUSTOMER_ONBOARDING_SVC
CUST002052,Ava Martinez,1957-01-12,0c7143b02074,medium,expired,IN,2026-04-11 00:00:00,CUSTOMER_ONBOARDING_SVC
CUST002053,Sneha Garcia,1968-04-05,095b035747bd,medium,pending,SG,2024-04-13 00:00:00,CUSTOMER_ONBOARDING_SVC
CUST002054,Noah Ivanov,2003-04-23,e17556d975e5,low,,NG,2026-06-03 00:00:00,CUSTOMER_ONBOARDING_SVC
CUST002055,Arjun Khan,1956-10-16,5d24372d1b45,high,verified,DE,2026-05-15 00:00:00,CUSTOMER_ONBOARDING_SVC
CUST002056,Layla Gupta,1997-07-21,a2e895e48bdb,low,verified,RU,2021-06-13 00:00:00,CUSTOMER_ONBOARDING_SVC
CUST002057,Omar Brown,1964-01-25,22d02688eff1,high,verified,NG,2023-08-20 00:00:00,CUSTOMER_ONBOARDING_SVC
CUST002058,Lucia Nair,1961-04-02,1e2adafde382,high,expired,DE,2021-11-06 00:00:00,CUSTOMER_ONBOARDING_SVC
CUST002059,Ananya Nair,2000-09-21,942509094dcd,medium,pending,SG,2026-01-30 00:00:00,CUSTOMER_ONBOARDING_SVC
CUST002060,Aarav Al-Sayed,2003-11-08,25595e77c73c,medium,verified,SG,2021-08-10 00:00:00,CUSTOMER_ONBOARDING_SVC
CUST002061,Ava Miller,1976-06-23,946d0925dead,medium,expired,DE,2024-07-23 00:00:00,CUSTOMER_ONBOARDING_SVC
CUST002062,Liam Mehta,1958-10-27,7485b455af7b,low,expired,DE,2025-05-27 00:00:00,CUSTOMER_ONBOARDING_SVC
CUST002063,Rohan Anderson,1992-11-04,8cf3864f3781,,pending,RU,2025-04-17 00:00:00,CUSTOMER_ONBOARDING_SVC
CUST002064,Lucas Smith,1961-02-28,a01e1437e203,high,pending,GB,2025-11-26 00:00:00,CUSTOMER_ONBOARDING_SVC
CUST002065,Noah Al-Sayed,1985-01-12,b5726b43afb4,high,verified,AE,2024-01-03 00:00:00,CUSTOMER_ONBOARDING_SVC
CUST002066,Rahul Nair,2005-04-05,0b83508e3508,low,verified,AU,2024-02-18 00:00:00,CUSTOMER_ONBOARDING_SVC
CUST002067,Pooja Davis,2000-09-03,e543bb401350,low,verified,CN,2019-02-24 00:00:00,CUSTOMER_ONBOARDING_SVC
CUST002068,Ivan Brown,1956-12-09,8eb84e053ca4,medium,expired,AE,2024-06-14 00:00:00,CUSTOMER_ONBOARDING_SVC
CUST002069,Chen Al-Sayed,1970-08-01,22b50b244975,medium,expired,IN,2019-12-11 00:00:00,CUSTOMER_ONBOARDING_SVC
CUST002070,Emma Brown,1965-01-14,db4e50e61cca,low,verified,SG,2025-12-05 00:00:00,CUSTOMER_ONBOARDING_SVC
CUST002071,Lucia Smith,1956-11-28,a20a21a2b8d8,medium,expired,AE,2025-03-13 00:00:00,CUSTOMER_ONBOARDING_SVC
CUST002072,Emma Ivanov,1973-03-22,45e55d4fcdde,low,expired,IN,2021-06-03 00:00:00,CUSTOMER_ONBOARDING_SVC
CUST002073,Hassan Tanaka,1987-03-22,446513b303cf,low,verified,CA,2023-09-29 00:00:00,CUSTOMER_ONBOARDING_SVC
CUST002074,James Kumar,1955-10-04,3e351b776f1a,low,expired,AE,2024-10-14 00:00:00,CUSTOMER_ONBOARDING_SVC
CUST002075,Mason Sharma,2003-11-21,6420e6d10274,medium,verified,CN,2019-06-08 00:00:00,CUSTOMER_ONBOARDING_SVC
CUST002076,Vikram Al-Sayed,1975-11-15,bff8287defc6,medium,verified,CN,2018-12-15 00:00:00,CUSTOMER_ONBOARDING_SVC
CUST002076,Vikram Al-Sayed,1975-11-15,bff8287defc6,medium,verified,CN,2018-12-15 00:36:00,CUSTOMER_ONBOARDING_SVC
CUST002077,Vikram Sharma,1999-05-21,71683d083284,medium,verified,IN,2025-09-25 00:00:00,CUSTOMER_ONBOARDING_SVC
CUST002078,Riya Anderson,1961-10-02,b4b2d7b5376e,medium,pending,AU,2018-09-01 00:00:00,CUSTOMER_ONBOARDING_SVC
CUST002079,Meera Smith,1996-10-09,a15a71aba469,medium,expired,NG,2018-04-26 00:00:00,CUSTOMER_ONBOARDING_SVC
CUST002080,Elena Davis,1971-06-13,2dcd8d44e1f3,low,verified,AE,2019-12-28 00:00:00,CUSTOMER_ONBOARDING_SVC
CUST002081,Aarav Smith,1974-03-13,a89d132d52e6,medium,verified,AU,2019-12-08 00:00:00,CUSTOMER_ONBOARDING_SVC
CUST002082,Lucas Wilson,1963-11-26,bd352011ede1,medium,,DE,2025-09-17 00:00:00,CUSTOMER_ONBOARDING_SVC
CUST002083,Rohan Patel,1958-02-25,17bd04f8ecaa,medium,verified,CN,2018-05-11 00:00:00,CUSTOMER_ONBOARDING_SVC
CUST002084,Arjun Singh,1987-05-02,3057ff79936e,medium,,RU,2020-03-16 00:00:00,CUSTOMER_ONBOARDING_SVC
CUST002085,Priya Patel,1999-05-27,f490819787d1,low,verified,US,2020-09-23 00:00:00,CUSTOMER_ONBOARDING_SVC
CUST002086,Pooja Lopez,1963-01-10,eea314bdef39,low,pending,CA,2020-02-16 00:00:00,CUSTOMER_ONBOARDING_SVC
CUST002087,Elena Patel,1997-05-26,38a6b874e0b3,high,pending,NG,2018-11-06 00:00:00,CUSTOMER_ONBOARDING_SVC
CUST002088,Noah Zhang,1991-07-24,6e41d9362cda,medium,verified,GB,2019-04-04 00:00:00,CUSTOMER_ONBOARDING_SVC
CUST002089,Aarav Chen,1982-06-27,abb3bc71d9c7,medium,verified,GB,2020-09-30 00:00:00,CUSTOMER_ONBOARDING_SVC
CUST002090,Arjun Reddy,1967-12-09,42cab3a2cb79,,pending,SG,2019-01-16 00:00:00,CUSTOMER_ONBOARDING_SVC
CUST002091,Ananya Gupta,1956-07-11,1a6e263a0014,low,verified,AU,2024-07-17 00:00:00,CUSTOMER_ONBOARDING_SVC
CUST002092,Lucas Lopez,1973-09-06,2e25e380563d,low,pending,IN,2025-07-25 00:00:00,CUSTOMER_ONBOARDING_SVC
CUST002093,Wei Davis,1996-10-09,e2e6e5e0d1fa,,expired,US,2024-10-04 00:00:00,CUSTOMER_ONBOARDING_SVC
CUST002094,Ethan Martinez,1986-06-20,974e2a678e4c,medium,verified,NG,2019-04-04 00:00:00,CUSTOMER_ONBOARDING_SVC
CUST002095,Layla Martinez,1970-04-26,86f570bdf90f,medium,pending,US,2022-10-27 00:00:00,CUSTOMER_ONBOARDING_SVC
CUST002096,Mason Smith,2004-11-18,9612cdcd6347,medium,pending,CA,2022-10-19 00:00:00,CUSTOMER_ONBOARDING_SVC
CUST002097,Fatima Wilson,1982-12-27,40378b644634,low,verified,GB,2023-02-12 00:00:00,CUSTOMER_ONBOARDING_SVC
CUST002098,Ananya Martinez,1957-12-01,d94599b2e1f7,low,expired,US,2023-07-03 00:00:00,CUSTOMER_ONBOARDING_SVC
CUST002099,Mia Martinez,1973-02-01,f17d91cc6828,medium,verified,NG,2022-05-29 00:00:00,CUSTOMER_ONBOARDING_SVC
CUST002100,Emma Wilson,1979-04-06,2f00b564a988,low,expired,DE,2023-01-14 00:00:00,CUSTOMER_ONBOARDING_SVC
CUST002101,Emma Davis,1968-04-12,f131b528527d,low,verified,CN,2026-01-05 00:00:00,CUSTOMER_ONBOARDING_SVC
CUST002102,Meera Sharma,1984-07-02,8f23cdcdd471,,verified,SG,2018-01-07 00:00:00,CUSTOMER_ONBOARDING_SVC
CUST002103,Liam Ivanov,1995-09-06,8fec05242be2,medium,,DE,2020-09-07 00:00:00,CUSTOMER_ONBOARDING_SVC
CUST002104,Elena Singh,1977-08-14,7d65eb8b1a3b,,verified,US,2019-05-03 00:00:00,CUSTOMER_ONBOARDING_SVC
CUST002105,Meera Mehta,1999-05-12,0d4997e50718,medium,expired,CN,2020-04-05 00:00:00,CUSTOMER_ONBOARDING_SVC
CUST002106,Mei Patel,1955-10-19,6b02211da0dd,high,verified,DE,2024-01-29 00:00:00,CUSTOMER_ONBOARDING_SVC
CUST002107,Hassan Davis,1978-02-23,9e022a2c8fd7,low,verified,CA,2022-05-11 00:00:00,CUSTOMER_ONBOARDING_SVC
CUST002108,Fatima Smith,1974-08-29,3f31b14520db,medium,verified,AU,2020-10-17 00:00:00,CUSTOMER_ONBOARDING_SVC
CUST002109,Karan Wilson,1983-07-24,9928364f59ed,high,expired,US,2019-01-14 00:00:00,CUSTOMER_ONBOARDING_SVC
CUST002110,Elena Johnson,1956-08-18,e2054ca4f605,high,verified,CN,2020-02-14 00:00:00,CUSTOMER_ONBOARDING_SVC
CUST002111,Riya Smith,1991-11-19,522006a54e0a,medium,verified,DE,2018-05-03 00:00:00,CUSTOMER_ONBOARDING_SVC
CUST002112,Emma Miller,1994-08-14,4a5aac421e3d,high,verified,DE,2019-08-31 00:00:00,CUSTOMER_ONBOARDING_SVC
CUST002113,Priya Gupta,1963-03-21,c2dda2a415ca,medium,verified,NG,2025-09-21 00:00:00,CUSTOMER_ONBOARDING_SVC
CUST002114,Liam Sharma,1990-01-31,d85073439710,low,expired,CN,2019-07-31 00:00:00,CUSTOMER_ONBOARDING_SVC
CUST002115,Arjun Chen,1987-03-01,2df70701a996,low,pending,AE,2025-02-22 00:00:00,CUSTOMER_ONBOARDING_SVC
CUST002116,Priya Sharma,1962-10-28,737229b17d90,medium,verified,GB,2019-10-16 00:00:00,CUSTOMER_ONBOARDING_SVC
CUST002117,Karan Anderson,1992-07-24,42ac93f9ed71,high,verified,US,2018-10-12 00:00:00,CUSTOMER_ONBOARDING_SVC
CUST002118,Mia Kumar,1960-06-16,c9739e1c071d,medium,verified,IN,2023-03-19 00:00:00,CUSTOMER_ONBOARDING_SVC
CUST002119,Arjun Anderson,2001-11-12,c0ee1e8e16db,,verified,AE,2019-08-11 00:00:00,CUSTOMER_ONBOARDING_SVC
CUST002120,Arjun Martinez,1993-04-30,7d0431a4d360,low,verified,AU,2018-10-09 00:00:00,CUSTOMER_ONBOARDING_SVC
CUST002121,Sophia Sharma,1993-07-10,6809045d00b6,low,verified,CA,2022-11-18 00:00:00,CUSTOMER_ONBOARDING_SVC
CUST002122,James Johnson,1959-02-16,da4c2a3bce74,high,verified,DE,2021-06-05 00:00:00,CUSTOMER_ONBOARDING_SVC
CUST002123,Olivia Miller,1964-08-09,cc9b284d5bce,low,verified,IN,2024-12-22 00:00:00,CUSTOMER_ONBOARDING_SVC
CUST002124,Pooja Ivanov,1999-02-14,3a61bd18e8c1,low,verified,GB,2019-09-02 00:00:00,CUSTOMER_ONBOARDING_SVC
CUST002125,Layla Reddy,1983-07-08,210aa3f84fdf,low,verified,CN,2026-06-28 00:00:00,CUSTOMER_ONBOARDING_SVC
CUST002126,Aarav Wilson,1992-07-12,b4e1a4e2ecfa,medium,verified,DE,2025-11-21 00:00:00,CUSTOMER_ONBOARDING_SVC
CUST002127,Emma Singh,1994-08-25,12e169a6fd74,medium,pending,RU,2022-08-02 00:00:00,CUSTOMER_ONBOARDING_SVC
CUST002128,Lucia Singh,1969-04-28,b2c9df0ed15b,low,verified,AU,2024-06-26 00:00:00,CUSTOMER_ONBOARDING_SVC
CUST002129,Fatima Johnson,2005-09-29,5a271b4f6a32,low,verified,NG,2023-06-03 00:00:00,CUSTOMER_ONBOARDING_SVC
CUST002130,Sneha Johnson,1988-12-12,6cdc1994b4f0,low,verified,DE,2024-02-22 00:00:00,CUSTOMER_ONBOARDING_SVC
CUST002131,Chen Ivanov,1969-09-05,0e4a10c9c4aa,low,,SG,2022-01-01 00:00:00,CUSTOMER_ONBOARDING_SVC
CUST002132,Liam Al-Sayed,1966-02-06,28019d6c506e,high,expired,US,2019-02-19 00:00:00,CUSTOMER_ONBOARDING_SVC
CUST002133,Lucia Mehta,1993-06-28,445f2c1fa867,low,verified,IN,2020-08-14 00:00:00,CUSTOMER_ONBOARDING_SVC
CUST002134,Fatima Reddy,2002-05-23,09f1a4ca107a,low,expired,US,2023-10-18 00:00:00,CUSTOMER_ONBOARDING_SVC
CUST002135,Priya Garcia,1964-01-15,615163b85f6c,low,verified,US,2018-06-29 00:00:00,CUSTOMER_ONBOARDING_SVC
CUST002136,Emma Singh,1977-03-04,db6ee0269767,low,pending,CN,2018-05-01 00:00:00,CUSTOMER_ONBOARDING_SVC
CUST002137,Riya Tanaka,1964-01-06,67b8f53577c7,high,expired,CN,2026-01-01 00:00:00,CUSTOMER_ONBOARDING_SVC
CUST002138,Aditya Kumar,1995-01-29,ff754c467f55,medium,expired,RU,2024-03-05 00:00:00,CUSTOMER_ONBOARDING_SVC
CUST002139,Rahul Sharma,1981-09-19,39951377f0a6,low,verified,AE,2023-04-29 00:00:00,CUSTOMER_ONBOARDING_SVC
CUST002140,Lucia Al-Sayed,1992-03-23,244ea3c7524f,high,verified,NG,2018-07-06 00:00:00,CUSTOMER_ONBOARDING_SVC
CUST002141,Ethan Khan,1959-07-27,898b75e80fa5,medium,verified,RU,2026-02-04 00:00:00,CUSTOMER_ONBOARDING_SVC
CUST002142,Omar Brown,1955-11-05,23c689ffaf9b,low,verified,SG,2025-01-19 00:00:00,CUSTOMER_ONBOARDING_SVC
CUST002143,Divya Sharma,1969-12-07,9456e12a237a,medium,,CA,2024-04-05 00:00:00,CUSTOMER_ONBOARDING_SVC
CUST002144,Sneha Zhang,1996-12-24,276ad62a52b1,medium,verified,AE,2019-04-04 00:00:00,CUSTOMER_ONBOARDING_SVC
CUST002145,Wei Gupta,1973-03-12,f8de8d5864a8,medium,expired,CN,2025-08-04 00:00:00,CUSTOMER_ONBOARDING_SVC
CUST002146,Layla Nair,1985-05-26,9087bfa817be,low,pending,CA,2020-07-17 00:00:00,CUSTOMER_ONBOARDING_SVC
CUST002147,Isha Johnson,1956-05-04,dabece4ac4a4,high,expired,NG,2025-07-22 00:00:00,CUSTOMER_ONBOARDING_SVC
CUST002148,Aarav Reddy,1978-01-17,fd9b431a4c52,low,verified,AU,2025-07-03 00:00:00,CUSTOMER_ONBOARDING_SVC
CUST002149,Rohan Kumar,1958-05-31,43582d3cec6b,medium,pending,DE,2022-04-24 00:00:00,CUSTOMER_ONBOARDING_SVC
CUST002150,Priya Miller,1986-12-26,bf2c6e1c0d44,medium,expired,CA,2018-09-29 00:00:00,CUSTOMER_ONBOARDING_SVC
CUST002151,Sophia Zhang,1963-01-09,98878db6628a,low,verified,CN,2021-08-11 00:00:00,CUSTOMER_ONBOARDING_SVC
CUST002152,Aarav Tanaka,1974-07-09,7de99acd0bc1,low,verified,IN,2020-03-20 00:00:00,CUSTOMER_ONBOARDING_SVC
CUST002153,Rohan Johnson,1965-02-03,cf60ea046ff5,medium,verified,AE,2024-12-14 00:00:00,CUSTOMER_ONBOARDING_SVC
CUST002154,Nikhil Sharma,1982-01-16,aac396f4ea86,high,pending,IN,2019-03-15 00:00:00,CUSTOMER_ONBOARDING_SVC
CUST002155,Nikhil Patel,1964-01-21,eaa8d169dca1,low,pending,CN,2022-02-17 00:00:00,CUSTOMER_ONBOARDING_SVC
CUST002156,Lucas Zhang,1991-04-09,c9ca0dbe826e,low,verified,GB,2025-12-30 00:00:00,CUSTOMER_ONBOARDING_SVC
CUST002157,Hassan Singh,1955-04-13,4731722cdf08,low,verified,US,2021-08-27 00:00:00,CUSTOMER_ONBOARDING_SVC
CUST002158,Meera Tanaka,1993-01-30,7909547de7a4,low,pending,NG,2019-05-16 00:00:00,CUSTOMER_ONBOARDING_SVC
CUST002159,Divya Gupta,1961-11-07,0bc5f4da5221,medium,verified,NG,2023-01-14 00:00:00,CUSTOMER_ONBOARDING_SVC
CUST002160,Yuki Wilson,1985-08-16,d0b85043d508,low,verified,US,2022-01-23 00:00:00,CUSTOMER_ONBOARDING_SVC
CUST002161,Chen Chen,1975-05-17,dbf6f672787c,medium,verified,CN,2026-03-27 00:00:00,CUSTOMER_ONBOARDING_SVC
CUST002162,Sophia Smith,1996-07-01,6f4cf7ec995e,low,verified,DE,2023-04-04 00:00:00,CUSTOMER_ONBOARDING_SVC
CUST002163,Fatima Chen,1987-06-12,e38b6f2e0090,low,pending,US,2022-04-23 00:00:00,CUSTOMER_ONBOARDING_SVC
CUST002164,Sneha Nair,1998-08-30,c2ab977e3f8b,low,verified,US,2021-07-26 00:00:00,CUSTOMER_ONBOARDING_SVC
CUST002165,Vikram Johnson,1984-02-05,50be2a50023e,medium,verified,NG,2025-11-30 00:00:00,CUSTOMER_ONBOARDING_SVC
CUST002166,Mia Khan,1991-02-20,a9176b52d302,medium,verified,NG,2019-08-28 00:00:00,CUSTOMER_ONBOARDING_SVC
CUST002167,Amelia Smith,1955-12-04,c29961571f29,high,pending,CN,2022-12-30 00:00:00,CUSTOMER_ONBOARDING_SVC
CUST002168,Pooja Brown,2004-03-16,afef118a656d,medium,pending,AE,2022-07-01 00:00:00,CUSTOMER_ONBOARDING_SVC
CUST002169,Amelia Ivanov,1997-08-18,9c03077ed187,low,pending,NG,2024-10-23 00:00:00,CUSTOMER_ONBOARDING_SVC
CUST002170,Omar Miller,1975-12-21,7c20ef72e5ff,low,verified,RU,2019-12-24 00:00:00,CUSTOMER_ONBOARDING_SVC
CUST002171,Priya Khan,1967-12-28,6581f5ad9c06,low,expired,NG,2023-04-27 00:00:00,CUSTOMER_ONBOARDING_SVC
CUST002172,Diego Davis,1955-10-17,3f45935a8fbd,low,verified,GB,2021-07-11 00:00:00,CUSTOMER_ONBOARDING_SVC
CUST002173,Lucia Tanaka,1985-11-19,09a7eaa9d47e,low,pending,SG,2020-11-09 00:00:00,CUSTOMER_ONBOARDING_SVC
CUST002174,Omar Smith,1971-03-26,5ace6a8cd90b,low,pending,CN,2023-05-08 00:00:00,CUSTOMER_ONBOARDING_SVC
CUST002175,Isha Reddy,1968-03-17,50221063e483,low,verified,AU,2023-05-29 00:00:00,CUSTOMER_ONBOARDING_SVC
CUST002176,Yuki Davis,1965-10-29,f6e5ce5d934d,low,pending,RU,2023-07-08 00:00:00,CUSTOMER_ONBOARDING_SVC
CUST002177,Sophia Kumar,1979-01-23,09c8ed599a40,medium,expired,GB,2024-03-12 00:00:00,CUSTOMER_ONBOARDING_SVC
CUST002178,Amelia Martinez,1973-08-07,670b7181fa6c,,verified,IN,2024-07-22 00:00:00,CUSTOMER_ONBOARDING_SVC
CUST002179,Elena Anderson,1963-08-01,44ced75acfff,low,pending,IN,2020-12-26 00:00:00,CUSTOMER_ONBOARDING_SVC
CUST002180,Vikram Chen,1956-09-25,6696a6b865a2,low,pending,CA,2020-06-03 00:00:00,CUSTOMER_ONBOARDING_SVC
CUST002181,Aarav Patel,1972-10-15,5d3bf488e9a5,low,pending,GB,2020-05-04 00:00:00,CUSTOMER_ONBOARDING_SVC
CUST002182,Nikhil Kumar,1969-05-06,0d283295033e,low,pending,CA,2024-04-25 00:00:00,CUSTOMER_ONBOARDING_SVC
CUST002183,Elena Patel,1984-03-01,5c6d1e351bb7,low,verified,DE,2020-12-01 00:00:00,CUSTOMER_ONBOARDING_SVC
CUST002184,Noah Kumar,1974-08-24,9c690efbef1b,medium,verified,RU,2026-04-12 00:00:00,CUSTOMER_ONBOARDING_SVC
CUST002185,Layla Singh,1965-07-29,c350ebcf148e,low,verified,CN,2022-05-07 00:00:00,CUSTOMER_ONBOARDING_SVC
CUST002186,Sneha Gupta,1992-08-29,b14fb8d7aac0,medium,verified,DE,2023-01-28 00:00:00,CUSTOMER_ONBOARDING_SVC
CUST002187,Ethan Nair,1998-11-22,50bd5812cd32,medium,expired,,2020-12-20 00:00:00,CUSTOMER_ONBOARDING_SVC
CUST002188,Amelia Johnson,1992-07-24,caf70f9412b8,medium,verified,IN,2026-05-23 00:00:00,CUSTOMER_ONBOARDING_SVC
CUST002189,Aarav Khan,2005-09-10,e2fced5becbe,medium,verified,US,2019-12-05 00:00:00,CUSTOMER_ONBOARDING_SVC
CUST002190,Olivia Mehta,1957-12-03,1a48a515b43e,low,expired,RU,2021-02-18 00:00:00,CUSTOMER_ONBOARDING_SVC
CUST002191,Ethan Nair,1973-07-04,d52142c93833,low,verified,AE,2019-12-11 00:00:00,CUSTOMER_ONBOARDING_SVC
CUST002192,Ava Garcia,1965-03-08,c57956b6bc20,high,verified,IN,2024-12-07 00:00:00,CUSTOMER_ONBOARDING_SVC
CUST002193,Rahul Mehta,2000-03-29,f28297a4c89d,medium,verified,DE,2024-03-20 00:00:00,CUSTOMER_ONBOARDING_SVC
CUST002194,Aditya Reddy,1977-02-04,f088eabdd9c3,low,,GB,2022-06-03 00:00:00,CUSTOMER_ONBOARDING_SVC
CUST002195,Layla Al-Sayed,1965-12-26,d78ede6e987c,low,verified,AE,2019-06-02 00:00:00,CUSTOMER_ONBOARDING_SVC
CUST002196,Chen Miller,1967-01-05,d21ef7977022,low,verified,SG,2018-08-20 00:00:00,CUSTOMER_ONBOARDING_SVC
CUST002197,Olivia Martinez,1979-12-05,3df0c44db04a,low,verified,SG,2019-10-18 00:00:00,CUSTOMER_ONBOARDING_SVC
CUST002198,Elena Nair,1985-09-03,12e6af5d420c,low,expired,CA,2024-12-23 00:00:00,CUSTOMER_ONBOARDING_SVC
CUST002199,Wei Garcia,1990-12-15,b83eceb1dff3,medium,verified,AE,2019-06-09 00:00:00,CUSTOMER_ONBOARDING_SVC
CUST002200,Mia Smith,1964-03-25,343c23d0c4f2,high,verified,DE,2019-08-05 00:00:00,CUSTOMER_ONBOARDING_SVC
CUST002201,Priya Sharma,1969-03-16,8faa25080c35,high,expired,RU,2025-05-26 00:00:00,CUSTOMER_ONBOARDING_SVC
CUST002202,Rohan Zhang,1960-08-19,c9fbf12cdc57,high,verified,US,2021-12-20 00:00:00,CUSTOMER_ONBOARDING_SVC
CUST002203,Arjun Kumar,1964-06-04,2cdc48f24304,low,verified,RU,2021-05-11 00:00:00,CUSTOMER_ONBOARDING_SVC
CUST002204,Arjun Smith,1966-05-19,8c716998bf2e,high,verified,CA,2022-03-14 00:00:00,CUSTOMER_ONBOARDING_SVC
CUST002205,James Al-Sayed,1983-10-30,1a2fdfdb9cfc,medium,verified,AU,2025-11-08 00:00:00,CUSTOMER_ONBOARDING_SVC
CUST002206,Layla Tanaka,1958-09-20,6f9cefea6d86,medium,pending,CA,2022-11-03 00:00:00,CUSTOMER_ONBOARDING_SVC
CUST002207,Rohan Martinez,2005-01-28,a0e4891931e4,low,verified,RU,2022-10-28 00:00:00,CUSTOMER_ONBOARDING_SVC
CUST002208,Layla Khan,1993-11-15,8cd5c3d8c925,low,expired,GB,2021-01-31 00:00:00,CUSTOMER_ONBOARDING_SVC
CUST002209,Omar Nair,1970-05-31,045a06c66e93,high,pending,NG,2021-08-06 00:00:00,CUSTOMER_ONBOARDING_SVC
CUST002210,Fatima Smith,1998-04-07,c89f15f28bc3,high,expired,DE,2019-05-29 00:00:00,CUSTOMER_ONBOARDING_SVC
CUST002211,Noah Ivanov,1962-03-11,dfc9323b660f,medium,verified,SG,2024-07-26 00:00:00,CUSTOMER_ONBOARDING_SVC
CUST002211,Noah Ivanov,1962-03-11,dfc9323b660f,medium,verified,SG,2024-07-26 00:14:00,CUSTOMER_ONBOARDING_SVC
CUST002212,Layla Reddy,1991-05-27,79760b82f2f6,low,pending,SG,2019-11-20 00:00:00,CUSTOMER_ONBOARDING_SVC
CUST002213,Isha Al-Sayed,1963-02-18,8cd83f0073a5,low,verified,IN,2019-11-26 00:00:00,CUSTOMER_ONBOARDING_SVC
CUST002214,Aarav Sharma,1992-06-15,99aaba1e3f31,low,pending,,2022-06-04 00:00:00,CUSTOMER_ONBOARDING_SVC
CUST002215,Ava Patel,1987-06-01,e97771647122,low,verified,RU,2022-10-29 00:00:00,CUSTOMER_ONBOARDING_SVC
CUST002216,Nikhil Lopez,1959-06-24,86ea09ab6b7b,low,expired,US,2026-04-09 00:00:00,CUSTOMER_ONBOARDING_SVC
CUST002217,Arjun Reddy,1996-08-06,a8d259947a9b,low,expired,GB,2019-01-19 00:00:00,CUSTOMER_ONBOARDING_SVC
CUST002218,Priya Wilson,1996-05-24,f2a744b718f5,high,verified,CN,2023-06-14 00:00:00,CUSTOMER_ONBOARDING_SVC
CUST002219,Mason Patel,1994-02-09,8c865a0fddd5,medium,verified,CA,2019-06-16 00:00:00,CUSTOMER_ONBOARDING_SVC
CUST002220,Elena Brown,1996-07-16,914699327987,low,verified,AE,2019-12-12 00:00:00,CUSTOMER_ONBOARDING_SVC
CUST002221,Nikhil Khan,1973-06-11,6418f4a6233e,,verified,US,2020-03-22 00:00:00,CUSTOMER_ONBOARDING_SVC
CUST002222,Ananya Davis,1967-04-24,f52b13c71136,high,verified,GB,2020-03-30 00:00:00,CUSTOMER_ONBOARDING_SVC
CUST002223,Aditya Chen,1996-08-14,8bfe826a4a91,high,pending,CN,2023-04-09 00:00:00,CUSTOMER_ONBOARDING_SVC
CUST002224,Rahul Davis,1977-07-09,cc13a92172bd,low,verified,AE,2024-10-11 00:00:00,CUSTOMER_ONBOARDING_SVC
CUST002225,Vikram Tanaka,1985-07-09,7c6526f47122,medium,expired,SG,2019-02-14 00:00:00,CUSTOMER_ONBOARDING_SVC
CUST002226,Mei Martinez,1970-06-21,dda3651e8ab2,high,verified,AE,2021-05-12 00:00:00,CUSTOMER_ONBOARDING_SVC
CUST002227,Emma Smith,1999-07-08,1eac9a66705b,low,verified,US,2019-11-21 00:00:00,CUSTOMER_ONBOARDING_SVC
CUST002228,Lucas Martinez,1995-04-01,1af7bd08f970,low,verified,GB,2024-05-24 00:00:00,CUSTOMER_ONBOARDING_SVC
CUST002229,Lucas Gupta,2005-03-09,9beaea12ff91,low,verified,DE,2024-05-14 00:00:00,CUSTOMER_ONBOARDING_SVC
CUST002230,Emma Singh,1956-02-01,2cf29542f9be,medium,verified,AU,2018-01-14 00:00:00,CUSTOMER_ONBOARDING_SVC
CUST002231,Emma Reddy,1990-01-23,e028a4af367e,low,verified,US,2026-02-22 00:00:00,CUSTOMER_ONBOARDING_SVC
CUST002232,Ivan Mehta,2002-11-16,7dda189bfdb4,low,pending,CA,2018-11-15 00:00:00,CUSTOMER_ONBOARDING_SVC
CUST002233,Karan Johnson,1995-11-16,b211a13aac1a,medium,verified,AE,2023-09-01 00:00:00,CUSTOMER_ONBOARDING_SVC
CUST002234,Layla Chen,1986-07-11,8d2138596d94,low,pending,AU,2022-08-30 00:00:00,CUSTOMER_ONBOARDING_SVC
CUST002235,Mia Anderson,1987-12-29,92fe4ea76318,low,verified,US,2025-05-23 00:00:00,CUSTOMER_ONBOARDING_SVC
CUST002236,Sneha Gupta,1997-08-25,e80f77b1194e,low,,CA,2025-10-20 00:00:00,CUSTOMER_ONBOARDING_SVC
CUST002237,Lucia Al-Sayed,1989-07-18,290dacb1dd98,low,verified,NG,2018-03-25 00:00:00,CUSTOMER_ONBOARDING_SVC
CUST002238,Rahul Mehta,1994-11-07,6f85a8bbb1b2,medium,expired,AE,2020-12-29 00:00:00,CUSTOMER_ONBOARDING_SVC
CUST002239,Pooja Sharma,1997-04-03,7debc2fff088,low,expired,DE,2025-11-10 00:00:00,CUSTOMER_ONBOARDING_SVC
CUST002240,Wei Martinez,1980-03-24,7e29529bc087,medium,verified,AU,2018-11-29 00:00:00,CUSTOMER_ONBOARDING_SVC
CUST002241,Pooja Wilson,1959-03-10,228d9aefb1fc,medium,verified,SG,2022-05-06 00:00:00,CUSTOMER_ONBOARDING_SVC
CUST002242,Fatima Zhang,2000-03-10,fa510867c394,,pending,RU,2026-06-24 00:00:00,CUSTOMER_ONBOARDING_SVC
CUST002243,Priya Khan,1982-02-26,3a8e83bcb85f,low,verified,AU,2024-05-27 00:00:00,CUSTOMER_ONBOARDING_SVC
CUST002244,Hassan Davis,2003-11-25,0b17cb1e136b,,pending,US,2022-07-03 00:00:00,CUSTOMER_ONBOARDING_SVC
CUST002245,Vikram Miller,1956-04-30,1fea4d76b25c,low,expired,CN,2023-04-28 00:00:00,CUSTOMER_ONBOARDING_SVC
CUST002246,Elena Anderson,1999-01-03,60efcf8941c5,medium,verified,CN,2019-05-07 00:00:00,CUSTOMER_ONBOARDING_SVC
CUST002247,Nikhil Chen,1996-01-18,7cb916da44d5,low,expired,US,2026-04-09 00:00:00,CUSTOMER_ONBOARDING_SVC
CUST002248,Ivan Johnson,1957-09-16,c1f5224e09dd,high,expired,CN,2020-04-24 00:00:00,CUSTOMER_ONBOARDING_SVC
CUST002249,Riya Brown,1956-09-23,c790bea5b45c,low,verified,GB,2019-04-08 00:00:00,CUSTOMER_ONBOARDING_SVC
CUST002250,Lucas Lopez,1960-09-12,117f4de74a75,low,,CN,2024-12-01 00:00:00,CUSTOMER_ONBOARDING_SVC
CUST002251,Rohan Smith,2005-05-14,bca75d54632f,high,verified,AE,2023-10-01 00:00:00,CUSTOMER_ONBOARDING_SVC
CUST002252,Vikram Chen,1965-01-06,79bd67b65d53,medium,,NG,2022-08-24 00:00:00,CUSTOMER_ONBOARDING_SVC
CUST002253,Emma Khan,1965-03-21,b7ee59a283df,high,expired,AE,2021-11-08 00:00:00,CUSTOMER_ONBOARDING_SVC
CUST002254,Lucas Al-Sayed,1967-09-25,a02bacf5043d,medium,verified,GB,2025-05-02 00:00:00,CUSTOMER_ONBOARDING_SVC
CUST002255,Wei Patel,1969-01-01,e0e8260d9241,high,verified,RU,2022-08-16 00:00:00,CUSTOMER_ONBOARDING_SVC
CUST002256,Layla Patel,1960-11-19,7694cc3f1a2b,low,pending,NG,2023-02-04 00:00:00,CUSTOMER_ONBOARDING_SVC
CUST002257,Liam Johnson,1984-04-08,f407c2e26b7c,low,verified,NG,2026-06-09 00:00:00,CUSTOMER_ONBOARDING_SVC
CUST002258,Elena Reddy,1996-11-21,98ea45dc8cd0,low,verified,AU,2025-01-29 00:00:00,CUSTOMER_ONBOARDING_SVC
CUST002259,Divya Ivanov,1989-07-12,2e543f30f0f1,low,pending,RU,2019-03-28 00:00:00,CUSTOMER_ONBOARDING_SVC
CUST002260,Priya Mehta,1965-10-08,bf84fd2b82b9,low,verified,RU,2023-02-12 00:00:00,CUSTOMER_ONBOARDING_SVC
CUST002261,Emma Smith,1984-04-02,7ecc001d1fb2,medium,verified,AE,2024-09-02 00:00:00,CUSTOMER_ONBOARDING_SVC
CUST002262,Yuki Sharma,1971-01-10,518655a68848,high,verified,US,2018-02-14 00:00:00,CUSTOMER_ONBOARDING_SVC
CUST002263,Sophia Nair,1956-08-31,222da8425d04,low,verified,DE,2024-07-26 00:00:00,CUSTOMER_ONBOARDING_SVC
CUST002264,Emma Martinez,1991-05-05,a4522a879cec,low,verified,CA,2025-11-24 00:00:00,CUSTOMER_ONBOARDING_SVC
CUST002265,Liam Mehta,1983-07-21,c42e4ae2c9a1,high,verified,DE,2019-06-29 00:00:00,CUSTOMER_ONBOARDING_SVC
CUST002266,Fatima Singh,1994-06-10,5b836f69dce4,low,verified,NG,2022-02-13 00:00:00,CUSTOMER_ONBOARDING_SVC
CUST002267,Fatima Anderson,1965-08-30,88758e0d0f75,high,expired,CN,2021-12-13 00:00:00,CUSTOMER_ONBOARDING_SVC
CUST002268,Mia Davis,1972-09-22,efdd0032f204,low,pending,CN,2019-06-05 00:00:00,CUSTOMER_ONBOARDING_SVC
CUST002269,Omar Davis,1961-08-11,b871763b264d,low,expired,GB,2019-06-14 00:00:00,CUSTOMER_ONBOARDING_SVC
CUST002270,Isha Gupta,1978-01-07,0a362e31fe64,medium,expired,IN,2020-02-01 00:00:00,CUSTOMER_ONBOARDING_SVC
CUST002271,Aarav Miller,1990-09-20,d9f9113856ea,medium,expired,DE,2018-10-25 00:00:00,CUSTOMER_ONBOARDING_SVC
CUST002272,Ivan Lopez,1968-11-04,bba7c8eaf754,high,expired,AU,2024-08-05 00:00:00,CUSTOMER_ONBOARDING_SVC
CUST002273,Hassan Ivanov,1990-11-14,f3e059b1046c,medium,pending,CA,2024-03-27 00:00:00,CUSTOMER_ONBOARDING_SVC
CUST002274,Amelia Sharma,1965-11-22,65e83813917d,low,expired,GB,2020-10-08 00:00:00,CUSTOMER_ONBOARDING_SVC
CUST002275,Chen Mehta,1984-05-15,81dedcee50cd,medium,expired,US,2020-03-30 00:00:00,CUSTOMER_ONBOARDING_SVC
CUST002276,Arjun Miller,1957-08-19,5f84afe796cc,low,verified,IN,2018-01-19 00:00:00,CUSTOMER_ONBOARDING_SVC
CUST002277,Mia Gupta,1961-01-15,a3cc8663e5f9,high,verified,RU,2021-06-03 00:00:00,CUSTOMER_ONBOARDING_SVC
CUST002278,Pooja Johnson,1956-06-30,2d90f8aa82f5,medium,expired,US,2020-04-16 00:00:00,CUSTOMER_ONBOARDING_SVC
CUST002279,Arjun Patel,2003-06-17,577bac23a475,high,verified,RU,2022-11-16 00:00:00,CUSTOMER_ONBOARDING_SVC
CUST002280,Arjun Johnson,1984-07-24,bfdebe846b45,high,verified,IN,2024-12-18 00:00:00,CUSTOMER_ONBOARDING_SVC
CUST002281,Elena Tanaka,1993-05-29,cdcfc23993fa,low,expired,DE,2024-10-28 00:00:00,CUSTOMER_ONBOARDING_SVC
CUST002282,Elena Anderson,1988-03-12,c3be11f05045,medium,verified,IN,2022-07-06 00:00:00,CUSTOMER_ONBOARDING_SVC
CUST002283,Aarav Chen,1991-08-25,313d7ea9f7d6,low,expired,RU,2022-08-03 00:00:00,CUSTOMER_ONBOARDING_SVC
CUST002284,Liam Sharma,1977-03-29,5f9d9dc833e6,medium,verified,GB,2021-06-12 00:00:00,CUSTOMER_ONBOARDING_SVC
CUST002285,Aditya Tanaka,1983-04-30,90b347be3f49,low,verified,AU,2022-07-16 00:00:00,CUSTOMER_ONBOARDING_SVC
CUST002286,Yuki Garcia,1975-04-03,4b0680dc7810,low,expired,IN,2022-09-13 00:00:00,CUSTOMER_ONBOARDING_SVC
CUST002287,Mei Ivanov,1961-05-14,1fc97e9ed12d,low,expired,RU,2024-08-16 00:00:00,CUSTOMER_ONBOARDING_SVC
CUST002288,Isha Johnson,1979-09-05,13c59025e4b4,low,expired,GB,2023-01-12 00:00:00,CUSTOMER_ONBOARDING_SVC
CUST002289,Layla Davis,1975-03-25,9df9f87d4799,low,verified,CN,2021-07-15 00:00:00,CUSTOMER_ONBOARDING_SVC
CUST002290,Chen Singh,1958-01-22,1e4ef57af351,medium,verified,CA,2025-09-19 00:00:00,CUSTOMER_ONBOARDING_SVC
CUST002291,Layla Martinez,1962-01-14,e94e2f16407d,low,pending,SG,2021-01-02 00:00:00,CUSTOMER_ONBOARDING_SVC
CUST002292,Ethan Wilson,1985-11-21,8a9ef9e1e072,medium,verified,IN,2021-11-19 00:00:00,CUSTOMER_ONBOARDING_SVC
CUST002293,James Smith,1990-03-16,f045257d8d85,low,verified,RU,2025-07-03 00:00:00,CUSTOMER_ONBOARDING_SVC
CUST002294,Wei Sharma,1980-07-28,435b324b2696,medium,verified,IN,2018-02-16 00:00:00,CUSTOMER_ONBOARDING_SVC
CUST002295,Olivia Kumar,1979-10-15,e1140670ac80,low,expired,NG,2018-03-17 00:00:00,CUSTOMER_ONBOARDING_SVC
CUST002296,Layla Sharma,1973-10-01,9fcf351f43e8,medium,pending,AU,2024-08-07 00:00:00,CUSTOMER_ONBOARDING_SVC
CUST002297,Fatima Garcia,2004-10-05,5ccb93d6ddfb,high,verified,NG,2022-06-24 00:00:00,CUSTOMER_ONBOARDING_SVC
CUST002298,Layla Sharma,1990-02-22,56ff7308838a,low,expired,CN,2021-08-10 00:00:00,CUSTOMER_ONBOARDING_SVC
CUST002299,Amelia Zhang,1973-07-16,8ef4480c0428,high,verified,RU,2020-04-14 00:00:00,CUSTOMER_ONBOARDING_SVC
CUST002300,Chen Chen,1978-08-27,a5a4236b78c4,medium,expired,GB,2018-03-26 00:00:00,CUSTOMER_ONBOARDING_SVC
CUST002301,Fatima Ivanov,2005-02-04,e6660d2a4a60,low,expired,RU,2023-06-02 00:00:00,CUSTOMER_ONBOARDING_SVC
CUST002302,Mei Singh,1980-04-24,2b7b4ec3e3f4,low,verified,NG,2020-06-29 00:00:00,CUSTOMER_ONBOARDING_SVC
CUST002303,Karan Kumar,2003-03-10,c042c18c8c9e,medium,verified,SG,2021-02-03 00:00:00,CUSTOMER_ONBOARDING_SVC
CUST002304,Divya Kumar,1991-03-07,607347a2d7da,low,pending,RU,2018-05-13 00:00:00,CUSTOMER_ONBOARDING_SVC
CUST002305,Nikhil Lopez,1955-08-18,709dccf0bfbb,medium,verified,CA,2023-05-04 00:00:00,CUSTOMER_ONBOARDING_SVC
CUST002306,Sneha Anderson,1967-05-06,2db8487093c3,low,verified,AU,2025-03-08 00:00:00,CUSTOMER_ONBOARDING_SVC
CUST002307,Mei Martinez,1976-11-17,6b56b0c42023,low,pending,SG,2024-06-19 00:00:00,CUSTOMER_ONBOARDING_SVC
CUST002308,Mason Reddy,1984-04-23,c7fa9a649868,medium,pending,AE,2025-11-19 00:00:00,CUSTOMER_ONBOARDING_SVC
CUST002309,Lucas Singh,1982-01-08,e51e4fe691a9,low,verified,NG,2018-03-09 00:00:00,CUSTOMER_ONBOARDING_SVC
CUST002310,Lucas Wilson,1959-05-06,24fc93a218db,low,pending,DE,2021-09-16 00:00:00,CUSTOMER_ONBOARDING_SVC
CUST002311,Sophia Patel,2002-08-18,776b94a4549e,low,,CN,2025-03-10 00:00:00,CUSTOMER_ONBOARDING_SVC
CUST002312,Pooja Martinez,1965-08-11,795d0999fd17,low,verified,IN,2019-11-07 00:00:00,CUSTOMER_ONBOARDING_SVC
CUST002313,Ava Reddy,1996-04-10,a53f61199b79,low,expired,AE,2026-06-28 00:00:00,CUSTOMER_ONBOARDING_SVC
CUST002314,Isha Miller,1959-06-12,85ee2ba615d1,high,expired,IN,2024-12-27 00:00:00,CUSTOMER_ONBOARDING_SVC
CUST002315,Yuki Johnson,1983-11-10,20be60fc0287,low,expired,AU,2020-11-21 00:00:00,CUSTOMER_ONBOARDING_SVC
CUST002316,Chen Johnson,1984-07-20,aa3bac030910,medium,,GB,2020-07-11 00:00:00,CUSTOMER_ONBOARDING_SVC
CUST002317,Chen Miller,1986-06-08,330e9f348bd7,low,verified,SG,2023-12-09 00:00:00,CUSTOMER_ONBOARDING_SVC
CUST002318,Mia Reddy,1988-04-13,5625cc1b6886,low,pending,CN,2019-09-04 00:00:00,CUSTOMER_ONBOARDING_SVC
CUST002319,Riya Davis,1992-09-05,b718ac94e2f2,low,expired,US,2019-07-26 00:00:00,CUSTOMER_ONBOARDING_SVC
CUST002320,Meera Davis,1956-06-09,a59cce42c382,low,verified,DE,2019-06-21 00:00:00,CUSTOMER_ONBOARDING_SVC
CUST002321,Sophia Nair,1955-05-24,ff417e7945ef,medium,verified,AU,2018-10-05 00:00:00,CUSTOMER_ONBOARDING_SVC
CUST002322,Karan Brown,1959-11-04,fe85d49d6f23,medium,pending,DE,2021-11-21 00:00:00,CUSTOMER_ONBOARDING_SVC
CUST002323,Pooja Mehta,1984-04-13,1ed836649255,medium,expired,RU,2021-06-13 00:00:00,CUSTOMER_ONBOARDING_SVC
CUST002324,Sophia Nair,1983-09-12,428721221273,medium,expired,US,2025-10-15 00:00:00,CUSTOMER_ONBOARDING_SVC
CUST002325,Ananya Al-Sayed,2002-09-07,1f14b95c35d8,medium,verified,NG,2022-06-18 00:00:00,CUSTOMER_ONBOARDING_SVC
CUST002326,Divya Anderson,1972-06-23,87519714a909,high,expired,AE,2021-08-13 00:00:00,CUSTOMER_ONBOARDING_SVC
CUST002327,Aarav Garcia,1997-01-18,a5011fa3936f,low,verified,AU,2018-07-21 00:00:00,CUSTOMER_ONBOARDING_SVC
CUST002328,Ananya Anderson,1976-12-03,8ef92765e0eb,high,verified,GB,2018-01-25 00:00:00,CUSTOMER_ONBOARDING_SVC
CUST002329,Riya Nair,1967-11-21,2c0472b5b545,high,expired,AE,2025-09-28 00:00:00,CUSTOMER_ONBOARDING_SVC
CUST002330,Mia Johnson,1958-08-01,81a143419904,medium,verified,GB,2020-02-02 00:00:00,CUSTOMER_ONBOARDING_SVC
CUST002331,Lucia Miller,1971-10-06,5c136bac6733,low,pending,RU,2020-11-23 00:00:00,CUSTOMER_ONBOARDING_SVC
CUST002332,Layla Brown,1967-08-16,54e8592be115,low,verified,AU,2018-07-11 00:00:00,CUSTOMER_ONBOARDING_SVC
CUST002333,Aarav Singh,1971-12-12,0fda4dffe503,low,expired,DE,2020-07-22 00:00:00,CUSTOMER_ONBOARDING_SVC
CUST002334,Vikram Lopez,2002-02-15,deb3c43791aa,medium,verified,RU,2019-09-04 00:00:00,CUSTOMER_ONBOARDING_SVC
CUST002335,Ava Smith,1966-05-19,e5f82060949c,low,pending,SG,2022-05-13 00:00:00,CUSTOMER_ONBOARDING_SVC
CUST002336,Hassan Mehta,1957-08-23,9fed1a8c2843,high,pending,US,2018-01-16 00:00:00,CUSTOMER_ONBOARDING_SVC
CUST002337,Amelia Al-Sayed,1966-07-05,3a54f442fc29,medium,pending,CN,2023-07-12 00:00:00,CUSTOMER_ONBOARDING_SVC
CUST002338,Fatima Zhang,1990-09-29,528b6f1c2925,,pending,,2022-07-04 00:00:00,CUSTOMER_ONBOARDING_SVC
CUST002339,Sneha Mehta,1958-02-06,344bd13973f5,medium,verified,DE,2021-10-04 00:00:00,CUSTOMER_ONBOARDING_SVC
CUST002340,Ananya Ivanov,1997-06-05,bf76968c782b,low,verified,IN,2025-12-10 00:00:00,CUSTOMER_ONBOARDING_SVC
CUST002341,Amelia Tanaka,2000-06-04,ba994fe64c50,medium,pending,SG,2019-11-16 00:00:00,CUSTOMER_ONBOARDING_SVC
CUST002342,Amelia Reddy,1958-08-04,826417e988ca,high,pending,IN,2020-09-30 00:00:00,CUSTOMER_ONBOARDING_SVC
CUST002343,Mia Smith,1961-05-14,e158fa3d1370,medium,pending,DE,2021-03-04 00:00:00,CUSTOMER_ONBOARDING_SVC
CUST002344,Omar Nair,1998-06-16,ef65501220e0,medium,expired,RU,2026-05-25 00:00:00,CUSTOMER_ONBOARDING_SVC
CUST002345,Chen Zhang,1993-05-01,4d9784d4a702,medium,expired,NG,2018-05-21 00:00:00,CUSTOMER_ONBOARDING_SVC
CUST002346,Pooja Gupta,1994-02-28,a35b1f152b1d,low,verified,DE,2021-04-29 00:00:00,CUSTOMER_ONBOARDING_SVC
CUST002347,Karan Gupta,1969-01-29,8ccff0f072cd,medium,expired,US,2026-01-22 00:00:00,CUSTOMER_ONBOARDING_SVC
CUST002348,Karan Brown,1980-11-12,a7fb32e0cb48,low,,RU,2024-04-22 00:00:00,CUSTOMER_ONBOARDING_SVC
CUST002349,Amelia Ivanov,1967-05-02,f6506b6e4f0d,medium,expired,CN,2020-03-01 00:00:00,CUSTOMER_ONBOARDING_SVC
CUST002350,Rohan Brown,1996-05-14,e465e87b629b,medium,pending,DE,2026-05-16 00:00:00,CUSTOMER_ONBOARDING_SVC
CUST002351,Arjun Nair,2002-03-06,308cb27103b1,medium,pending,CA,2025-03-18 00:00:00,CUSTOMER_ONBOARDING_SVC
CUST002352,Lucas Wilson,1989-06-27,2005e68567a8,low,verified,IN,2025-10-28 00:00:00,CUSTOMER_ONBOARDING_SVC
CUST002353,Lucia Ivanov,2003-02-17,a23dac7a4c8b,medium,verified,RU,2021-01-15 00:00:00,CUSTOMER_ONBOARDING_SVC
CUST002354,Emma Martinez,1972-04-18,7b87b3b0a36e,medium,verified,DE,2025-08-10 00:00:00,CUSTOMER_ONBOARDING_SVC
CUST002355,Aditya Miller,1959-07-20,9184f34570c9,low,expired,US,2024-02-03 00:00:00,CUSTOMER_ONBOARDING_SVC
CUST002356,Karan Davis,1986-12-20,fe10fadd3107,high,pending,SG,2021-07-29 00:00:00,CUSTOMER_ONBOARDING_SVC
CUST002357,Omar Miller,1984-05-28,55bb9f40bc01,low,pending,SG,2026-06-06 00:00:00,CUSTOMER_ONBOARDING_SVC
CUST002358,Emma Sharma,1959-09-10,58f5194b0a7e,medium,pending,IN,2022-05-02 00:00:00,CUSTOMER_ONBOARDING_SVC
CUST002359,Arjun Johnson,1960-02-27,b90aba2518cd,low,pending,AU,2022-01-03 00:00:00,CUSTOMER_ONBOARDING_SVC
CUST002360,James Johnson,1961-03-01,e63db23d84d7,medium,expired,GB,2023-09-30 00:00:00,CUSTOMER_ONBOARDING_SVC
CUST002361,Aditya Nair,1991-06-22,abe892bc9308,medium,verified,NG,2023-12-29 00:00:00,CUSTOMER_ONBOARDING_SVC
CUST002362,Rahul Ivanov,1995-08-10,3c272e5d6255,low,pending,US,2018-03-23 00:00:00,CUSTOMER_ONBOARDING_SVC
CUST002363,Meera Nair,1991-11-22,a4c5909738a8,low,verified,NG,2018-09-06 00:00:00,CUSTOMER_ONBOARDING_SVC
CUST002364,Layla Mehta,1979-12-09,e8919fffa282,low,verified,IN,2026-05-17 00:00:00,CUSTOMER_ONBOARDING_SVC
CUST002365,Vikram Lopez,1998-06-29,366563b41a13,medium,verified,CA,2024-06-16 00:00:00,CUSTOMER_ONBOARDING_SVC
CUST002366,Pooja Garcia,1979-04-02,2731281906de,low,verified,DE,2023-11-28 00:00:00,CUSTOMER_ONBOARDING_SVC
CUST002367,Lucas Zhang,1981-11-02,b00f565f295f,low,expired,CA,2023-09-18 00:00:00,CUSTOMER_ONBOARDING_SVC
CUST002368,Priya Brown,2004-03-17,73e72cdbc8d4,,pending,RU,2018-07-04 00:00:00,CUSTOMER_ONBOARDING_SVC
CUST002369,Rahul Mehta,1986-09-27,489f27c6c371,medium,verified,US,2023-12-13 00:00:00,CUSTOMER_ONBOARDING_SVC
CUST002370,Aditya Johnson,1958-09-01,08824927e73b,low,expired,CN,2020-07-20 00:00:00,CUSTOMER_ONBOARDING_SVC
CUST002371,Lucia Garcia,1987-10-10,f7d49e02888f,high,verified,RU,2019-04-11 00:00:00,CUSTOMER_ONBOARDING_SVC
CUST002372,Omar Ivanov,1973-01-27,697d144952e3,medium,expired,CN,2018-01-16 00:00:00,CUSTOMER_ONBOARDING_SVC
CUST002373,Omar Miller,1979-10-20,1840d864b9fe,medium,pending,NG,2019-03-11 00:00:00,CUSTOMER_ONBOARDING_SVC
CUST002374,Amelia Sharma,1987-05-08,92b09528921a,medium,pending,AU,2026-02-07 00:00:00,CUSTOMER_ONBOARDING_SVC
CUST002375,Wei Johnson,1973-10-27,9f9c64df612a,medium,verified,NG,2019-02-09 00:00:00,CUSTOMER_ONBOARDING_SVC
CUST002376,Ananya Garcia,2002-07-07,e88fd490f662,medium,expired,US,2019-01-05 00:00:00,CUSTOMER_ONBOARDING_SVC
CUST002377,Sophia Brown,1983-01-11,d87bdc55502d,medium,expired,RU,2022-08-25 00:00:00,CUSTOMER_ONBOARDING_SVC
CUST002378,Arjun Chen,1974-09-29,0a5dbcbe66f3,medium,verified,CN,2025-05-01 00:00:00,CUSTOMER_ONBOARDING_SVC
CUST002379,Rohan Mehta,1960-01-30,95d81509c25e,high,pending,CA,2018-05-28 00:00:00,CUSTOMER_ONBOARDING_SVC
CUST002380,Diego Patel,2004-07-16,4edd36c970d4,medium,pending,AU,2021-02-23 00:00:00,CUSTOMER_ONBOARDING_SVC
CUST002381,Mason Tanaka,1983-02-28,28dc7a8195ef,medium,expired,SG,2020-04-09 00:00:00,CUSTOMER_ONBOARDING_SVC
CUST002382,Rahul Chen,1996-07-08,804f754c0a53,low,verified,AE,2023-10-08 00:00:00,CUSTOMER_ONBOARDING_SVC
CUST002383,Olivia Garcia,1990-01-16,14361b726d7f,medium,expired,NG,2019-11-18 00:00:00,CUSTOMER_ONBOARDING_SVC
CUST002384,Omar Sharma,1956-07-07,07836491adce,medium,pending,CN,2025-09-07 00:00:00,CUSTOMER_ONBOARDING_SVC
CUST002385,Divya Al-Sayed,1957-07-01,8c1bf270fc4b,low,verified,AU,2025-02-01 00:00:00,CUSTOMER_ONBOARDING_SVC
CUST002386,Layla Wilson,1989-09-19,30e908d4119e,low,expired,AU,2025-05-09 00:00:00,CUSTOMER_ONBOARDING_SVC
CUST002387,Aarav Miller,1958-04-15,2f410643583a,low,pending,DE,2019-05-01 00:00:00,CUSTOMER_ONBOARDING_SVC
CUST002388,Meera Miller,1975-09-21,6a2e46139c48,low,expired,NG,2020-07-06 00:00:00,CUSTOMER_ONBOARDING_SVC
CUST002389,Lucia Patel,1983-05-14,3f4a35635682,medium,pending,AE,2018-07-01 00:00:00,CUSTOMER_ONBOARDING_SVC
CUST002390,Nikhil Nair,1986-10-15,7a17d14cd131,medium,verified,SG,2025-09-29 00:00:00,CUSTOMER_ONBOARDING_SVC
CUST002391,Pooja Kumar,1984-07-16,f9d819579e58,high,verified,SG,2021-10-25 00:00:00,CUSTOMER_ONBOARDING_SVC
CUST002392,Ethan Gupta,1963-05-26,3e3978edb5c6,medium,expired,AU,2023-11-20 00:00:00,CUSTOMER_ONBOARDING_SVC
CUST002393,Emma Smith,1982-12-01,8d06df88a5c1,medium,expired,IN,2022-02-14 00:00:00,CUSTOMER_ONBOARDING_SVC
CUST002394,Wei Patel,1964-03-09,266e2abe0846,low,verified,AU,2026-06-10 00:00:00,CUSTOMER_ONBOARDING_SVC
CUST002395,Layla Chen,1984-02-04,e0231b15bbd3,medium,expired,US,2025-01-15 00:00:00,CUSTOMER_ONBOARDING_SVC
CUST002396,Diego Lopez,2003-03-30,cc7de7144762,low,verified,CA,2018-08-07 00:00:00,CUSTOMER_ONBOARDING_SVC
CUST002397,Amelia Wilson,1978-08-19,fa059ca2ef3d,medium,expired,GB,2022-08-15 00:00:00,CUSTOMER_ONBOARDING_SVC
CUST002398,Amelia Ivanov,1981-10-01,a2e26b72083a,low,pending,DE,2018-03-30 00:00:00,CUSTOMER_ONBOARDING_SVC
CUST002399,Yuki Wilson,1973-09-08,03376239a5ae,low,expired,AU,2019-05-03 00:00:00,CUSTOMER_ONBOARDING_SVC
CUST002400,Meera Khan,1975-12-14,5a5227e0cf2b,medium,pending,CA,2019-03-04 00:00:00,CUSTOMER_ONBOARDING_SVC
CUST002401,Elena Singh,2005-03-03,1dbdffd48793,high,verified,SG,2022-02-17 00:00:00,CUSTOMER_ONBOARDING_SVC
CUST002402,Ananya Miller,1961-03-10,8c78f871c8fd,low,verified,SG,2024-03-02 00:00:00,CUSTOMER_ONBOARDING_SVC
CUST002403,Lucia Nair,1981-03-01,a48dd477f8af,medium,verified,GB,2022-04-24 00:00:00,CUSTOMER_ONBOARDING_SVC
CUST002404,Ethan Anderson,1962-05-21,ec9d9fae47bc,medium,verified,GB,2025-01-12 00:00:00,CUSTOMER_ONBOARDING_SVC
CUST002405,Diego Sharma,1956-03-06,3fc2f055b26e,low,verified,SG,2019-10-24 00:00:00,CUSTOMER_ONBOARDING_SVC
CUST002406,Liam Kumar,1981-11-25,962ee5d8e782,high,pending,AE,2021-01-25 00:00:00,CUSTOMER_ONBOARDING_SVC
CUST002407,Hassan Nair,1995-05-08,fc39e8f2b11e,low,verified,CA,2021-03-24 00:00:00,CUSTOMER_ONBOARDING_SVC
CUST002408,Riya Nair,1968-08-06,cebdb65ac537,high,verified,IN,2022-10-06 00:00:00,CUSTOMER_ONBOARDING_SVC
CUST002409,Lucas Zhang,1965-06-16,9dda0c876fee,low,pending,CN,2024-04-03 00:00:00,CUSTOMER_ONBOARDING_SVC
CUST002410,Mason Davis,1961-12-29,d6ff15e83017,low,verified,DE,2018-01-07 00:00:00,CUSTOMER_ONBOARDING_SVC
CUST002411,Rahul Gupta,1966-12-28,ec0f70669cee,high,verified,CN,2025-08-17 00:00:00,CUSTOMER_ONBOARDING_SVC
CUST002412,Pooja Ivanov,1992-12-25,7502658eaee6,low,pending,CA,2024-03-18 00:00:00,CUSTOMER_ONBOARDING_SVC
CUST002413,Diego Lopez,1984-05-16,03d2d336b21b,high,verified,US,2019-09-06 00:00:00,CUSTOMER_ONBOARDING_SVC
CUST002414,Rohan Nair,1986-06-10,0808f4465ec6,medium,verified,AE,2018-09-14 00:00:00,CUSTOMER_ONBOARDING_SVC
CUST002415,Lucas Patel,2004-04-21,6704a57aef5e,low,pending,US,2022-04-21 00:00:00,CUSTOMER_ONBOARDING_SVC
CUST002416,Ethan Ivanov,1989-03-20,de1d6064a052,high,verified,AU,2024-11-13 00:00:00,CUSTOMER_ONBOARDING_SVC
CUST002417,Diego Miller,1963-04-25,988451c64c78,,verified,GB,2021-05-08 00:00:00,CUSTOMER_ONBOARDING_SVC
CUST002418,Hassan Brown,1971-01-19,683a7af79f5c,low,verified,IN,2026-05-02 00:00:00,CUSTOMER_ONBOARDING_SVC
CUST002419,Emma Johnson,1977-12-13,bffda74e3224,medium,pending,AU,2024-02-29 00:00:00,CUSTOMER_ONBOARDING_SVC
CUST002420,Olivia Tanaka,1975-12-10,108460fdaa20,low,verified,AE,2018-09-28 00:00:00,CUSTOMER_ONBOARDING_SVC
CUST002421,Wei Johnson,1972-10-05,6e47258ad5bf,low,verified,RU,2019-09-02 00:00:00,CUSTOMER_ONBOARDING_SVC
CUST002422,Lucia Martinez,1974-03-03,e4c507540653,low,verified,SG,2018-09-18 00:00:00,CUSTOMER_ONBOARDING_SVC
CUST002423,Amelia Davis,2001-02-05,46877f140d6b,low,expired,US,2020-03-06 00:00:00,CUSTOMER_ONBOARDING_SVC
CUST002424,Layla Tanaka,1962-09-11,3ddc216b962f,low,expired,AE,2021-07-02 00:00:00,CUSTOMER_ONBOARDING_SVC
CUST002425,Wei Anderson,1970-04-29,270e9d7019c8,low,verified,DE,2025-01-29 00:00:00,CUSTOMER_ONBOARDING_SVC
CUST002426,Mei Khan,2002-01-20,abfa9cc51277,medium,verified,DE,2021-08-04 00:00:00,CUSTOMER_ONBOARDING_SVC
CUST002427,Hassan Al-Sayed,1967-10-23,9196b995baa2,medium,verified,IN,2022-10-19 00:00:00,CUSTOMER_ONBOARDING_SVC
CUST002428,Isha Zhang,1956-02-05,75fac80f2afe,low,verified,AE,2022-07-14 00:00:00,CUSTOMER_ONBOARDING_SVC
CUST002429,Ava Al-Sayed,1956-09-10,5e3157cb4e7b,low,verified,SG,2025-07-28 00:00:00,CUSTOMER_ONBOARDING_SVC
CUST002430,Priya Miller,1998-02-05,3137c87bdace,low,verified,DE,2018-05-31 00:00:00,CUSTOMER_ONBOARDING_SVC
CUST002431,Karan Miller,1977-06-01,ec93c0c1a561,high,expired,DE,2020-04-22 00:00:00,CUSTOMER_ONBOARDING_SVC
CUST002432,Noah Mehta,1966-09-15,f8ad23aa7967,high,verified,RU,2020-01-25 00:00:00,CUSTOMER_ONBOARDING_SVC
CUST002433,Mei Patel,1965-03-20,52c74df49452,low,expired,US,2020-04-30 00:00:00,CUSTOMER_ONBOARDING_SVC
CUST002434,Isha Garcia,2001-05-20,a151e987d94c,low,verified,CN,2022-04-01 00:00:00,CUSTOMER_ONBOARDING_SVC
CUST002435,Mason Khan,1984-11-24,e0f3b678d89b,low,verified,GB,2019-06-02 00:00:00,CUSTOMER_ONBOARDING_SVC
CUST002436,Diego Davis,1970-07-18,030fa91f5a09,medium,expired,IN,2020-12-16 00:00:00,CUSTOMER_ONBOARDING_SVC
CUST002437,Ivan Garcia,1994-03-25,e29f39299b31,medium,pending,AE,2026-06-01 00:00:00,CUSTOMER_ONBOARDING_SVC
CUST002438,Hassan Al-Sayed,1987-05-06,1f0c8d668c40,medium,pending,AU,2019-12-28 00:00:00,CUSTOMER_ONBOARDING_SVC
CUST002439,Isha Miller,1988-04-11,124ae186d172,medium,verified,DE,2021-09-23 00:00:00,CUSTOMER_ONBOARDING_SVC
CUST002440,Riya Al-Sayed,1960-06-08,8f16c7f18c8e,medium,pending,NG,2024-12-12 00:00:00,CUSTOMER_ONBOARDING_SVC
CUST002441,Riya Miller,1988-04-09,1e6dc41cb4c4,low,pending,RU,2019-10-15 00:00:00,CUSTOMER_ONBOARDING_SVC
CUST002442,Noah Khan,1985-04-30,77bc0f5f913d,medium,expired,AE,2020-05-03 00:00:00,CUSTOMER_ONBOARDING_SVC
CUST002443,Elena Anderson,1977-05-31,d52a28dc7000,low,verified,SG,2019-09-24 00:00:00,CUSTOMER_ONBOARDING_SVC
CUST002444,Ivan Gupta,1964-04-06,e5193eb82cae,medium,verified,GB,2021-10-19 00:00:00,CUSTOMER_ONBOARDING_SVC
CUST002445,Aditya Ivanov,2004-01-29,67945bc5d04d,low,verified,AU,2020-07-08 00:00:00,CUSTOMER_ONBOARDING_SVC
CUST002446,Amelia Mehta,1957-05-06,908e19cb2593,low,pending,AU,2022-08-19 00:00:00,CUSTOMER_ONBOARDING_SVC
CUST002447,Riya Lopez,2004-01-07,eae1157a1f65,low,pending,RU,2025-05-16 00:00:00,CUSTOMER_ONBOARDING_SVC
CUST002448,Karan Miller,1972-08-25,1e040d55a669,,verified,NG,2025-10-16 00:00:00,CUSTOMER_ONBOARDING_SVC
CUST002449,Lucas Patel,1969-11-24,a6146ecd9744,low,verified,CA,2018-01-17 00:00:00,CUSTOMER_ONBOARDING_SVC
CUST002450,Priya Anderson,1989-09-07,2faaed51b768,low,expired,CN,2026-03-17 00:00:00,CUSTOMER_ONBOARDING_SVC
CUST002451,Aditya Martinez,1994-08-28,de10e3235c29,low,verified,GB,2022-06-14 00:00:00,CUSTOMER_ONBOARDING_SVC
CUST002452,Rohan Miller,1985-11-26,9ad8fb48dc52,medium,verified,GB,2026-06-02 00:00:00,CUSTOMER_ONBOARDING_SVC
CUST002453,Ivan Martinez,1981-12-19,86daa5b693c2,low,pending,AU,2018-02-16 00:00:00,CUSTOMER_ONBOARDING_SVC
CUST002454,Divya Reddy,1992-02-09,69bad5c65014,medium,verified,AU,2025-11-17 00:00:00,CUSTOMER_ONBOARDING_SVC
CUST002455,Priya Davis,2004-05-28,3e461329922f,low,verified,AU,2020-07-07 00:00:00,CUSTOMER_ONBOARDING_SVC
CUST002456,Rohan Garcia,1957-06-21,e81f7d360439,medium,verified,RU,2019-04-11 00:00:00,CUSTOMER_ONBOARDING_SVC
CUST002457,Ananya Nair,1975-10-12,1d0e97717b1d,low,verified,AE,2021-01-19 00:00:00,CUSTOMER_ONBOARDING_SVC
CUST002458,Pooja Khan,2002-11-11,6a0880a6150c,low,verified,GB,2019-02-16 00:00:00,CUSTOMER_ONBOARDING_SVC
CUST002459,Sneha Singh,1999-04-15,8f869a4ede4e,low,verified,DE,2024-09-25 00:00:00,CUSTOMER_ONBOARDING_SVC
CUST002460,Aarav Johnson,1962-06-13,b6c78108e772,low,verified,RU,2018-04-13 00:00:00,CUSTOMER_ONBOARDING_SVC
CUST002461,Omar Anderson,1992-05-30,f974ca123683,medium,expired,DE,2019-05-03 00:00:00,CUSTOMER_ONBOARDING_SVC
CUST002462,Rahul Mehta,1967-12-15,172d8accd832,low,verified,GB,2019-05-15 00:00:00,CUSTOMER_ONBOARDING_SVC
CUST002463,Meera Patel,1983-08-23,9d8d6313a474,low,pending,AE,2020-03-19 00:00:00,CUSTOMER_ONBOARDING_SVC
CUST002464,Ivan Kumar,2003-10-06,b45f0d19bf71,low,verified,AE,2022-04-15 00:00:00,CUSTOMER_ONBOARDING_SVC
CUST002465,Yuki Kumar,1967-02-18,21286ac14431,low,expired,AE,2025-11-29 00:00:00,CUSTOMER_ONBOARDING_SVC
CUST002466,Olivia Chen,1955-05-22,7ff465bf4913,medium,expired,AU,2019-10-24 00:00:00,CUSTOMER_ONBOARDING_SVC
CUST002467,Layla Chen,1981-10-31,0bb43f46fbb7,low,pending,AU,2021-07-22 00:00:00,CUSTOMER_ONBOARDING_SVC
CUST002468,Amelia Tanaka,1988-01-23,4c32109b91c0,medium,verified,NG,2023-07-04 00:00:00,CUSTOMER_ONBOARDING_SVC
CUST002469,Ananya Patel,1999-10-18,20d8c482d339,medium,verified,AU,2021-05-20 00:00:00,CUSTOMER_ONBOARDING_SVC
CUST002470,Rohan Mehta,1968-08-12,7907a17953e3,low,verified,AU,2019-05-03 00:00:00,CUSTOMER_ONBOARDING_SVC
CUST002471,Pooja Brown,1991-11-14,636c1fa97c2f,high,pending,IN,2024-09-10 00:00:00,CUSTOMER_ONBOARDING_SVC
CUST002472,Ethan Brown,1983-12-29,1eb769dacdd9,high,pending,,2019-12-20 00:00:00,CUSTOMER_ONBOARDING_SVC
CUST002473,Liam Tanaka,1996-11-08,4d2b9af153c1,medium,expired,US,2024-07-19 00:00:00,CUSTOMER_ONBOARDING_SVC
CUST002474,Amelia Miller,1980-04-30,5370d5c8eea3,medium,expired,RU,2023-09-07 00:00:00,CUSTOMER_ONBOARDING_SVC
CUST002475,Ava Davis,1986-03-17,aff51c9035cc,medium,verified,CA,2025-06-10 00:00:00,CUSTOMER_ONBOARDING_SVC
CUST002476,Isha Chen,1962-10-02,b643ddd80bfa,low,pending,AU,2023-02-10 00:00:00,CUSTOMER_ONBOARDING_SVC
CUST002477,James Miller,1997-09-28,ad5e4e62fcf3,high,verified,IN,2018-04-03 00:00:00,CUSTOMER_ONBOARDING_SVC
CUST002478,Nikhil Sharma,2000-09-07,9048d7fb2c02,medium,verified,DE,2025-04-09 00:00:00,CUSTOMER_ONBOARDING_SVC
CUST002479,Karan Sharma,1991-12-13,25796b55a2b9,medium,expired,IN,2022-08-03 00:00:00,CUSTOMER_ONBOARDING_SVC
CUST002480,Yuki Gupta,1967-08-17,d77413038464,medium,pending,NG,2018-02-01 00:00:00,CUSTOMER_ONBOARDING_SVC
CUST002481,Rohan Gupta,1967-10-25,f2be5d573a10,low,verified,AE,2024-03-11 00:00:00,CUSTOMER_ONBOARDING_SVC
CUST002482,Noah Gupta,1972-04-12,38f86d4ff4fe,medium,expired,NG,2022-01-06 00:00:00,CUSTOMER_ONBOARDING_SVC
CUST002483,Hassan Smith,1965-05-23,2e54fb1aa36f,low,verified,CA,2020-07-23 00:00:00,CUSTOMER_ONBOARDING_SVC
CUST002484,Noah Nair,1994-09-29,a232263c8c11,low,expired,,2019-08-20 00:00:00,CUSTOMER_ONBOARDING_SVC
CUST002485,Liam Kumar,1987-03-30,8bcc19073c74,medium,verified,AU,2023-06-28 00:00:00,CUSTOMER_ONBOARDING_SVC
CUST002486,Layla Sharma,1957-02-16,3ef824495833,low,expired,US,2021-05-14 00:00:00,CUSTOMER_ONBOARDING_SVC
CUST002487,Vikram Lopez,1966-04-29,763ada4f63b4,low,verified,SG,2023-09-23 00:00:00,CUSTOMER_ONBOARDING_SVC
CUST002488,Arjun Anderson,1970-09-22,b5a91c6ca5e0,high,expired,IN,2018-12-15 00:00:00,CUSTOMER_ONBOARDING_SVC
CUST002489,Ethan Tanaka,1957-03-28,a0749e416042,low,pending,NG,2025-07-22 00:00:00,CUSTOMER_ONBOARDING_SVC
CUST002490,Mei Ivanov,1977-06-25,fe5ee636e14b,high,,CA,2020-09-08 00:00:00,CUSTOMER_ONBOARDING_SVC
CUST002491,Ethan Tanaka,1982-06-17,c0cd0c7f3d2e,low,expired,SG,2025-10-29 00:00:00,CUSTOMER_ONBOARDING_SVC
CUST002491,Ethan Tanaka,1982-06-17,c0cd0c7f3d2e,low,expired,SG,2025-10-29 00:54:00,CUSTOMER_ONBOARDING_SVC
CUST002492,Chen Davis,1959-05-20,31adc89aa610,low,verified,RU,2025-09-25 00:00:00,CUSTOMER_ONBOARDING_SVC
CUST002493,Lucas Singh,1989-11-08,f11f4f43f62a,medium,pending,IN,2021-09-20 00:00:00,CUSTOMER_ONBOARDING_SVC
CUST002494,Rahul Singh,1983-07-24,2954396dc93f,medium,pending,DE,2019-08-13 00:00:00,CUSTOMER_ONBOARDING_SVC
CUST002495,Ivan Anderson,1967-07-24,ec5bf9790253,low,verified,IN,2022-01-05 00:00:00,CUSTOMER_ONBOARDING_SVC
CUST002496,Rohan Al-Sayed,1990-09-08,1e49b958fb45,low,verified,RU,2021-04-26 00:00:00,CUSTOMER_ONBOARDING_SVC
CUST002497,Aarav Anderson,1971-07-11,b7bdfa218d27,high,verified,GB,2020-09-11 00:00:00,CUSTOMER_ONBOARDING_SVC
CUST002497,Aarav Anderson,1971-07-11,b7bdfa218d27,high,verified,GB,2020-09-11 00:05:00,CUSTOMER_ONBOARDING_SVC
CUST002498,Emma Singh,1966-04-22,ee714d6c94c6,low,verified,CA,2021-06-14 00:00:00,CUSTOMER_ONBOARDING_SVC
CUST002499,Layla Brown,1996-02-20,3854997816be,medium,verified,SG,2021-02-28 00:00:00,CUSTOMER_ONBOARDING_SVC
CUST002500,Rohan Smith,1988-02-05,4315b76c1990,low,verified,CN,2023-01-27 00:00:00,CUSTOMER_ONBOARDING_SVC
CUST002501,Ava Khan,1981-02-12,2578b51c4974,low,verified,RU,2022-01-09 00:00:00,CUSTOMER_ONBOARDING_SVC
CUST002502,Omar Miller,1959-02-19,dc4418c009de,low,verified,AE,2021-02-18 00:00:00,CUSTOMER_ONBOARDING_SVC
CUST002503,Chen Singh,1969-03-03,28baaddf41c9,medium,verified,CA,2019-02-11 00:00:00,CUSTOMER_ONBOARDING_SVC
CUST002504,Ananya Davis,2003-08-03,42d3813edc6a,low,verified,CA,2019-12-26 00:00:00,CUSTOMER_ONBOARDING_SVC
CUST002505,Pooja Tanaka,1990-07-19,3c53ccd3b673,low,verified,IN,2020-06-25 00:00:00,CUSTOMER_ONBOARDING_SVC
CUST002506,Rohan Wilson,1982-02-06,9d1353a924c3,low,verified,IN,2023-12-18 00:00:00,CUSTOMER_ONBOARDING_SVC
CUST002507,Karan Martinez,1976-11-05,c7de8abd7dad,low,expired,AE,2020-05-16 00:00:00,CUSTOMER_ONBOARDING_SVC
CUST002508,Sneha Al-Sayed,1971-06-28,5ab7203292bd,medium,verified,IN,2025-12-12 00:00:00,CUSTOMER_ONBOARDING_SVC
CUST002509,Emma Zhang,1960-09-27,03f1c22bbbde,high,verified,,2023-10-07 00:00:00,CUSTOMER_ONBOARDING_SVC
CUST002510,Mei Gupta,1955-01-16,b4db6bbef506,low,verified,AE,2021-03-16 00:00:00,CUSTOMER_ONBOARDING_SVC
CUST002511,Lucia Chen,1961-10-08,8eee6c1d2882,low,pending,NG,2021-03-12 00:00:00,CUSTOMER_ONBOARDING_SVC
CUST002512,Divya Lopez,1986-08-24,e3412075b089,high,expired,GB,2020-03-13 00:00:00,CUSTOMER_ONBOARDING_SVC
CUST002513,Yuki Davis,1993-05-26,9ac6924ffee9,low,verified,DE,2021-10-24 00:00:00,CUSTOMER_ONBOARDING_SVC
CUST002514,Arjun Sharma,1969-05-13,40365b42911d,low,verified,RU,2024-03-18 00:00:00,CUSTOMER_ONBOARDING_SVC
CUST002515,Mei Patel,1966-11-05,d1e292f3ee11,low,verified,CN,2020-10-04 00:00:00,CUSTOMER_ONBOARDING_SVC
CUST002516,Lucas Al-Sayed,1993-05-11,a9f8b059fa68,low,verified,CA,2020-04-17 00:00:00,CUSTOMER_ONBOARDING_SVC
CUST002517,Ivan Gupta,1967-05-21,c962876a24fb,high,expired,US,2022-03-31 00:00:00,CUSTOMER_ONBOARDING_SVC
CUST002518,Yuki Singh,1980-08-30,f6e4c99da355,medium,verified,US,2019-09-16 00:00:00,CUSTOMER_ONBOARDING_SVC
CUST002519,Ava Mehta,2003-04-04,667f6f00315b,high,verified,RU,2024-05-01 00:00:00,CUSTOMER_ONBOARDING_SVC
CUST002520,Amelia Garcia,2000-01-21,6461c2a24014,medium,expired,RU,2022-04-06 00:00:00,CUSTOMER_ONBOARDING_SVC
CUST002521,James Kumar,2004-09-05,616d2f2ee830,high,pending,CA,2020-04-06 00:00:00,CUSTOMER_ONBOARDING_SVC
CUST002522,Pooja Wilson,1958-09-13,4fbbc5636658,low,verified,CN,2019-01-22 00:00:00,CUSTOMER_ONBOARDING_SVC
CUST002523,Amelia Miller,1971-07-04,8f4b097b07c8,medium,verified,GB,2022-11-01 00:00:00,CUSTOMER_ONBOARDING_SVC
CUST002524,Emma Brown,1974-10-16,a642281cd40d,medium,verified,SG,2020-10-16 00:00:00,CUSTOMER_ONBOARDING_SVC
CUST002525,Mason Smith,1994-08-04,8423d0e07d21,low,expired,NG,2023-09-26 00:00:00,CUSTOMER_ONBOARDING_SVC
CUST002526,Sophia Kumar,1982-07-12,257f25bc597b,high,verified,IN,2022-07-25 00:00:00,CUSTOMER_ONBOARDING_SVC
CUST002527,Mason Brown,2002-11-22,f3e4da7d7997,low,verified,DE,2021-09-29 00:00:00,CUSTOMER_ONBOARDING_SVC
CUST002528,Diego Davis,1971-02-02,d6e5328daf18,low,verified,CA,2024-09-12 00:00:00,CUSTOMER_ONBOARDING_SVC
CUST002529,Emma Gupta,1966-10-02,060c128b8395,low,verified,US,2024-06-15 00:00:00,CUSTOMER_ONBOARDING_SVC
CUST002529,Emma Gupta,1966-10-02,060c128b8395,low,verified,US,2024-06-15 00:19:00,CUSTOMER_ONBOARDING_SVC
CUST002530,Aditya Johnson,1996-05-26,eae797c1cbbe,high,verified,CA,2024-03-03 00:00:00,CUSTOMER_ONBOARDING_SVC
CUST002531,Arjun Garcia,2001-08-18,7c4ece32313d,high,verified,US,2021-04-08 00:00:00,CUSTOMER_ONBOARDING_SVC
CUST002532,Ananya Johnson,2004-11-01,2b0c8dfa1765,low,verified,CA,2025-08-19 00:00:00,CUSTOMER_ONBOARDING_SVC
CUST002533,Elena Zhang,1983-05-30,5901a6604bd8,high,pending,GB,2018-09-20 00:00:00,CUSTOMER_ONBOARDING_SVC
CUST002534,Mason Al-Sayed,1967-08-13,99524b684e72,,verified,AE,2023-11-01 00:00:00,CUSTOMER_ONBOARDING_SVC
CUST002535,Meera Sharma,2001-06-21,3cf333cc0f2d,medium,verified,IN,2021-04-11 00:00:00,CUSTOMER_ONBOARDING_SVC
CUST002536,Pooja Nair,1992-12-08,b45eaaf20ea2,high,expired,AE,2023-01-23 00:00:00,CUSTOMER_ONBOARDING_SVC
CUST002537,Layla Lopez,1999-09-30,fdf7d4eabb58,high,verified,DE,2026-02-12 00:00:00,CUSTOMER_ONBOARDING_SVC
CUST002538,James Lopez,1994-01-05,3597bc83d1b6,low,verified,GB,2024-09-21 00:00:00,CUSTOMER_ONBOARDING_SVC
CUST002539,Sneha Kumar,1968-01-23,54e6e89dcd42,medium,verified,AE,2020-12-07 00:00:00,CUSTOMER_ONBOARDING_SVC
CUST002540,Sneha Al-Sayed,1961-12-12,b467e1ca038e,low,verified,IN,2019-03-20 00:00:00,CUSTOMER_ONBOARDING_SVC
CUST002541,Sneha Anderson,1974-06-12,baf76159aca3,high,expired,IN,2023-11-16 00:00:00,CUSTOMER_ONBOARDING_SVC
CUST002542,Vikram Patel,1960-07-06,4d23ecb8eed5,low,verified,GB,2021-01-18 00:00:00,CUSTOMER_ONBOARDING_SVC
CUST002543,Pooja Brown,2001-11-14,de7313c854ac,high,verified,AE,2025-02-11 00:00:00,CUSTOMER_ONBOARDING_SVC
CUST002544,Ethan Wilson,1972-09-06,f8522834c14f,medium,verified,IN,2018-06-22 00:00:00,CUSTOMER_ONBOARDING_SVC
CUST002545,Diego Kumar,1995-06-11,41ce0fe6d04d,low,verified,CA,2024-02-27 00:00:00,CUSTOMER_ONBOARDING_SVC
CUST002546,Karan Miller,2002-04-16,14647c50fdcf,medium,verified,RU,2025-10-13 00:00:00,CUSTOMER_ONBOARDING_SVC
CUST002547,Lucas Davis,1992-11-23,3da1def53c0d,low,expired,NG,2019-04-08 00:00:00,CUSTOMER_ONBOARDING_SVC
CUST002548,Omar Nair,1972-11-14,c3ee8d75e11d,medium,verified,AU,2019-10-17 00:00:00,CUSTOMER_ONBOARDING_SVC
CUST002549,Layla Nair,1972-01-04,73a80ece6979,low,expired,SG,2020-11-12 00:00:00,CUSTOMER_ONBOARDING_SVC
CUST002550,Layla Garcia,1987-09-21,7ccd5ffb8881,low,expired,AE,2020-09-07 00:00:00,CUSTOMER_ONBOARDING_SVC
CUST002551,Lucas Miller,1967-09-28,67da1a683184,medium,pending,AU,2019-01-22 00:00:00,CUSTOMER_ONBOARDING_SVC
CUST002552,Emma Davis,2004-03-02,a08bdaacb974,,verified,DE,2023-06-10 00:00:00,CUSTOMER_ONBOARDING_SVC
CUST002553,Fatima Brown,1969-02-19,3acffcc360dc,low,pending,AE,2023-03-08 00:00:00,CUSTOMER_ONBOARDING_SVC
CUST002554,James Brown,1988-04-13,620e88f8a29b,high,verified,US,2026-04-14 00:00:00,CUSTOMER_ONBOARDING_SVC
CUST002555,Amelia Kumar,1955-05-25,bc6d289c4351,medium,,AE,2024-02-08 00:00:00,CUSTOMER_ONBOARDING_SVC
CUST002556,Arjun Ivanov,1995-12-21,fd6373896512,medium,verified,IN,2020-07-05 00:00:00,CUSTOMER_ONBOARDING_SVC
CUST002557,Divya Kumar,1981-03-29,fc6603c61f7d,low,verified,NG,2019-07-29 00:00:00,CUSTOMER_ONBOARDING_SVC
CUST002558,Aarav Lopez,1955-10-10,4b4fa0dfa387,low,verified,IN,2022-12-18 00:00:00,CUSTOMER_ONBOARDING_SVC
CUST002559,Aditya Johnson,1981-01-15,b821bf19f78f,low,verified,AU,2023-06-26 00:00:00,CUSTOMER_ONBOARDING_SVC
CUST002560,Diego Tanaka,1993-04-29,89e740cdb125,high,expired,US,2019-05-08 00:00:00,CUSTOMER_ONBOARDING_SVC
CUST002561,Amelia Garcia,1991-02-14,135682fa059b,medium,verified,DE,2023-02-08 00:00:00,CUSTOMER_ONBOARDING_SVC
CUST002562,Riya Nair,1978-11-12,294aba93e458,low,expired,GB,2018-03-07 00:00:00,CUSTOMER_ONBOARDING_SVC
CUST002563,Arjun Khan,1987-09-14,f508465eb740,medium,expired,DE,2020-03-14 00:00:00,CUSTOMER_ONBOARDING_SVC
CUST002564,Vikram Smith,1956-03-11,eb80532f162a,low,verified,AE,2023-02-22 00:00:00,CUSTOMER_ONBOARDING_SVC
CUST002565,Divya Brown,1965-04-03,1b419e74df49,low,verified,CA,2018-12-05 00:00:00,CUSTOMER_ONBOARDING_SVC
CUST002566,Meera Davis,1957-10-03,a50e8ca7b1a6,low,verified,IN,2023-08-27 00:00:00,CUSTOMER_ONBOARDING_SVC
CUST002567,Lucia Brown,1995-11-19,6530b2353790,low,verified,RU,2024-03-28 00:00:00,CUSTOMER_ONBOARDING_SVC
CUST002568,Ananya Lopez,1964-09-02,ef4b6596cbc8,medium,pending,CN,2021-03-07 00:00:00,CUSTOMER_ONBOARDING_SVC
CUST002569,Fatima Davis,1989-10-01,61ce22c0af8d,high,verified,AU,2021-03-07 00:00:00,CUSTOMER_ONBOARDING_SVC
CUST002570,Yuki Zhang,1991-07-29,6be67c100a33,low,verified,CN,2022-09-30 00:00:00,CUSTOMER_ONBOARDING_SVC
CUST002571,Ivan Reddy,1966-07-13,8efb90be26a1,low,verified,CA,2021-04-03 00:00:00,CUSTOMER_ONBOARDING_SVC
CUST002572,Priya Anderson,1959-06-15,d7f2ef123153,low,pending,DE,2018-12-20 00:00:00,CUSTOMER_ONBOARDING_SVC
CUST002573,Ava Smith,1967-11-07,d391f6446528,low,pending,AE,2023-07-23 00:00:00,CUSTOMER_ONBOARDING_SVC
CUST002574,Aditya Mehta,1992-10-02,ae63d9f51dd6,low,pending,SG,2025-05-08 00:00:00,CUSTOMER_ONBOARDING_SVC
CUST002575,Ananya Patel,1958-05-20,9d6f8f76de1c,low,expired,IN,2024-08-10 00:00:00,CUSTOMER_ONBOARDING_SVC
CUST002576,Divya Ivanov,1982-10-14,904970f1f1c7,low,verified,IN,2023-12-18 00:00:00,CUSTOMER_ONBOARDING_SVC
CUST002577,Emma Singh,2003-10-13,ed0793205385,low,expired,SG,2024-09-24 00:00:00,CUSTOMER_ONBOARDING_SVC
CUST002578,Nikhil Al-Sayed,1992-06-04,5fe48ea97119,low,verified,CA,2022-10-06 00:00:00,CUSTOMER_ONBOARDING_SVC
CUST002579,Fatima Singh,1967-04-20,4434736b7891,high,pending,CN,2025-07-25 00:00:00,CUSTOMER_ONBOARDING_SVC
CUST002580,Olivia Chen,1996-02-02,95e19504371c,low,verified,GB,2018-01-16 00:00:00,CUSTOMER_ONBOARDING_SVC
CUST002581,Ethan Khan,1974-01-10,277c07252761,,verified,NG,2025-07-25 00:00:00,CUSTOMER_ONBOARDING_SVC
CUST002582,Diego Lopez,1981-01-13,81917294995e,low,expired,NG,2019-07-26 00:00:00,CUSTOMER_ONBOARDING_SVC
CUST002583,Chen Mehta,1991-08-15,2104383f8120,low,verified,CA,2026-03-24 00:00:00,CUSTOMER_ONBOARDING_SVC
CUST002584,Karan Wilson,1997-12-12,bc85ef7ef75f,low,expired,CA,2022-06-19 00:00:00,CUSTOMER_ONBOARDING_SVC
CUST002585,Layla Wilson,1987-01-28,80556ec683da,low,pending,AU,2018-04-11 00:00:00,CUSTOMER_ONBOARDING_SVC
CUST002586,Isha Martinez,1971-07-07,03fb831a0013,medium,pending,CN,2022-10-08 00:00:00,CUSTOMER_ONBOARDING_SVC
CUST002587,Aditya Chen,1990-08-16,81efa0d69845,medium,verified,AU,2018-12-17 00:00:00,CUSTOMER_ONBOARDING_SVC
CUST002588,Layla Lopez,1996-08-10,c34bf6f5d967,medium,expired,IN,2021-04-08 00:00:00,CUSTOMER_ONBOARDING_SVC
CUST002589,Ava Lopez,1998-02-01,5faf6644a50e,low,pending,CA,2023-03-20 00:00:00,CUSTOMER_ONBOARDING_SVC
CUST002590,Hassan Nair,1988-02-20,850939f84966,medium,verified,NG,2026-04-28 00:00:00,CUSTOMER_ONBOARDING_SVC
CUST002591,Liam Kumar,1964-10-23,f284e3541201,low,pending,CA,2022-05-07 00:00:00,CUSTOMER_ONBOARDING_SVC
CUST002592,Ivan Garcia,1986-06-25,8607b2527e4c,medium,expired,DE,2019-01-16 00:00:00,CUSTOMER_ONBOARDING_SVC
CUST002593,Amelia Patel,1987-05-24,b0a8fc25f52c,low,expired,IN,2018-06-28 00:00:00,CUSTOMER_ONBOARDING_SVC
CUST002594,Diego Anderson,1986-05-13,3578cbfc0174,medium,verified,CA,2025-03-04 00:00:00,CUSTOMER_ONBOARDING_SVC
CUST002595,Priya Kumar,1968-06-13,0b42651e3710,high,verified,US,2021-10-24 00:00:00,CUSTOMER_ONBOARDING_SVC
CUST002596,Emma Reddy,1957-01-22,88a605fed72c,high,expired,RU,2022-07-03 00:00:00,CUSTOMER_ONBOARDING_SVC
CUST002597,Mason Lopez,1965-09-06,8c4a8e05db29,medium,verified,AE,2025-02-09 00:00:00,CUSTOMER_ONBOARDING_SVC
CUST002598,Aditya Sharma,1978-06-23,df15ccdf33f2,medium,pending,CN,2019-12-09 00:00:00,CUSTOMER_ONBOARDING_SVC
CUST002599,Wei Ivanov,1980-11-11,31af7c84bf3b,high,verified,AU,2018-04-12 00:00:00,CUSTOMER_ONBOARDING_SVC
CUST002600,Emma Johnson,1987-12-20,ab6e6541e42d,high,pending,DE,2022-07-30 00:00:00,CUSTOMER_ONBOARDING_SVC
CUST002601,Pooja Garcia,1982-04-08,8a57092a8102,low,verified,AU,2020-11-02 00:00:00,CUSTOMER_ONBOARDING_SVC
CUST002602,Hassan Anderson,1992-07-29,a6db25ed6931,medium,verified,AU,2021-12-20 00:00:00,CUSTOMER_ONBOARDING_SVC
CUST002603,Hassan Ivanov,1986-09-07,c6a034ce9c56,medium,pending,AE,2025-05-06 00:00:00,CUSTOMER_ONBOARDING_SVC
CUST002604,Mia Johnson,1983-02-05,c77e00fd4e10,low,verified,NG,2020-09-11 00:00:00,CUSTOMER_ONBOARDING_SVC
CUST002605,Aarav Wilson,1981-01-30,7a9b90144e5a,low,pending,RU,2020-09-25 00:00:00,CUSTOMER_ONBOARDING_SVC
CUST002606,James Johnson,1993-08-19,826d4313cf5c,high,verified,AE,2024-09-11 00:00:00,CUSTOMER_ONBOARDING_SVC
CUST002607,Olivia Brown,1987-05-28,02fff8706a30,low,expired,IN,2026-01-31 00:00:00,CUSTOMER_ONBOARDING_SVC
CUST002608,Aarav Patel,1972-09-05,5434c109b76e,low,expired,CA,2021-02-22 00:00:00,CUSTOMER_ONBOARDING_SVC
CUST002609,Yuki Gupta,1983-03-28,b215d44bb9e9,high,verified,,2021-01-09 00:00:00,CUSTOMER_ONBOARDING_SVC
CUST002610,Priya Singh,1967-05-10,b77689365166,medium,verified,DE,2021-10-04 00:00:00,CUSTOMER_ONBOARDING_SVC
CUST002611,Aarav Johnson,1957-01-28,575d9ad524db,low,expired,SG,2025-05-18 00:00:00,CUSTOMER_ONBOARDING_SVC
CUST002612,Lucia Lopez,1975-11-11,de1366dd5fba,medium,expired,GB,2020-07-05 00:00:00,CUSTOMER_ONBOARDING_SVC
CUST002613,Karan Kumar,1976-06-10,0c1b368ef613,,expired,CN,2025-05-14 00:00:00,CUSTOMER_ONBOARDING_SVC
CUST002614,Lucia Smith,2004-06-18,1b5c6c937977,high,pending,CN,2022-11-14 00:00:00,CUSTOMER_ONBOARDING_SVC
CUST002615,Omar Garcia,1975-01-17,5b9f4c8ddbcd,low,expired,CA,2023-12-05 00:00:00,CUSTOMER_ONBOARDING_SVC
CUST002616,James Al-Sayed,1958-09-04,f58198265b41,high,verified,DE,2024-10-08 00:00:00,CUSTOMER_ONBOARDING_SVC
CUST002617,Olivia Garcia,1983-01-19,fffc8ad80745,high,verified,SG,2026-06-23 00:00:00,CUSTOMER_ONBOARDING_SVC
CUST002618,Wei Reddy,1964-08-28,740777b2854b,medium,verified,NG,2022-08-30 00:00:00,CUSTOMER_ONBOARDING_SVC
CUST002619,Ananya Khan,1997-09-02,227aec81c370,medium,verified,SG,2022-03-15 00:00:00,CUSTOMER_ONBOARDING_SVC
CUST002620,Priya Wilson,2002-03-01,c0af59da042a,medium,,GB,2019-05-01 00:00:00,CUSTOMER_ONBOARDING_SVC
CUST002621,Elena Mehta,1993-09-16,169943be8504,low,verified,US,2020-09-12 00:00:00,CUSTOMER_ONBOARDING_SVC
CUST002622,Yuki Patel,1985-02-08,d9c35c712212,high,verified,GB,2018-05-14 00:00:00,CUSTOMER_ONBOARDING_SVC
CUST002623,Arjun Khan,1994-07-16,dde3ac6c9617,high,verified,DE,2020-07-21 00:00:00,CUSTOMER_ONBOARDING_SVC
CUST002624,Omar Anderson,1958-06-14,705b724c4f5b,medium,verified,NG,2021-06-17 00:00:00,CUSTOMER_ONBOARDING_SVC
CUST002625,Meera Garcia,1976-09-26,b7aaf4339dd6,low,verified,RU,2022-06-30 00:00:00,CUSTOMER_ONBOARDING_SVC
CUST002626,Riya Kumar,1977-11-28,6f6c2f3ca31f,medium,verified,AE,2019-06-27 00:00:00,CUSTOMER_ONBOARDING_SVC
CUST002627,Vikram Kumar,1981-04-08,150995592fea,low,verified,SG,2024-08-15 00:00:00,CUSTOMER_ONBOARDING_SVC
CUST002628,Aditya Al-Sayed,1977-04-25,9ff140d3a9ef,medium,verified,GB,2022-11-21 00:00:00,CUSTOMER_ONBOARDING_SVC
CUST002629,Rohan Khan,1998-05-28,a52652985a31,low,verified,RU,2023-06-05 00:00:00,CUSTOMER_ONBOARDING_SVC
CUST002630,Lucia Lopez,1989-12-21,b0e9986d9671,low,pending,CN,2021-10-23 00:00:00,CUSTOMER_ONBOARDING_SVC
CUST002631,Mei Singh,2000-03-01,0e29fe39feb2,low,expired,IN,2023-06-27 00:00:00,CUSTOMER_ONBOARDING_SVC
CUST002632,Vikram Brown,1974-07-17,e479d6f5a2ed,medium,pending,CA,2025-08-14 00:00:00,CUSTOMER_ONBOARDING_SVC
CUST002633,Fatima Khan,1998-09-20,5aea97f7bec6,medium,verified,CA,2018-01-05 00:00:00,CUSTOMER_ONBOARDING_SVC
CUST002634,Sophia Nair,1977-10-24,6672be4a04d5,,verified,,2021-01-27 00:00:00,CUSTOMER_ONBOARDING_SVC
CUST002635,Lucas Ivanov,1976-11-22,00ef56966adc,medium,expired,NG,2024-04-14 00:00:00,CUSTOMER_ONBOARDING_SVC
CUST002636,Ethan Patel,1983-05-15,239a4f5e6027,medium,pending,CN,2023-08-23 00:00:00,CUSTOMER_ONBOARDING_SVC
CUST002637,Aarav Lopez,1979-07-04,aaae515a8e71,high,pending,AE,2022-07-30 00:00:00,CUSTOMER_ONBOARDING_SVC
CUST002638,Meera Mehta,2003-08-07,ec0863f881a7,low,verified,DE,2023-08-31 00:00:00,CUSTOMER_ONBOARDING_SVC
CUST002639,Isha Singh,1983-02-18,f9ca1dc66ca8,low,verified,IN,2019-02-15 00:00:00,CUSTOMER_ONBOARDING_SVC
CUST002640,Aarav Kumar,2003-01-13,40128b4e4094,medium,verified,AE,2025-05-17 00:00:00,CUSTOMER_ONBOARDING_SVC
CUST002641,Aditya Khan,1989-09-11,21c8544f4e1e,low,pending,US,2023-11-13 00:00:00,CUSTOMER_ONBOARDING_SVC
CUST002642,Ananya Al-Sayed,1977-01-10,258954aa05e1,,expired,CA,2026-04-12 00:00:00,CUSTOMER_ONBOARDING_SVC
CUST002643,Yuki Davis,1971-07-11,ba29dfad9890,low,verified,CA,2018-07-09 00:00:00,CUSTOMER_ONBOARDING_SVC
CUST002644,Sneha Tanaka,1995-12-23,d3b2e2af535f,medium,verified,IN,2019-04-13 00:00:00,CUSTOMER_ONBOARDING_SVC
CUST002645,Layla Lopez,1964-05-07,942c2bd3f9e7,,pending,SG,2020-01-09 00:00:00,CUSTOMER_ONBOARDING_SVC
CUST002646,Ivan Singh,1978-10-04,3bf7405d289c,low,verified,RU,2025-03-17 00:00:00,CUSTOMER_ONBOARDING_SVC
CUST002647,Mia Garcia,1989-12-10,b49952a9be9d,medium,verified,SG,2019-04-16 00:00:00,CUSTOMER_ONBOARDING_SVC
CUST002648,Divya Zhang,1999-12-13,3a257e6fed75,medium,verified,AU,2023-08-12 00:00:00,CUSTOMER_ONBOARDING_SVC
CUST002649,Mia Miller,2003-10-18,2b2b881ed323,low,verified,CA,2020-06-15 00:00:00,CUSTOMER_ONBOARDING_SVC
CUST002650,Omar Tanaka,1959-03-05,fa10bccf4a71,high,verified,GB,2019-11-11 00:00:00,CUSTOMER_ONBOARDING_SVC
CUST002651,Lucas Singh,1981-08-28,1776d4033096,medium,verified,GB,2022-05-21 00:00:00,CUSTOMER_ONBOARDING_SVC
CUST002652,Divya Singh,1992-04-30,53e263caf5c8,high,verified,CA,2019-02-01 00:00:00,CUSTOMER_ONBOARDING_SVC
CUST002653,Nikhil Kumar,1990-08-06,e82b34428e6a,high,pending,RU,2023-12-19 00:00:00,CUSTOMER_ONBOARDING_SVC
CUST002654,James Miller,1988-10-31,32de09a18186,medium,pending,SG,2024-01-16 00:00:00,CUSTOMER_ONBOARDING_SVC
CUST002655,Hassan Anderson,1955-04-08,1f4fa6e1bd1c,low,expired,AE,2018-04-26 00:00:00,CUSTOMER_ONBOARDING_SVC
CUST002656,Nikhil Zhang,1985-11-28,0aaaadf86bb5,low,verified,US,2024-06-19 00:00:00,CUSTOMER_ONBOARDING_SVC
CUST002657,Rohan Tanaka,1989-05-22,22a7aa4dcfaa,medium,verified,IN,2021-09-12 00:00:00,CUSTOMER_ONBOARDING_SVC
CUST002658,Meera Martinez,1962-05-09,c20390d751b8,medium,verified,US,2024-02-04 00:00:00,CUSTOMER_ONBOARDING_SVC
CUST002659,Priya Singh,1965-03-31,e48599d45433,high,expired,NG,2023-01-03 00:00:00,CUSTOMER_ONBOARDING_SVC
CUST002660,Wei Brown,1995-03-18,a7fb641cbcfe,medium,expired,AU,2023-11-24 00:00:00,CUSTOMER_ONBOARDING_SVC
CUST002661,Mei Chen,1960-02-07,83f58e78a7a9,low,verified,RU,2021-07-17 00:00:00,CUSTOMER_ONBOARDING_SVC
CUST002662,Ava Davis,2001-05-12,ee26d0410bd6,low,expired,SG,2026-04-10 00:00:00,CUSTOMER_ONBOARDING_SVC
CUST002663,Aarav Davis,1999-03-09,49645de6db68,high,verified,US,2020-05-15 00:00:00,CUSTOMER_ONBOARDING_SVC
CUST002664,Karan Reddy,1996-05-10,4c3b62e1eb18,low,pending,RU,2022-02-10 00:00:00,CUSTOMER_ONBOARDING_SVC
CUST002665,Chen Johnson,1991-10-30,3c6e716b93d6,medium,expired,RU,2020-06-11 00:00:00,CUSTOMER_ONBOARDING_SVC
CUST002666,Ivan Al-Sayed,1959-10-21,a5b41f254f54,medium,verified,RU,2022-05-25 00:00:00,CUSTOMER_ONBOARDING_SVC
CUST002667,Yuki Singh,1999-04-19,7e6dea89b1c2,low,verified,DE,2021-11-26 00:00:00,CUSTOMER_ONBOARDING_SVC
CUST002668,Divya Mehta,1997-03-08,956ec60f7823,medium,verified,US,2024-11-19 00:00:00,CUSTOMER_ONBOARDING_SVC
CUST002669,Chen Patel,1997-09-21,f0ae1f76b9f5,low,expired,AE,2025-07-17 00:00:00,CUSTOMER_ONBOARDING_SVC
CUST002670,Nikhil Brown,1976-01-12,5463be75ec28,medium,expired,DE,2025-08-17 00:00:00,CUSTOMER_ONBOARDING_SVC
CUST002671,Pooja Lopez,1968-10-29,37f26ec7a415,low,verified,AU,2019-08-19 00:00:00,CUSTOMER_ONBOARDING_SVC
CUST002672,Isha Brown,1960-12-27,7a4204bbf629,high,verified,NG,2025-01-21 00:00:00,CUSTOMER_ONBOARDING_SVC
CUST002673,Karan Zhang,1971-11-09,4d836201f701,low,verified,CN,2022-07-21 00:00:00,CUSTOMER_ONBOARDING_SVC
CUST002674,James Kumar,2004-10-11,c7efc23d7fdb,low,verified,AE,2020-10-27 00:00:00,CUSTOMER_ONBOARDING_SVC
CUST002675,Aarav Tanaka,1990-11-18,d1c2fa72de8a,high,verified,RU,2023-11-06 00:00:00,CUSTOMER_ONBOARDING_SVC
CUST002676,Olivia Garcia,2003-04-20,656b51d3179d,low,verified,RU,2023-03-19 00:00:00,CUSTOMER_ONBOARDING_SVC
CUST002677,Isha Zhang,1996-05-07,30320f9e43c3,high,verified,US,2023-06-04 00:00:00,CUSTOMER_ONBOARDING_SVC
CUST002678,Fatima Singh,1973-07-01,b12bb8429194,medium,pending,US,2020-06-02 00:00:00,CUSTOMER_ONBOARDING_SVC
CUST002679,Divya Tanaka,1975-04-23,3983ce31107c,low,verified,AU,2025-12-04 00:00:00,CUSTOMER_ONBOARDING_SVC
CUST002680,Rohan Ivanov,1963-06-10,7c7bf3c03788,medium,expired,GB,2025-09-20 00:00:00,CUSTOMER_ONBOARDING_SVC
CUST002681,Mason Khan,1971-08-01,f06ed3feb1e6,low,pending,AE,2026-03-24 00:00:00,CUSTOMER_ONBOARDING_SVC
CUST002682,Olivia Johnson,1970-02-02,77db04c0e01d,medium,verified,GB,2021-04-29 00:00:00,CUSTOMER_ONBOARDING_SVC
CUST002683,Riya Garcia,1982-08-08,c8f96a287ca7,medium,verified,IN,2022-12-05 00:00:00,CUSTOMER_ONBOARDING_SVC
CUST002684,Amelia Khan,1985-03-05,0a74fb23e215,low,verified,US,2022-09-03 00:00:00,CUSTOMER_ONBOARDING_SVC
CUST002685,Aditya Lopez,1960-10-29,029b3c2840fe,medium,verified,NG,2020-02-28 00:00:00,CUSTOMER_ONBOARDING_SVC
CUST002686,Ananya Khan,1960-01-03,aac83824b0a6,low,pending,AU,2023-09-15 00:00:00,CUSTOMER_ONBOARDING_SVC
CUST002687,Aditya Brown,1983-09-01,9aeeb3dace19,low,verified,DE,2024-11-30 00:00:00,CUSTOMER_ONBOARDING_SVC
CUST002688,Isha Mehta,1989-04-16,ca0d06c06d5c,medium,pending,CA,2025-12-22 00:00:00,CUSTOMER_ONBOARDING_SVC
CUST002689,Rohan Martinez,1975-12-20,06bd3af39af7,medium,pending,SG,2020-08-07 00:00:00,CUSTOMER_ONBOARDING_SVC
CUST002690,Layla Nair,1956-06-16,4bfa41a1a034,low,verified,RU,2024-12-19 00:00:00,CUSTOMER_ONBOARDING_SVC
CUST002691,Lucas Davis,1970-12-10,af4885fd8031,high,verified,AU,2023-09-30 00:00:00,CUSTOMER_ONBOARDING_SVC
CUST002692,Layla Lopez,1976-05-13,65792676c85e,low,pending,AE,2020-11-20 00:00:00,CUSTOMER_ONBOARDING_SVC
CUST002693,Mei Smith,2000-07-20,bc1e208d8dfb,low,verified,IN,2022-11-16 00:00:00,CUSTOMER_ONBOARDING_SVC
CUST002694,Mei Gupta,1984-08-01,47dd99fbfb6e,low,pending,NG,2021-11-08 00:00:00,CUSTOMER_ONBOARDING_SVC
CUST002695,Ethan Reddy,2001-12-04,e473c5a7effc,low,expired,NG,2024-12-20 00:00:00,CUSTOMER_ONBOARDING_SVC
CUST002696,Aarav Mehta,1993-04-20,6e50621959d3,medium,verified,RU,2024-10-14 00:00:00,CUSTOMER_ONBOARDING_SVC
CUST002697,Mia Brown,1978-03-15,f39f99a53b4e,low,,IN,2023-02-19 00:00:00,CUSTOMER_ONBOARDING_SVC
CUST002698,Ava Smith,2004-05-21,40c0ff37a46a,medium,verified,CN,2023-09-15 00:00:00,CUSTOMER_ONBOARDING_SVC
CUST002699,Mia Khan,2001-04-28,bc0662771229,medium,pending,DE,2022-11-12 00:00:00,CUSTOMER_ONBOARDING_SVC
CUST002700,Karan Chen,1956-12-30,f5c3f057f510,medium,verified,AU,2022-11-10 00:00:00,CUSTOMER_ONBOARDING_SVC
CUST002701,Priya Nair,1978-05-22,cb0c924fea18,medium,verified,NG,2026-01-11 00:00:00,CUSTOMER_ONBOARDING_SVC
CUST002702,Noah Sharma,1985-05-21,4c4e50215e0a,medium,expired,AU,2018-11-10 00:00:00,CUSTOMER_ONBOARDING_SVC
CUST002703,Liam Smith,1971-03-19,08b72c5193c2,low,verified,RU,2020-04-17 00:00:00,CUSTOMER_ONBOARDING_SVC
CUST002704,Elena Wilson,1956-09-03,6dc53f2c196b,low,verified,SG,2021-02-13 00:00:00,CUSTOMER_ONBOARDING_SVC
CUST002705,Nikhil Tanaka,1982-11-21,e694ac81064f,low,verified,SG,2018-07-06 00:00:00,CUSTOMER_ONBOARDING_SVC
CUST002706,Layla Martinez,1984-09-15,d608397bbb47,low,verified,CN,2022-12-31 00:00:00,CUSTOMER_ONBOARDING_SVC
CUST002707,Riya Anderson,1999-01-02,9194cfd92604,high,verified,SG,2022-10-19 00:00:00,CUSTOMER_ONBOARDING_SVC
CUST002708,Vikram Al-Sayed,1977-05-16,44faf97a9117,high,verified,DE,2023-10-20 00:00:00,CUSTOMER_ONBOARDING_SVC
CUST002709,Sneha Khan,1972-07-28,a69d3d3ac7cb,medium,verified,DE,2021-08-16 00:00:00,CUSTOMER_ONBOARDING_SVC
CUST002710,Meera Chen,1988-11-08,d2569c085464,low,verified,NG,2024-09-28 00:00:00,CUSTOMER_ONBOARDING_SVC
CUST002711,Fatima Garcia,1998-12-08,e3c504adefc6,low,expired,CN,2023-02-26 00:00:00,CUSTOMER_ONBOARDING_SVC
CUST002712,Mason Gupta,1972-06-06,66ac76f1f45b,medium,verified,IN,2026-05-20 00:00:00,CUSTOMER_ONBOARDING_SVC
CUST002713,Mia Wilson,1988-11-13,1dd05287db20,high,verified,RU,2026-05-19 00:00:00,CUSTOMER_ONBOARDING_SVC
CUST002714,Nikhil Garcia,1992-10-30,11f124cb6d49,medium,verified,CA,2018-12-30 00:00:00,CUSTOMER_ONBOARDING_SVC
CUST002715,Emma Garcia,1996-05-29,2d0d1875c93c,low,pending,CA,2022-10-20 00:00:00,CUSTOMER_ONBOARDING_SVC
CUST002716,Noah Zhang,2000-09-14,4b22bc6ae905,medium,expired,IN,2024-11-20 00:00:00,CUSTOMER_ONBOARDING_SVC
CUST002717,Sophia Lopez,1980-09-25,d0c280eb18ba,low,verified,GB,2025-04-16 00:00:00,CUSTOMER_ONBOARDING_SVC
CUST002718,Aditya Chen,1977-10-06,1d420430e79d,low,pending,CA,2018-04-23 00:00:00,CUSTOMER_ONBOARDING_SVC
CUST002719,Meera Sharma,1992-10-16,2de65755cf07,low,verified,CA,2023-03-29 00:00:00,CUSTOMER_ONBOARDING_SVC
CUST002720,Noah Tanaka,1973-08-28,4975fa8d4e52,medium,expired,AE,2018-09-01 00:00:00,CUSTOMER_ONBOARDING_SVC
CUST002721,Emma Ivanov,1991-09-12,7bed03b602cd,medium,verified,IN,2022-03-07 00:00:00,CUSTOMER_ONBOARDING_SVC
CUST002722,Ava Mehta,1984-12-03,da8fb13dde9c,high,pending,NG,2025-05-05 00:00:00,CUSTOMER_ONBOARDING_SVC
CUST002723,Arjun Davis,1957-11-11,b5939f39b142,high,verified,DE,2025-01-29 00:00:00,CUSTOMER_ONBOARDING_SVC
CUST002724,Elena Ivanov,1961-04-17,92aedb3f8118,high,verified,US,2018-09-03 00:00:00,CUSTOMER_ONBOARDING_SVC
CUST002725,Mason Singh,2000-01-10,6ab03ddb3f2f,medium,pending,US,2024-05-14 00:00:00,CUSTOMER_ONBOARDING_SVC
CUST002726,Noah Wilson,1995-03-06,7948c804977e,medium,pending,AE,2021-02-07 00:00:00,CUSTOMER_ONBOARDING_SVC
CUST002727,Ananya Wilson,1991-08-21,c27ad7e1ab41,medium,verified,AU,2023-09-25 00:00:00,CUSTOMER_ONBOARDING_SVC
CUST002728,Lucas Anderson,1956-06-02,5439c500d925,low,verified,CN,2026-04-21 00:00:00,CUSTOMER_ONBOARDING_SVC
CUST002729,Omar Al-Sayed,1961-01-30,66b54d309869,high,verified,,2021-02-05 00:00:00,CUSTOMER_ONBOARDING_SVC
CUST002730,Isha Tanaka,1980-08-21,68a2c13542c4,low,verified,DE,2018-03-13 00:00:00,CUSTOMER_ONBOARDING_SVC
CUST002731,Meera Singh,1959-12-01,9b7814daa815,low,verified,GB,2021-12-23 00:00:00,CUSTOMER_ONBOARDING_SVC
CUST002732,Olivia Chen,1974-02-16,28c8af0775ee,medium,verified,AE,2024-03-10 00:00:00,CUSTOMER_ONBOARDING_SVC
CUST002733,Lucia Johnson,1966-07-02,e2e0f718e932,low,verified,GB,2018-01-11 00:00:00,CUSTOMER_ONBOARDING_SVC
CUST002734,Rohan Ivanov,2000-04-07,c6ab77a84e44,high,verified,AE,2023-05-24 00:00:00,CUSTOMER_ONBOARDING_SVC
CUST002735,Mason Davis,1999-07-31,3523877cbd66,low,verified,GB,2023-05-17 00:00:00,CUSTOMER_ONBOARDING_SVC
CUST002736,Aditya Sharma,1986-11-17,721a0cbbf862,low,verified,CN,2023-10-07 00:00:00,CUSTOMER_ONBOARDING_SVC
CUST002737,Ananya Garcia,2002-04-20,d95805da1a8f,low,verified,AE,2024-01-13 00:00:00,CUSTOMER_ONBOARDING_SVC
CUST002738,Mei Lopez,2001-11-16,c8f90aaf4d5b,high,verified,IN,2021-05-28 00:00:00,CUSTOMER_ONBOARDING_SVC
CUST002739,Sophia Wilson,1988-10-20,e4848d1c49e3,low,expired,US,2023-03-03 00:00:00,CUSTOMER_ONBOARDING_SVC
CUST002740,Nikhil Johnson,1963-03-24,ddb3c027db44,high,verified,NG,2024-02-22 00:00:00,CUSTOMER_ONBOARDING_SVC
CUST002741,James Miller,1978-03-31,1cbeaf57ee67,high,expired,AE,2019-06-05 00:00:00,CUSTOMER_ONBOARDING_SVC
CUST002742,Chen Garcia,1996-07-25,56785da330c1,low,verified,RU,2026-05-08 00:00:00,CUSTOMER_ONBOARDING_SVC
CUST002743,Noah Gupta,1972-05-01,c9efb3c6256e,low,verified,CA,2021-04-24 00:00:00,CUSTOMER_ONBOARDING_SVC
CUST002744,Ethan Garcia,1959-11-04,b19ccb45eea3,low,verified,AE,2018-09-15 00:00:00,CUSTOMER_ONBOARDING_SVC
CUST002745,Diego Anderson,1963-12-15,62b49e61e941,medium,pending,US,2018-07-14 00:00:00,CUSTOMER_ONBOARDING_SVC
CUST002746,Lucia Davis,1976-04-18,b77823d4c639,low,verified,DE,2026-05-28 00:00:00,CUSTOMER_ONBOARDING_SVC
CUST002747,Isha Lopez,1963-10-26,9551170b885c,medium,expired,RU,2019-08-03 00:00:00,CUSTOMER_ONBOARDING_SVC
CUST002748,Olivia Khan,1964-03-28,8fac6ba7f709,medium,verified,US,2018-04-04 00:00:00,CUSTOMER_ONBOARDING_SVC
CUST002749,Mei Singh,1960-04-13,6222d3092a0a,high,expired,IN,2026-06-15 00:00:00,CUSTOMER_ONBOARDING_SVC
CUST002750,Divya Miller,1967-09-08,3ab42ba2b7b4,medium,verified,NG,2022-09-06 00:00:00,CUSTOMER_ONBOARDING_SVC
CUST002751,Mia Reddy,1989-03-08,8ffaf3a8f4f4,medium,pending,AU,2024-12-07 00:00:00,CUSTOMER_ONBOARDING_SVC
CUST002752,Elena Zhang,1955-05-08,5bff87e7d928,low,expired,US,2018-02-15 00:00:00,CUSTOMER_ONBOARDING_SVC
CUST002753,Ethan Tanaka,1966-11-26,eb96882124a8,high,pending,CN,2024-03-07 00:00:00,CUSTOMER_ONBOARDING_SVC
CUST002754,Lucia Smith,1985-06-20,9ea7f0ec7543,medium,verified,NG,2024-11-26 00:00:00,CUSTOMER_ONBOARDING_SVC
CUST002755,Mei Garcia,1981-06-27,f6b9c1159a4f,low,verified,US,2021-10-02 00:00:00,CUSTOMER_ONBOARDING_SVC
CUST002756,Priya Zhang,2001-04-17,8e14abc6e4e5,low,pending,CN,2022-06-25 00:00:00,CUSTOMER_ONBOARDING_SVC
CUST002757,Isha Smith,1992-07-18,da289a707f41,low,pending,IN,2022-01-08 00:00:00,CUSTOMER_ONBOARDING_SVC
CUST002758,Ava Patel,1957-02-02,56a53a134787,low,expired,RU,2020-11-19 00:00:00,CUSTOMER_ONBOARDING_SVC
CUST002759,James Nair,1963-05-31,94b9f05ba0a8,low,verified,IN,2022-05-13 00:00:00,CUSTOMER_ONBOARDING_SVC
CUST002760,Fatima Wilson,1989-03-04,9901f07224e5,medium,expired,CA,2021-11-24 00:00:00,CUSTOMER_ONBOARDING_SVC
CUST002761,Sneha Davis,1966-06-25,9beaba26f08b,medium,verified,AU,2019-07-20 00:00:00,CUSTOMER_ONBOARDING_SVC
CUST002762,Hassan Miller,1980-01-26,c190cd251e94,medium,verified,IN,2023-05-29 00:00:00,CUSTOMER_ONBOARDING_SVC
CUST002763,Mei Sharma,2000-08-28,6d1fafb307b0,low,verified,AE,2018-03-10 00:00:00,CUSTOMER_ONBOARDING_SVC
CUST002764,Ivan Brown,2005-04-01,90583841605f,high,expired,AE,2019-11-22 00:00:00,CUSTOMER_ONBOARDING_SVC
CUST002765,Lucia Martinez,1987-06-13,1ca90ddce8bc,low,pending,IN,2020-08-13 00:00:00,CUSTOMER_ONBOARDING_SVC
CUST002766,Mason Tanaka,1960-01-19,88f50a91fe4d,low,verified,AE,2024-04-30 00:00:00,CUSTOMER_ONBOARDING_SVC
CUST002767,James Wilson,1991-03-31,a0ace71fa3a4,medium,pending,NG,2025-01-11 00:00:00,CUSTOMER_ONBOARDING_SVC
CUST002768,Rohan Garcia,2002-12-24,e9b69fa5f9d1,low,verified,AU,2025-06-10 00:00:00,CUSTOMER_ONBOARDING_SVC
CUST002768,Rohan Garcia,2002-12-24,e9b69fa5f9d1,low,verified,AU,2025-06-10 00:15:00,CUSTOMER_ONBOARDING_SVC
CUST002769,Omar Nair,1977-01-08,05a5d4860f80,low,verified,CN,2022-03-10 00:00:00,CUSTOMER_ONBOARDING_SVC
CUST002770,Olivia Khan,1998-07-05,d7ba71bb4e61,high,pending,DE,2022-08-05 00:00:00,CUSTOMER_ONBOARDING_SVC
CUST002771,Hassan Mehta,1979-02-12,d24b88c15e1a,low,expired,CA,2026-03-26 00:00:00,CUSTOMER_ONBOARDING_SVC
CUST002772,Ethan Al-Sayed,1962-04-13,5587f3e057a2,low,verified,AE,2023-05-11 00:00:00,CUSTOMER_ONBOARDING_SVC
CUST002773,Fatima Zhang,1998-10-30,1a28f5fb168d,medium,pending,RU,2021-01-29 00:00:00,CUSTOMER_ONBOARDING_SVC
CUST002774,Liam Wilson,1969-01-14,1820033ff3db,medium,verified,DE,2022-10-22 00:00:00,CUSTOMER_ONBOARDING_SVC
CUST002775,Mei Tanaka,1978-01-27,f2b2ec32af5c,low,verified,DE,2021-10-02 00:00:00,CUSTOMER_ONBOARDING_SVC
CUST002776,Amelia Johnson,1991-03-08,6fbc7ee92885,medium,expired,,2022-12-10 00:00:00,CUSTOMER_ONBOARDING_SVC
CUST002777,Elena Nair,2000-03-30,26e38a070ff0,low,verified,SG,2020-01-23 00:00:00,CUSTOMER_ONBOARDING_SVC
CUST002778,Noah Martinez,1968-12-04,0b571bdbdbd1,low,verified,CA,2019-12-08 00:00:00,CUSTOMER_ONBOARDING_SVC
CUST002779,Olivia Khan,1970-01-07,715db6dcbc55,medium,pending,RU,2023-05-19 00:00:00,CUSTOMER_ONBOARDING_SVC
CUST002780,Sneha Singh,2000-05-29,9e88c7e5f22d,low,verified,AU,2018-05-18 00:00:00,CUSTOMER_ONBOARDING_SVC
CUST002780,Sneha Singh,2000-05-29,9e88c7e5f22d,low,verified,AU,2018-05-18 00:43:00,CUSTOMER_ONBOARDING_SVC
CUST002781,Nikhil Chen,1988-08-14,a347119d3e2e,medium,pending,AE,2023-11-29 00:00:00,CUSTOMER_ONBOARDING_SVC
CUST002782,Emma Davis,1985-12-15,ca9ef7970cc3,medium,verified,IN,2020-09-30 00:00:00,CUSTOMER_ONBOARDING_SVC
CUST002783,Emma Ivanov,1967-05-12,71a085bead37,low,verified,DE,2023-07-24 00:00:00,CUSTOMER_ONBOARDING_SVC
CUST002784,Olivia Lopez,1960-08-25,03523dc091a9,medium,verified,RU,2019-03-15 00:00:00,CUSTOMER_ONBOARDING_SVC
CUST002785,Meera Wilson,1958-10-27,517c6849afb8,low,verified,SG,2019-12-01 00:00:00,CUSTOMER_ONBOARDING_SVC
CUST002786,Pooja Anderson,1956-10-04,2236913657ba,medium,pending,AE,2025-07-21 00:00:00,CUSTOMER_ONBOARDING_SVC
CUST002787,Lucas Reddy,1978-04-23,10532ca7b037,medium,verified,DE,2020-06-10 00:00:00,CUSTOMER_ONBOARDING_SVC
CUST002788,Aarav Chen,1957-01-03,0a1c61d773a4,low,verified,NG,2023-05-23 00:00:00,CUSTOMER_ONBOARDING_SVC
CUST002789,Chen Wilson,1995-12-01,4497888c37d6,low,verified,US,2023-06-03 00:00:00,CUSTOMER_ONBOARDING_SVC
CUST002790,Olivia Lopez,1985-06-02,ded0ae365245,high,verified,CN,2020-04-23 00:00:00,CUSTOMER_ONBOARDING_SVC
CUST002791,Riya Wilson,1985-03-05,75c4f4b99af9,medium,pending,AU,2025-06-08 00:00:00,CUSTOMER_ONBOARDING_SVC
CUST002792,Ivan Patel,1956-09-06,0cdf4b333b13,low,verified,CA,2022-01-21 00:00:00,CUSTOMER_ONBOARDING_SVC
CUST002793,Olivia Mehta,2003-03-07,9ab880b54401,high,pending,DE,2023-04-13 00:00:00,CUSTOMER_ONBOARDING_SVC
CUST002794,Meera Ivanov,1978-10-31,22231d8f04f0,low,pending,IN,2024-11-13 00:00:00,CUSTOMER_ONBOARDING_SVC
CUST002795,Ethan Nair,1996-08-11,2643b03d77ab,low,verified,SG,2023-03-27 00:00:00,CUSTOMER_ONBOARDING_SVC
CUST002796,Lucia Chen,1980-10-24,b28e736d11df,low,verified,AE,2024-11-22 00:00:00,CUSTOMER_ONBOARDING_SVC
CUST002797,Wei Gupta,1986-08-13,3f7b9eb2ff44,medium,expired,CN,2022-02-05 00:00:00,CUSTOMER_ONBOARDING_SVC
CUST002798,Yuki Johnson,1990-04-21,0eab0c1a7f69,low,verified,US,2023-12-28 00:00:00,CUSTOMER_ONBOARDING_SVC
CUST002799,Meera Anderson,1988-06-14,c7ca4bcd52fa,medium,verified,SG,2021-12-02 00:00:00,CUSTOMER_ONBOARDING_SVC
CUST002800,Ethan Tanaka,1982-01-15,36237e267429,low,expired,RU,2023-06-22 00:00:00,CUSTOMER_ONBOARDING_SVC
CUST002801,Omar Smith,1965-07-19,eada3482a836,medium,verified,AU,2020-03-03 00:00:00,CUSTOMER_ONBOARDING_SVC
CUST002802,Olivia Chen,1981-12-19,4f53960c879f,medium,verified,IN,2018-03-16 00:00:00,CUSTOMER_ONBOARDING_SVC
CUST002803,Karan Smith,1998-11-19,2d102d2c15c0,high,verified,CA,2026-01-29 00:00:00,CUSTOMER_ONBOARDING_SVC
CUST002804,Ava Patel,1974-06-12,03213c7885e5,low,verified,NG,2023-08-08 00:00:00,CUSTOMER_ONBOARDING_SVC
CUST002805,Chen Miller,1956-09-24,7cad82651193,medium,verified,US,2018-11-15 00:00:00,CUSTOMER_ONBOARDING_SVC
CUST002806,Diego Ivanov,1989-05-19,82d9919bac53,medium,verified,IN,2023-02-28 00:00:00,CUSTOMER_ONBOARDING_SVC
CUST002807,Omar Brown,1963-10-12,c3ff6f5428ad,high,verified,SG,2022-06-18 00:00:00,CUSTOMER_ONBOARDING_SVC
CUST002808,Hassan Martinez,1994-12-09,7eb7f07fe2ec,high,verified,DE,2022-07-04 00:00:00,CUSTOMER_ONBOARDING_SVC
CUST002809,Sophia Khan,2002-04-18,0deca3fcbc5d,medium,verified,SG,2024-08-31 00:00:00,CUSTOMER_ONBOARDING_SVC
CUST002810,Emma Singh,1975-09-05,def588b71501,low,verified,AE,2021-11-15 00:00:00,CUSTOMER_ONBOARDING_SVC
CUST002811,Olivia Reddy,1982-10-16,106e8370c3b2,low,pending,CA,2024-11-21 00:00:00,CUSTOMER_ONBOARDING_SVC
CUST002812,Elena Davis,1960-08-11,536b44cf6e58,low,expired,CA,2025-10-15 00:00:00,CUSTOMER_ONBOARDING_SVC
CUST002813,Aarav Khan,1995-12-08,7a4c2ff1ec14,high,verified,IN,2025-07-21 00:00:00,CUSTOMER_ONBOARDING_SVC
CUST002814,Meera Miller,2001-01-30,fc4100887ecd,low,verified,IN,2019-12-15 00:00:00,CUSTOMER_ONBOARDING_SVC
CUST002815,Ivan Smith,1967-09-11,635a82f770b6,medium,pending,US,2023-09-06 00:00:00,CUSTOMER_ONBOARDING_SVC
CUST002816,Arjun Nair,1961-10-11,892fbc0a4485,high,verified,CN,2020-12-16 00:00:00,CUSTOMER_ONBOARDING_SVC
CUST002817,Ivan Tanaka,2004-01-13,72638f16b8b1,low,verified,AU,2024-05-13 00:00:00,CUSTOMER_ONBOARDING_SVC
CUST002818,Noah Chen,1979-06-24,80b955317e06,low,verified,GB,2022-03-27 00:00:00,CUSTOMER_ONBOARDING_SVC
CUST002819,Vikram Kumar,1963-10-02,202f0679e033,medium,verified,NG,2025-09-17 00:00:00,CUSTOMER_ONBOARDING_SVC
CUST002820,Priya Khan,1967-12-15,eb8bf8a4a4bb,low,expired,SG,2018-08-26 00:00:00,CUSTOMER_ONBOARDING_SVC
CUST002821,Diego Ivanov,2001-01-08,51194f92224c,low,expired,DE,2021-05-17 00:00:00,CUSTOMER_ONBOARDING_SVC
CUST002822,Lucas Khan,1969-11-16,2b17c6f58946,low,verified,CN,2018-04-25 00:00:00,CUSTOMER_ONBOARDING_SVC
CUST002823,Sneha Kumar,1971-07-24,af2f85262d44,low,expired,US,2022-12-20 00:00:00,CUSTOMER_ONBOARDING_SVC
CUST002824,Mia Johnson,1998-04-28,2ec77a204b32,,expired,CA,2018-07-09 00:00:00,CUSTOMER_ONBOARDING_SVC
CUST002825,Layla Mehta,1988-11-03,fa09471094af,high,expired,CA,2019-08-15 00:00:00,CUSTOMER_ONBOARDING_SVC
CUST002826,Vikram Al-Sayed,1971-08-24,f651057dc23e,medium,verified,DE,2019-01-20 00:00:00,CUSTOMER_ONBOARDING_SVC
CUST002827,Sneha Khan,1964-03-28,0aa91af45f71,medium,expired,GB,2023-08-15 00:00:00,CUSTOMER_ONBOARDING_SVC
CUST002828,Olivia Al-Sayed,1990-12-10,b7754fb38464,medium,pending,SG,2020-11-17 00:00:00,CUSTOMER_ONBOARDING_SVC
CUST002829,Noah Zhang,1975-09-12,bf2d2aa0c718,high,verified,AU,2024-10-31 00:00:00,CUSTOMER_ONBOARDING_SVC
CUST002830,Elena Ivanov,1956-05-21,2c180ae4fc72,low,verified,CA,2020-07-28 00:00:00,CUSTOMER_ONBOARDING_SVC
CUST002831,Diego Khan,1966-01-26,fec7c66e80f1,low,verified,IN,2024-03-12 00:00:00,CUSTOMER_ONBOARDING_SVC
CUST002832,Ivan Miller,1955-12-20,d09cf8f8b630,low,verified,CA,2023-03-09 00:00:00,CUSTOMER_ONBOARDING_SVC
CUST002833,Mia Ivanov,1985-08-02,143560734d78,medium,verified,CN,2019-12-05 00:00:00,CUSTOMER_ONBOARDING_SVC
CUST002834,Priya Anderson,1995-11-12,e5458e97b574,,expired,NG,2022-02-11 00:00:00,CUSTOMER_ONBOARDING_SVC
CUST002835,Sophia Anderson,2000-03-03,427c07f03fd2,low,,AE,2021-05-05 00:00:00,CUSTOMER_ONBOARDING_SVC
CUST002836,Noah Singh,1982-12-12,65bae201c584,low,pending,CA,2021-10-16 00:00:00,CUSTOMER_ONBOARDING_SVC
CUST002837,Rohan Ivanov,1982-04-18,548f7678e09a,low,verified,US,2018-07-12 00:00:00,CUSTOMER_ONBOARDING_SVC
CUST002838,Fatima Al-Sayed,1998-04-05,c9fcd8590fc1,medium,verified,RU,2024-05-08 00:00:00,CUSTOMER_ONBOARDING_SVC
CUST002839,Karan Tanaka,1962-04-22,019bb20b7288,high,verified,CA,2023-06-14 00:00:00,CUSTOMER_ONBOARDING_SVC
CUST002840,Elena Johnson,1966-08-16,472c96df8d2a,,pending,US,2020-11-04 00:00:00,CUSTOMER_ONBOARDING_SVC
CUST002841,Nikhil Al-Sayed,2004-10-25,9f1eda0c0e80,low,verified,AU,2024-08-16 00:00:00,CUSTOMER_ONBOARDING_SVC
CUST002842,Lucia Miller,1996-09-12,12c77f8de46a,,verified,CA,2025-06-25 00:00:00,CUSTOMER_ONBOARDING_SVC
CUST002843,Ivan Zhang,1975-12-02,a501784668e0,high,pending,CA,2018-11-24 00:00:00,CUSTOMER_ONBOARDING_SVC
CUST002844,Mason Ivanov,1984-11-26,c9fe4e274f02,medium,verified,CA,2026-06-20 00:00:00,CUSTOMER_ONBOARDING_SVC
CUST002845,Emma Anderson,1982-03-24,6747fac7ec31,medium,verified,IN,2025-11-10 00:00:00,CUSTOMER_ONBOARDING_SVC
CUST002846,Ava Johnson,1998-05-23,9b58bbc62f94,medium,expired,CN,2018-07-30 00:00:00,CUSTOMER_ONBOARDING_SVC
CUST002847,Olivia Tanaka,1965-07-12,1fda1dc23326,low,verified,DE,2019-03-07 00:00:00,CUSTOMER_ONBOARDING_SVC
CUST002848,Diego Garcia,1986-07-01,35f3f07bcbf8,low,pending,GB,2022-09-10 00:00:00,CUSTOMER_ONBOARDING_SVC
CUST002849,Elena Nair,2000-06-23,9410980d4751,low,verified,GB,2021-10-15 00:00:00,CUSTOMER_ONBOARDING_SVC
CUST002850,Lucas Wilson,1992-05-25,7a684c670759,medium,pending,SG,2018-02-16 00:00:00,CUSTOMER_ONBOARDING_SVC
CUST002851,Mason Singh,2001-08-06,0b4523a10765,medium,expired,AE,2019-06-26 00:00:00,CUSTOMER_ONBOARDING_SVC
CUST002852,Lucia Chen,1988-08-09,887811926679,low,verified,RU,2023-04-03 00:00:00,CUSTOMER_ONBOARDING_SVC
CUST002853,Yuki Chen,1971-06-26,c923330c1a43,medium,verified,RU,2026-05-12 00:00:00,CUSTOMER_ONBOARDING_SVC
CUST002854,Ethan Kumar,2004-09-10,2e9265cde31b,medium,verified,CN,2024-09-11 00:00:00,CUSTOMER_ONBOARDING_SVC
CUST002855,Rohan Johnson,1969-09-16,8395dc351355,low,verified,AE,2020-08-07 00:00:00,CUSTOMER_ONBOARDING_SVC
CUST002856,James Smith,1957-01-09,cdc2478afbd1,high,verified,DE,2022-07-02 00:00:00,CUSTOMER_ONBOARDING_SVC
CUST002857,James Zhang,1955-03-17,a4c05ce19f4b,medium,verified,AE,2022-06-22 00:00:00,CUSTOMER_ONBOARDING_SVC
CUST002858,Noah Gupta,1982-05-30,a04ab3fd18e0,low,expired,RU,2019-01-06 00:00:00,CUSTOMER_ONBOARDING_SVC
CUST002859,Lucas Smith,2002-08-23,05f53295187f,low,verified,GB,2024-03-26 00:00:00,CUSTOMER_ONBOARDING_SVC
CUST002860,Ivan Al-Sayed,1955-11-18,fe9b9dfcc2e2,low,verified,NG,2020-11-14 00:00:00,CUSTOMER_ONBOARDING_SVC
CUST002861,Noah Mehta,1991-10-20,f27ecd11badf,low,verified,CA,2021-05-24 00:00:00,CUSTOMER_ONBOARDING_SVC
CUST002862,Amelia Anderson,1995-01-26,e0fff5ffa428,medium,verified,NG,2024-02-08 00:00:00,CUSTOMER_ONBOARDING_SVC
CUST002863,Rohan Kumar,1961-09-28,c749ac55b46f,low,verified,AE,2023-05-23 00:00:00,CUSTOMER_ONBOARDING_SVC
CUST002864,Mason Nair,1966-10-26,6bd299c89d81,medium,expired,RU,2024-01-21 00:00:00,CUSTOMER_ONBOARDING_SVC
CUST002865,Aditya Zhang,1977-07-28,f988e790ab51,low,expired,US,2019-10-08 00:00:00,CUSTOMER_ONBOARDING_SVC
CUST002866,Elena Miller,1981-12-14,e1e1707edd4c,medium,verified,GB,2019-04-16 00:00:00,CUSTOMER_ONBOARDING_SVC
CUST002867,Wei Sharma,1984-01-31,f602b2e9e29f,high,verified,IN,2018-11-18 00:00:00,CUSTOMER_ONBOARDING_SVC
CUST002868,Priya Gupta,1969-04-14,2d0dfb3c1295,high,verified,AU,2026-03-12 00:00:00,CUSTOMER_ONBOARDING_SVC
CUST002869,Emma Singh,1979-09-17,64b0a13f4fc2,medium,expired,DE,2023-12-11 00:00:00,CUSTOMER_ONBOARDING_SVC
CUST002870,Emma Miller,1966-10-22,b75b1af1b154,low,verified,DE,2023-03-26 00:00:00,CUSTOMER_ONBOARDING_SVC
CUST002871,Diego Smith,1970-04-29,57a969634774,low,pending,GB,2018-07-28 00:00:00,CUSTOMER_ONBOARDING_SVC
CUST002872,Layla Nair,1956-03-14,019d51d3bead,low,expired,AE,2024-06-04 00:00:00,CUSTOMER_ONBOARDING_SVC
CUST002873,Mia Anderson,1955-12-09,3c1ee40dd4d4,low,verified,AU,2022-10-12 00:00:00,CUSTOMER_ONBOARDING_SVC
CUST002874,Arjun Miller,1961-10-09,1bf643f94e4c,high,expired,CA,2021-01-02 00:00:00,CUSTOMER_ONBOARDING_SVC
CUST002875,Karan Garcia,1964-08-02,96d2d65ae816,medium,pending,IN,2024-05-05 00:00:00,CUSTOMER_ONBOARDING_SVC
CUST002876,Mei Gupta,1961-08-09,7135cd6cc659,low,verified,SG,2024-05-29 00:00:00,CUSTOMER_ONBOARDING_SVC
CUST002877,Arjun Mehta,1968-05-27,f262d233144f,medium,verified,AE,2024-05-03 00:00:00,CUSTOMER_ONBOARDING_SVC
CUST002878,Ivan Brown,1969-06-28,2d83f6a1537b,low,verified,NG,2024-08-27 00:00:00,CUSTOMER_ONBOARDING_SVC
CUST002879,Divya Singh,1973-12-06,00703c493581,high,pending,DE,2024-10-11 00:00:00,CUSTOMER_ONBOARDING_SVC
CUST002880,Lucia Brown,1982-02-27,f6afc582a175,low,verified,CA,2025-10-21 00:00:00,CUSTOMER_ONBOARDING_SVC
CUST002881,Ivan Davis,1989-08-01,022fca5af9f5,low,expired,CN,2019-06-18 00:00:00,CUSTOMER_ONBOARDING_SVC
CUST002882,Olivia Al-Sayed,1997-02-24,9f163887a5e5,medium,verified,RU,2026-02-28 00:00:00,CUSTOMER_ONBOARDING_SVC
CUST002883,Rohan Smith,1972-02-28,f95881e3ce46,low,verified,GB,2025-02-15 00:00:00,CUSTOMER_ONBOARDING_SVC
CUST002884,Omar Tanaka,1988-10-07,46f24e414438,medium,verified,CN,2022-01-22 00:00:00,CUSTOMER_ONBOARDING_SVC
CUST002885,Omar Khan,1958-11-10,489b0fd8ea9c,medium,expired,AU,2019-10-04 00:00:00,CUSTOMER_ONBOARDING_SVC
CUST002886,Priya Al-Sayed,1966-03-31,da6155d1508c,medium,expired,GB,2021-04-15 00:00:00,CUSTOMER_ONBOARDING_SVC
CUST002887,Elena Johnson,1960-11-26,e72abe142b17,high,verified,IN,2022-09-13 00:00:00,CUSTOMER_ONBOARDING_SVC
CUST002888,Mia Miller,1966-04-18,8774ed6479bd,low,expired,CN,2022-02-08 00:00:00,CUSTOMER_ONBOARDING_SVC
CUST002889,Sneha Lopez,1979-01-30,cd9b44bdaad0,low,verified,US,2025-01-22 00:00:00,CUSTOMER_ONBOARDING_SVC
CUST002890,Divya Chen,1971-05-09,86b32f993a7a,low,verified,CN,2022-06-11 00:00:00,CUSTOMER_ONBOARDING_SVC
CUST002891,Aarav Sharma,1960-11-25,d711b03655f0,low,verified,AU,2023-11-07 00:00:00,CUSTOMER_ONBOARDING_SVC
CUST002892,Omar Ivanov,1995-03-24,ce55780dc1fa,low,verified,GB,2021-06-08 00:00:00,CUSTOMER_ONBOARDING_SVC
CUST002893,Noah Lopez,1992-04-09,00d0a74fc1b1,medium,pending,DE,2025-10-11 00:00:00,CUSTOMER_ONBOARDING_SVC
CUST002894,Priya Reddy,1993-09-10,43581eadfd77,high,verified,CN,2019-11-01 00:00:00,CUSTOMER_ONBOARDING_SVC
CUST002895,Aditya Gupta,2005-06-27,140fa3645a08,medium,verified,RU,2018-03-07 00:00:00,CUSTOMER_ONBOARDING_SVC
CUST002896,Mason Singh,1982-12-20,4b5a481fce4c,low,pending,AU,2021-05-18 00:00:00,CUSTOMER_ONBOARDING_SVC
CUST002897,James Khan,1980-06-28,ba8bb1ff9b6e,high,verified,IN,2019-12-23 00:00:00,CUSTOMER_ONBOARDING_SVC
CUST002898,Sneha Ivanov,1994-09-25,e0af41e27585,low,expired,DE,2022-01-29 00:00:00,CUSTOMER_ONBOARDING_SVC
CUST002899,Mia Martinez,1979-11-13,858781eddd1d,low,expired,IN,2021-08-01 00:00:00,CUSTOMER_ONBOARDING_SVC
CUST002900,Wei Anderson,1984-12-30,c39a58dcc875,low,verified,AE,2023-02-14 00:00:00,CUSTOMER_ONBOARDING_SVC
CUST002901,Priya Tanaka,1979-11-15,db40ed4b15c5,low,verified,AE,2021-10-26 00:00:00,CUSTOMER_ONBOARDING_SVC
CUST002902,Isha Gupta,1997-09-03,75e9eb487cff,low,expired,GB,2020-11-04 00:00:00,CUSTOMER_ONBOARDING_SVC
CUST002903,Riya Mehta,1959-01-08,6bda98596d7c,low,pending,SG,2021-08-20 00:00:00,CUSTOMER_ONBOARDING_SVC
CUST002904,Priya Tanaka,1987-10-21,da31bc671a39,low,expired,US,2021-12-31 00:00:00,CUSTOMER_ONBOARDING_SVC
CUST002905,Sneha Smith,1968-08-30,8b276f073554,high,verified,CN,2025-04-06 00:00:00,CUSTOMER_ONBOARDING_SVC
CUST002906,Rohan Garcia,1962-11-10,cc8137d3ba74,low,verified,SG,2019-06-24 00:00:00,CUSTOMER_ONBOARDING_SVC
CUST002907,Vikram Martinez,1977-05-19,116fc849453c,low,verified,US,2026-03-21 00:00:00,CUSTOMER_ONBOARDING_SVC
CUST002908,James Singh,1997-03-16,c793f6faf5cf,low,pending,RU,2019-03-27 00:00:00,CUSTOMER_ONBOARDING_SVC
CUST002909,Mia Davis,1970-08-01,364de6e03c32,high,verified,AE,2023-10-11 00:00:00,CUSTOMER_ONBOARDING_SVC
CUST002910,Divya Ivanov,1967-01-13,2dc60e8fb90e,high,expired,DE,2018-11-01 00:00:00,CUSTOMER_ONBOARDING_SVC
CUST002911,Arjun Sharma,1996-02-09,9bf400987f1b,low,verified,IN,2022-11-21 00:00:00,CUSTOMER_ONBOARDING_SVC
CUST002912,Lucas Wilson,1992-09-06,9b8f7852a8b9,medium,pending,SG,2024-09-05 00:00:00,CUSTOMER_ONBOARDING_SVC
CUST002913,Amelia Sharma,1958-10-09,b6a246b53b99,medium,verified,NG,2026-05-11 00:00:00,CUSTOMER_ONBOARDING_SVC
CUST002914,Karan Patel,1968-05-07,1c5f13e3bf93,medium,expired,AE,2023-06-12 00:00:00,CUSTOMER_ONBOARDING_SVC
CUST002915,Mia Khan,1989-08-14,7cec4408d4d6,medium,expired,US,2020-09-22 00:00:00,CUSTOMER_ONBOARDING_SVC
CUST002916,Ethan Singh,1986-09-09,44f41d052212,medium,verified,NG,2022-09-19 00:00:00,CUSTOMER_ONBOARDING_SVC
CUST002917,Mia Anderson,1969-05-20,bc93b04daa41,medium,,NG,2022-04-07 00:00:00,CUSTOMER_ONBOARDING_SVC
CUST002918,Rohan Sharma,2004-09-12,b22c3a8e6d84,high,verified,AU,2019-04-05 00:00:00,CUSTOMER_ONBOARDING_SVC
CUST002919,Liam Sharma,2001-04-09,2ac0aea45dcc,high,verified,CA,2020-07-03 00:00:00,CUSTOMER_ONBOARDING_SVC
CUST002920,Omar Lopez,1988-04-21,39f0f26c4c82,high,verified,RU,2019-02-27 00:00:00,CUSTOMER_ONBOARDING_SVC
CUST002921,Ananya Smith,1998-02-19,1009cc974088,medium,verified,DE,2020-12-15 00:00:00,CUSTOMER_ONBOARDING_SVC
CUST002922,Sophia Singh,1985-04-16,d8ee15ebb851,low,verified,NG,2023-07-06 00:00:00,CUSTOMER_ONBOARDING_SVC
CUST002923,Sophia Miller,1982-03-30,56e61ee73444,low,expired,AE,2020-10-16 00:00:00,CUSTOMER_ONBOARDING_SVC
CUST002924,Meera Sharma,1967-01-31,0feba937a30b,medium,verified,IN,2021-12-02 00:00:00,CUSTOMER_ONBOARDING_SVC
CUST002925,Wei Tanaka,1956-08-26,df2979433112,low,verified,AE,2025-08-05 00:00:00,CUSTOMER_ONBOARDING_SVC
CUST002926,Rohan Davis,1988-04-19,f6c75cc63c2c,medium,,US,2021-03-05 00:00:00,CUSTOMER_ONBOARDING_SVC
CUST002927,Sneha Gupta,1981-01-09,330317e1552b,low,verified,SG,2021-10-12 00:00:00,CUSTOMER_ONBOARDING_SVC
CUST002928,Fatima Ivanov,2005-07-24,3ea1db9b6271,medium,verified,IN,2024-07-28 00:00:00,CUSTOMER_ONBOARDING_SVC
CUST002929,Fatima Tanaka,1982-10-19,eaf9f0ec096c,low,pending,CN,2022-03-27 00:00:00,CUSTOMER_ONBOARDING_SVC
CUST002930,Omar Mehta,1960-05-01,dd260cba07c8,low,expired,AU,2018-04-23 00:00:00,CUSTOMER_ONBOARDING_SVC
CUST002931,Nikhil Sharma,1979-12-09,e2c4c2962171,medium,expired,CA,2019-03-12 00:00:00,CUSTOMER_ONBOARDING_SVC
CUST002932,Lucas Gupta,1999-07-19,b905dc29c9de,low,verified,NG,2025-10-10 00:00:00,CUSTOMER_ONBOARDING_SVC
CUST002933,Meera Chen,1991-04-07,f429749492ac,low,verified,SG,2018-08-17 00:00:00,CUSTOMER_ONBOARDING_SVC
CUST002934,Rahul Garcia,1996-12-29,38c2c99f39ca,low,verified,DE,2023-01-24 00:00:00,CUSTOMER_ONBOARDING_SVC
CUST002935,James Kumar,1969-11-22,4b65d43f9ca7,low,verified,NG,2023-09-08 00:00:00,CUSTOMER_ONBOARDING_SVC
CUST002936,Divya Reddy,1966-05-27,96d95aaa998b,medium,expired,AE,2023-06-22 00:00:00,CUSTOMER_ONBOARDING_SVC
CUST002937,Hassan Miller,1992-05-06,9a5a4c7ceb82,low,verified,AE,2018-12-06 00:00:00,CUSTOMER_ONBOARDING_SVC
CUST002938,Liam Johnson,1968-12-06,153d24189efe,low,verified,GB,2018-03-02 00:00:00,CUSTOMER_ONBOARDING_SVC
CUST002939,Layla Miller,1961-04-29,dc6fc5d6fbab,medium,verified,AE,2020-09-27 00:00:00,CUSTOMER_ONBOARDING_SVC
CUST002940,Divya Anderson,1968-09-06,5259addf3453,high,pending,IN,2022-04-07 00:00:00,CUSTOMER_ONBOARDING_SVC
CUST002941,Chen Mehta,1991-09-03,69e0efbb1bd6,,verified,AU,2018-01-27 00:00:00,CUSTOMER_ONBOARDING_SVC
CUST002942,Fatima Martinez,1964-02-23,aeb467ca94ff,medium,verified,US,2024-07-04 00:00:00,CUSTOMER_ONBOARDING_SVC
CUST002943,Chen Gupta,1998-08-14,9f3d2a675b0d,medium,expired,GB,2022-08-04 00:00:00,CUSTOMER_ONBOARDING_SVC
CUST002944,James Singh,1963-05-14,8dc0c24e7cc2,low,expired,GB,2020-03-22 00:00:00,CUSTOMER_ONBOARDING_SVC
CUST002945,Karan Johnson,1985-08-31,15188dc8c2ef,high,verified,IN,2018-12-18 00:00:00,CUSTOMER_ONBOARDING_SVC
CUST002946,Aarav Johnson,1995-05-30,e38572a62d48,medium,verified,GB,2018-06-07 00:00:00,CUSTOMER_ONBOARDING_SVC
CUST002947,Lucas Chen,1981-07-19,20977f02d95b,medium,pending,US,2025-05-29 00:00:00,CUSTOMER_ONBOARDING_SVC
CUST002948,Ethan Miller,1983-03-27,7658effa4a75,low,verified,GB,2023-04-25 00:00:00,CUSTOMER_ONBOARDING_SVC
CUST002949,Sneha Chen,1957-06-14,3dac3cb3588c,low,pending,GB,2020-06-30 00:00:00,CUSTOMER_ONBOARDING_SVC
CUST002950,Omar Chen,1975-08-09,ff57ef23c1ee,medium,verified,IN,2020-10-08 00:00:00,CUSTOMER_ONBOARDING_SVC
CUST002951,Ananya Reddy,1991-04-17,49fce7025b6f,low,,AU,2021-05-15 00:00:00,CUSTOMER_ONBOARDING_SVC
CUST002952,Diego Garcia,1960-11-11,adee2b4c958d,high,expired,AE,2025-11-18 00:00:00,CUSTOMER_ONBOARDING_SVC
CUST002953,Rahul Singh,2002-11-22,dcd412eea01f,medium,verified,IN,2024-10-04 00:00:00,CUSTOMER_ONBOARDING_SVC
CUST002954,Rahul Miller,1956-11-29,d66d101d312a,low,pending,GB,2018-09-09 00:00:00,CUSTOMER_ONBOARDING_SVC
CUST002955,Hassan Miller,2001-07-18,8bad66579d2b,low,expired,AU,2024-08-17 00:00:00,CUSTOMER_ONBOARDING_SVC
CUST002956,Mia Kumar,1959-10-21,a8512c5119fd,medium,verified,IN,2023-02-11 00:00:00,CUSTOMER_ONBOARDING_SVC
CUST002957,Nikhil Al-Sayed,1983-02-05,599b20d7f8a6,low,expired,CA,2024-06-09 00:00:00,CUSTOMER_ONBOARDING_SVC
CUST002958,Omar Kumar,1961-08-18,3f0e3911d8f4,low,expired,US,2022-12-17 00:00:00,CUSTOMER_ONBOARDING_SVC
CUST002959,Mei Sharma,1963-04-30,a35fdec72926,low,verified,CN,2021-01-02 00:00:00,CUSTOMER_ONBOARDING_SVC
CUST002960,Amelia Chen,1975-05-29,c011c40d1543,low,expired,GB,2020-08-09 00:00:00,CUSTOMER_ONBOARDING_SVC
CUST002961,Ava Garcia,1975-07-12,0f7cd3fb2371,low,pending,CN,2024-05-13 00:00:00,CUSTOMER_ONBOARDING_SVC
CUST002962,Riya Sharma,1982-11-29,1ac54902a2ab,high,expired,IN,2024-12-03 00:00:00,CUSTOMER_ONBOARDING_SVC
CUST002963,Lucas Zhang,1997-11-06,f0cab1abe7dc,medium,verified,US,2025-04-06 00:00:00,CUSTOMER_ONBOARDING_SVC
CUST002964,Amelia Zhang,1979-07-01,f5e48ee294eb,medium,verified,CN,2023-09-06 00:00:00,CUSTOMER_ONBOARDING_SVC
CUST002965,Ethan Wilson,1984-07-26,400795110f0b,low,expired,DE,2025-06-01 00:00:00,CUSTOMER_ONBOARDING_SVC
CUST002966,Ananya Smith,1976-08-29,7c1b0957f0dd,medium,verified,US,2021-01-25 00:00:00,CUSTOMER_ONBOARDING_SVC
CUST002967,Diego Patel,1955-07-12,b9074ed398bb,low,expired,DE,2022-02-05 00:00:00,CUSTOMER_ONBOARDING_SVC
CUST002968,Chen Gupta,1965-11-23,99374cb356f7,,verified,US,2022-05-11 00:00:00,CUSTOMER_ONBOARDING_SVC
CUST002969,Sophia Smith,1982-02-12,30ce5821cebe,low,expired,DE,2022-06-30 00:00:00,CUSTOMER_ONBOARDING_SVC
CUST002970,Noah Garcia,1955-06-10,c6c8febbdeba,medium,verified,CA,2020-08-03 00:00:00,CUSTOMER_ONBOARDING_SVC
CUST002971,Layla Miller,1968-07-16,25bf0b5a0526,low,verified,DE,2022-01-23 00:00:00,CUSTOMER_ONBOARDING_SVC
CUST002972,Isha Miller,1955-08-21,1ca4b191a68d,high,verified,IN,2018-07-16 00:00:00,CUSTOMER_ONBOARDING_SVC
CUST002973,Sneha Singh,1993-01-18,316841e005dc,medium,verified,SG,2018-10-30 00:00:00,CUSTOMER_ONBOARDING_SVC
CUST002974,Mei Al-Sayed,1962-05-07,f4f1571806e2,,verified,NG,2019-07-25 00:00:00,CUSTOMER_ONBOARDING_SVC
CUST002975,Aditya Wilson,1988-09-07,fa2268908381,medium,verified,GB,2024-06-04 00:00:00,CUSTOMER_ONBOARDING_SVC
CUST002976,Hassan Miller,1966-06-21,bdf1ec20b187,high,verified,CA,2020-03-16 00:00:00,CUSTOMER_ONBOARDING_SVC
CUST002977,Lucia Al-Sayed,1992-01-10,f0cae980930e,low,pending,AE,2022-01-26 00:00:00,CUSTOMER_ONBOARDING_SVC
CUST002978,Omar Anderson,1967-07-14,6bfae8188465,medium,verified,CN,2018-03-27 00:00:00,CUSTOMER_ONBOARDING_SVC
CUST002979,Divya Tanaka,1960-08-30,06b3f007a53e,high,verified,DE,2025-02-26 00:00:00,CUSTOMER_ONBOARDING_SVC
CUST002980,Amelia Lopez,1992-12-31,dc502a796f5f,low,verified,AE,2023-09-07 00:00:00,CUSTOMER_ONBOARDING_SVC
CUST002981,Amelia Smith,1976-11-15,0e3c16164627,low,expired,IN,2019-08-27 00:00:00,CUSTOMER_ONBOARDING_SVC
CUST002982,Ava Gupta,1968-05-20,5ef0f9d3a9ae,medium,pending,NG,2025-02-14 00:00:00,CUSTOMER_ONBOARDING_SVC
CUST002983,Ivan Smith,2005-12-05,f983aad10628,low,verified,RU,2021-08-07 00:00:00,CUSTOMER_ONBOARDING_SVC
CUST002984,Olivia Khan,1979-12-24,11c9309a5ca8,high,pending,NG,2020-10-14 00:00:00,CUSTOMER_ONBOARDING_SVC
CUST002985,Divya Singh,1974-12-19,3604aa0ff306,low,pending,GB,2020-06-23 00:00:00,CUSTOMER_ONBOARDING_SVC
CUST002986,Yuki Tanaka,1984-12-16,766aabd743a4,high,verified,US,2021-07-23 00:00:00,CUSTOMER_ONBOARDING_SVC
CUST002987,Lucas Zhang,1998-03-13,e15bde21b0db,medium,expired,CN,2023-12-14 00:00:00,CUSTOMER_ONBOARDING_SVC
CUST002988,Priya Zhang,1990-01-02,b92d6c0bc9e6,medium,verified,GB,2020-08-22 00:00:00,CUSTOMER_ONBOARDING_SVC
CUST002989,Priya Nair,1972-01-26,e26a217d95da,medium,verified,CN,2021-08-20 00:00:00,CUSTOMER_ONBOARDING_SVC
CUST002990,Mei Martinez,1998-12-07,c78b7c97c0ab,low,pending,RU,2023-04-03 00:00:00,CUSTOMER_ONBOARDING_SVC
CUST002991,Yuki Martinez,1986-01-24,f9ad8beeae45,medium,verified,SG,2018-10-04 00:00:00,CUSTOMER_ONBOARDING_SVC
CUST002992,Wei Khan,1990-02-15,2fa7b6429340,low,verified,AE,2023-02-11 00:00:00,CUSTOMER_ONBOARDING_SVC
CUST002993,Lucia Davis,1964-04-11,ab961417c13f,low,expired,US,2019-10-19 00:00:00,CUSTOMER_ONBOARDING_SVC
CUST002994,Aarav Anderson,1987-06-07,cdb4d0e609c2,low,verified,IN,2022-06-18 00:00:00,CUSTOMER_ONBOARDING_SVC
CUST002995,James Al-Sayed,1967-07-02,3006bd12a33c,medium,verified,NG,2023-09-26 00:00:00,CUSTOMER_ONBOARDING_SVC
CUST002996,Wei Khan,2002-01-29,dda7084ce694,low,verified,NG,2020-04-10 00:00:00,CUSTOMER_ONBOARDING_SVC
CUST002997,Liam Anderson,1968-05-25,4249c582a558,low,pending,SG,2020-01-24 00:00:00,CUSTOMER_ONBOARDING_SVC
CUST002998,Liam Gupta,1997-02-28,c37243b5f186,high,verified,NG,2020-11-03 00:00:00,CUSTOMER_ONBOARDING_SVC
CUST002999,Pooja Al-Sayed,1984-04-08,d169212f6c9e,low,expired,DE,2018-09-29 00:00:00,CUSTOMER_ONBOARDING_SVC
CUST003000,Priya Sharma,1962-03-31,a932b95f3b86,medium,verified,SG,2018-05-13 00:00:00,CUSTOMER_ONBOARDING_SVC
CUST003001,Arjun Davis,1973-08-29,a948a0bd3bb8,low,,CN,2025-09-27 00:00:00,CUSTOMER_ONBOARDING_SVC
CUST003002,Noah Patel,2002-06-15,205231d46d79,low,verified,CN,2020-08-03 00:00:00,CUSTOMER_ONBOARDING_SVC
CUST003003,Aditya Chen,1973-05-13,76bc0341ca67,low,pending,SG,2024-06-10 00:00:00,CUSTOMER_ONBOARDING_SVC
CUST003004,Chen Kumar,1990-07-25,d3d021df64b3,low,pending,DE,2020-06-24 00:00:00,CUSTOMER_ONBOARDING_SVC
CUST003005,Wei Ivanov,1982-05-31,22ff95c8a808,low,verified,AU,2018-02-07 00:00:00,CUSTOMER_ONBOARDING_SVC
CUST003006,Priya Miller,1994-02-08,8f18c6483434,low,expired,US,2022-05-21 00:00:00,CUSTOMER_ONBOARDING_SVC
CUST003007,Ava Anderson,1963-12-16,083b5e25c9a8,high,verified,IN,2021-09-10 00:00:00,CUSTOMER_ONBOARDING_SVC
CUST003008,Rohan Wilson,1966-08-17,6b4c284de185,low,verified,IN,2021-04-26 00:00:00,CUSTOMER_ONBOARDING_SVC
CUST003009,Mason Lopez,1992-04-17,3df11dd5790b,high,verified,RU,2019-02-09 00:00:00,CUSTOMER_ONBOARDING_SVC
CUST003010,Riya Zhang,1966-12-12,6b5d65bc39fb,medium,verified,CN,2025-05-30 00:00:00,CUSTOMER_ONBOARDING_SVC
CUST003011,Diego Al-Sayed,1976-01-31,eb3a9d35c121,low,verified,GB,2021-12-03 00:00:00,CUSTOMER_ONBOARDING_SVC
CUST003012,Isha Brown,1972-10-21,5241db756dd9,low,verified,AU,2024-09-06 00:00:00,CUSTOMER_ONBOARDING_SVC
CUST003013,Noah Brown,1994-01-23,237fc1d3cb2b,medium,pending,NG,2020-01-14 00:00:00,CUSTOMER_ONBOARDING_SVC
CUST003014,Ananya Chen,2002-09-07,a9b4f50485ca,,verified,GB,2024-08-03 00:00:00,CUSTOMER_ONBOARDING_SVC
CUST003015,Fatima Sharma,1997-03-31,885142dbda55,medium,pending,RU,2019-04-28 00:00:00,CUSTOMER_ONBOARDING_SVC
CUST003016,Arjun Reddy,1974-10-03,942587028d22,high,verified,RU,2022-02-16 00:00:00,CUSTOMER_ONBOARDING_SVC
CUST003017,Isha Patel,1986-08-20,abad7f1be287,medium,pending,SG,2024-04-27 00:00:00,CUSTOMER_ONBOARDING_SVC
CUST003018,Karan Khan,1995-04-20,1b92648035ca,,verified,AE,2024-08-23 00:00:00,CUSTOMER_ONBOARDING_SVC
CUST003019,Meera Chen,1984-03-03,700a4bdb49ce,low,,GB,2025-08-28 00:00:00,CUSTOMER_ONBOARDING_SVC
CUST003020,Ethan Wilson,1996-09-11,5e6c27f78f17,low,verified,RU,2018-06-09 00:00:00,CUSTOMER_ONBOARDING_SVC
CUST003021,Aditya Miller,1988-09-23,8424d71a41dd,low,expired,NG,2018-09-06 00:00:00,CUSTOMER_ONBOARDING_SVC
CUST003022,Fatima Al-Sayed,2001-04-24,b2997e50ef61,,verified,RU,2024-07-31 00:00:00,CUSTOMER_ONBOARDING_SVC
CUST003023,Karan Ivanov,1977-02-08,7b69abfecc17,medium,expired,US,2026-03-12 00:00:00,CUSTOMER_ONBOARDING_SVC
CUST003024,Arjun Chen,1984-06-16,4da953a38e58,medium,verified,US,2025-10-21 00:00:00,CUSTOMER_ONBOARDING_SVC
CUST003025,Yuki Ivanov,2001-07-26,892b4d5fad14,low,verified,NG,2025-08-03 00:00:00,CUSTOMER_ONBOARDING_SVC
CUST003026,Mei Wilson,2000-12-24,7883a3e0e3f3,low,expired,DE,2025-04-24 00:00:00,CUSTOMER_ONBOARDING_SVC
CUST003027,Mia Zhang,1959-08-04,f6b7c38979a7,medium,verified,AE,2025-12-25 00:00:00,CUSTOMER_ONBOARDING_SVC
CUST003028,Ivan Lopez,1981-08-30,a81ab4086ad1,low,pending,AU,2021-02-07 00:00:00,CUSTOMER_ONBOARDING_SVC
CUST003029,Emma Kumar,1995-07-17,10e8beeff7a1,medium,verified,IN,2022-07-09 00:00:00,CUSTOMER_ONBOARDING_SVC
CUST003030,Liam Al-Sayed,1981-09-16,0f9ae5fe1fa0,low,expired,AE,2023-01-26 00:00:00,CUSTOMER_ONBOARDING_SVC
CUST003031,Riya Brown,2001-03-28,ee08990caa8a,medium,expired,RU,2020-05-07 00:00:00,CUSTOMER_ONBOARDING_SVC
CUST003032,Sneha Chen,1993-07-03,6f589c917e89,medium,verified,RU,2022-01-30 00:00:00,CUSTOMER_ONBOARDING_SVC
CUST003033,Mason Khan,1961-06-18,58d40e3cec60,medium,expired,NG,2022-03-30 00:00:00,CUSTOMER_ONBOARDING_SVC
CUST003034,Yuki Zhang,1960-02-04,0ee7c168d97a,high,verified,AE,2022-12-19 00:00:00,CUSTOMER_ONBOARDING_SVC
CUST003035,Aditya Brown,1957-04-16,6919c67e5b87,high,verified,AU,2025-03-14 00:00:00,CUSTOMER_ONBOARDING_SVC
CUST003036,Aditya Nair,1983-11-06,56e0877faf99,low,verified,NG,2021-03-03 00:00:00,CUSTOMER_ONBOARDING_SVC
CUST003037,Hassan Brown,1958-11-17,9cef5afdd71d,low,verified,AU,2026-03-02 00:00:00,CUSTOMER_ONBOARDING_SVC
CUST003038,Mia Brown,1969-03-25,6021955cf4f8,low,verified,AE,2023-02-22 00:00:00,CUSTOMER_ONBOARDING_SVC
CUST003039,Diego Gupta,1959-10-24,e3c18db3f843,low,verified,GB,2020-02-11 00:00:00,CUSTOMER_ONBOARDING_SVC
CUST003040,Mei Brown,1976-10-20,75b0e0267793,low,verified,IN,2025-12-19 00:00:00,CUSTOMER_ONBOARDING_SVC
CUST003041,Meera Patel,1991-11-18,d05ac3db6b67,medium,verified,IN,2019-04-11 00:00:00,CUSTOMER_ONBOARDING_SVC
CUST003042,Sophia Martinez,1997-03-05,4d55d508983a,low,verified,GB,2022-05-24 00:00:00,CUSTOMER_ONBOARDING_SVC
CUST003043,Meera Tanaka,1956-04-12,ee50859fbd79,low,verified,AU,2022-09-11 00:00:00,CUSTOMER_ONBOARDING_SVC
CUST003044,Meera Anderson,1976-04-01,9e50f0b1f1b5,high,verified,AU,2025-05-11 00:00:00,CUSTOMER_ONBOARDING_SVC
CUST003045,Riya Khan,1978-01-10,e4ab5658bfd1,low,verified,IN,2022-02-28 00:00:00,CUSTOMER_ONBOARDING_SVC
CUST003046,Mason Nair,1993-06-17,a664ded61f1e,medium,pending,SG,2018-01-28 00:00:00,CUSTOMER_ONBOARDING_SVC
CUST003047,Pooja Mehta,1967-04-13,e09c01224fad,medium,verified,AU,2023-06-23 00:00:00,CUSTOMER_ONBOARDING_SVC
CUST003048,Rahul Sharma,1970-12-18,96fb7440be7f,high,verified,NG,2025-10-14 00:00:00,CUSTOMER_ONBOARDING_SVC
CUST003049,Meera Davis,1956-07-23,e89e949376ea,high,verified,RU,2020-01-23 00:00:00,CUSTOMER_ONBOARDING_SVC
CUST003050,Priya Miller,1996-01-30,6a6fdd82ffa1,low,pending,US,2024-10-16 00:00:00,CUSTOMER_ONBOARDING_SVC
CUST003051,Ava Khan,1970-06-28,58c786695729,low,verified,US,2018-06-08 00:00:00,CUSTOMER_ONBOARDING_SVC
CUST003052,Amelia Lopez,1969-09-04,32bd75d68531,medium,verified,CA,2019-04-15 00:00:00,CUSTOMER_ONBOARDING_SVC
CUST003053,Nikhil Martinez,1961-07-05,7be4dcf46a79,medium,verified,AU,2026-04-22 00:00:00,CUSTOMER_ONBOARDING_SVC
CUST003054,Aarav Brown,1957-03-26,985c49b4bfcd,low,verified,AE,2023-05-22 00:00:00,CUSTOMER_ONBOARDING_SVC
CUST003055,Arjun Gupta,1975-12-02,f2e6a18fc79e,medium,pending,NG,2025-04-26 00:00:00,CUSTOMER_ONBOARDING_SVC
CUST003056,Mei Anderson,1999-01-18,e0573ce54aac,medium,expired,SG,2026-03-31 00:00:00,CUSTOMER_ONBOARDING_SVC
CUST003057,Sneha Miller,1968-07-09,7801e0a74c00,high,expired,AE,2019-10-13 00:00:00,CUSTOMER_ONBOARDING_SVC
CUST003058,Rohan Davis,2004-08-25,5c24c44b0129,low,verified,RU,2018-08-06 00:00:00,CUSTOMER_ONBOARDING_SVC
CUST003059,Emma Tanaka,1956-03-06,86c2025d103a,medium,verified,DE,2024-05-14 00:00:00,CUSTOMER_ONBOARDING_SVC
CUST003060,James Brown,1987-06-17,460d92c677f5,low,pending,CN,2023-03-04 00:00:00,CUSTOMER_ONBOARDING_SVC
CUST003061,Layla Smith,1994-08-11,248a1df712aa,high,expired,IN,2018-01-15 00:00:00,CUSTOMER_ONBOARDING_SVC
CUST003062,Sneha Davis,1967-10-07,8d639fece13d,medium,expired,US,2024-11-23 00:00:00,CUSTOMER_ONBOARDING_SVC
CUST003063,Mia Wilson,1967-03-26,9a995c30631d,low,pending,IN,2023-10-01 00:00:00,CUSTOMER_ONBOARDING_SVC
CUST003064,Divya Chen,1955-02-12,624864ff3866,low,pending,IN,2021-10-31 00:00:00,CUSTOMER_ONBOARDING_SVC
CUST003065,Mia Anderson,1955-12-13,c71f5fad5fa8,low,pending,NG,2020-04-04 00:00:00,CUSTOMER_ONBOARDING_SVC
CUST003066,Sophia Al-Sayed,1967-12-13,9d6b11871f97,medium,expired,US,2023-03-25 00:00:00,CUSTOMER_ONBOARDING_SVC
CUST003067,James Gupta,1987-05-21,0e7327939573,low,verified,NG,2020-09-02 00:00:00,CUSTOMER_ONBOARDING_SVC
CUST003068,Ananya Lopez,1978-06-24,9f4cc9bd1b6a,low,expired,NG,2024-03-28 00:00:00,CUSTOMER_ONBOARDING_SVC
CUST003068,Ananya Lopez,1978-06-24,9f4cc9bd1b6a,low,expired,NG,2024-03-28 01:06:00,CUSTOMER_ONBOARDING_SVC
CUST003069,Mia Tanaka,1987-12-05,73fe49e17136,low,pending,US,2019-11-30 00:00:00,CUSTOMER_ONBOARDING_SVC
CUST003070,Liam Patel,1975-04-14,643deef2589c,medium,expired,GB,2020-07-10 00:00:00,CUSTOMER_ONBOARDING_SVC
CUST003071,Meera Al-Sayed,1991-12-27,5b503a8f4dc0,high,verified,GB,2018-12-07 00:00:00,CUSTOMER_ONBOARDING_SVC
CUST003072,Aarav Patel,1997-01-27,1e39963d4152,low,pending,AU,2018-07-28 00:00:00,CUSTOMER_ONBOARDING_SVC
CUST003073,Sneha Gupta,1980-12-06,cd0c9113ed87,medium,verified,SG,2024-05-04 00:00:00,CUSTOMER_ONBOARDING_SVC
CUST003074,Isha Patel,1956-01-27,bbf1071f752c,low,expired,US,2025-07-26 00:00:00,CUSTOMER_ONBOARDING_SVC
CUST003075,Wei Smith,1996-05-01,0fad587f4f06,high,verified,AU,2025-07-25 00:00:00,CUSTOMER_ONBOARDING_SVC
CUST003076,Diego Ivanov,1977-10-28,8be35f9a8bb8,low,verified,GB,2019-11-16 00:00:00,CUSTOMER_ONBOARDING_SVC
CUST003077,Rohan Patel,1962-06-25,87fecb5d531c,low,verified,GB,2022-07-15 00:00:00,CUSTOMER_ONBOARDING_SVC
CUST003078,Sophia Singh,1976-05-20,ca438f190e07,medium,verified,AE,2023-02-22 00:00:00,CUSTOMER_ONBOARDING_SVC
CUST003079,Elena Khan,1995-02-16,ab3fbee19efd,medium,verified,RU,2022-04-03 00:00:00,CUSTOMER_ONBOARDING_SVC
CUST003079,Elena Khan,1995-02-16,ab3fbee19efd,medium,verified,RU,2022-04-03 01:08:00,CUSTOMER_ONBOARDING_SVC
CUST003080,Noah Brown,1962-12-06,ab58f58e1084,low,expired,CA,2023-02-19 00:00:00,CUSTOMER_ONBOARDING_SVC
CUST003081,Mia Wilson,1962-01-27,feb5752ff92b,low,expired,NG,2021-01-31 00:00:00,CUSTOMER_ONBOARDING_SVC
CUST003082,Ava Wilson,1970-05-02,9aa2e42d4947,high,verified,DE,2021-03-06 00:00:00,CUSTOMER_ONBOARDING_SVC
CUST003083,Mei Martinez,1994-03-07,8cbbf5cb8a07,low,verified,NG,2020-05-06 00:00:00,CUSTOMER_ONBOARDING_SVC
CUST003084,Ivan Kumar,1965-06-16,6d3d75aebea7,high,verified,US,2019-01-06 00:00:00,CUSTOMER_ONBOARDING_SVC
CUST003085,Layla Smith,1993-01-24,0c6fc2850bbe,medium,expired,DE,2023-09-27 00:00:00,CUSTOMER_ONBOARDING_SVC
CUST003086,Vikram Mehta,1991-12-20,7f5d7b9fb51b,medium,verified,SG,2019-04-28 00:00:00,CUSTOMER_ONBOARDING_SVC
CUST003087,Emma Zhang,1955-09-30,514b73a3c067,low,verified,NG,2018-06-13 00:00:00,CUSTOMER_ONBOARDING_SVC
CUST003088,Yuki Khan,1955-10-11,8a3ba9c4774b,low,verified,CN,2021-10-03 00:00:00,CUSTOMER_ONBOARDING_SVC
CUST003089,Wei Anderson,1967-08-23,9fe7d76b5231,low,pending,US,2018-09-21 00:00:00,CUSTOMER_ONBOARDING_SVC
CUST003090,Olivia Miller,1981-06-09,53d87b665ee8,medium,verified,IN,2019-12-16 00:00:00,CUSTOMER_ONBOARDING_SVC
CUST003091,James Khan,1971-03-04,59952966462c,low,pending,CA,2018-11-27 00:00:00,CUSTOMER_ONBOARDING_SVC
CUST003092,Emma Garcia,1971-03-26,a7f17929e691,medium,pending,CN,2022-10-02 00:00:00,CUSTOMER_ONBOARDING_SVC
CUST003093,Layla Wilson,1997-03-22,01a197dadb53,low,verified,CA,2021-09-16 00:00:00,CUSTOMER_ONBOARDING_SVC
CUST003094,Vikram Mehta,1955-05-20,40159473d833,medium,verified,GB,2019-04-19 00:00:00,CUSTOMER_ONBOARDING_SVC
CUST003095,Aarav Zhang,1994-01-08,66d00347656d,high,pending,SG,2020-01-16 00:00:00,CUSTOMER_ONBOARDING_SVC
CUST003096,James Miller,2001-04-15,4007ad539c08,low,verified,AE,2024-10-05 00:00:00,CUSTOMER_ONBOARDING_SVC
CUST003097,Liam Tanaka,1976-09-30,6ec5e8aea51c,high,verified,RU,2022-09-25 00:00:00,CUSTOMER_ONBOARDING_SVC
CUST003098,Hassan Miller,1966-11-14,818efada26b3,low,verified,CN,2025-11-12 00:00:00,CUSTOMER_ONBOARDING_SVC
CUST003099,Mei Smith,1957-09-18,2a2e58ec826e,low,verified,NG,2021-07-18 00:00:00,CUSTOMER_ONBOARDING_SVC
CUST003100,Olivia Mehta,1959-09-29,8cc1574a24d2,medium,verified,AE,2020-05-23 00:00:00,CUSTOMER_ONBOARDING_SVC
CUST003101,Vikram Anderson,1969-07-12,a9a435bba9bf,low,pending,DE,2021-03-10 00:00:00,CUSTOMER_ONBOARDING_SVC
CUST003102,Karan Gupta,1961-11-11,e9f680a1a523,medium,verified,AU,2020-05-08 00:00:00,CUSTOMER_ONBOARDING_SVC
CUST003103,Sneha Miller,1961-12-16,cd21fb286ecf,high,verified,DE,2021-07-30 00:00:00,CUSTOMER_ONBOARDING_SVC
CUST003104,Nikhil Garcia,1984-04-03,32642e24ee9d,low,verified,DE,2025-12-12 00:00:00,CUSTOMER_ONBOARDING_SVC
CUST003105,Omar Reddy,1967-07-08,88ed47dde42d,low,expired,SG,2018-11-08 00:00:00,CUSTOMER_ONBOARDING_SVC
CUST003106,Noah Lopez,1989-12-31,ea7fe7aef81d,high,expired,GB,2024-08-10 00:00:00,CUSTOMER_ONBOARDING_SVC
CUST003107,Layla Johnson,1958-03-25,14dc16d53ba5,low,verified,CA,2021-09-06 00:00:00,CUSTOMER_ONBOARDING_SVC
CUST003108,Mei Anderson,1996-04-17,cb07748c52d3,high,verified,NG,2019-01-09 00:00:00,CUSTOMER_ONBOARDING_SVC
CUST003109,Lucas Wilson,1981-04-14,68cf965566b2,medium,pending,DE,2019-06-04 00:00:00,CUSTOMER_ONBOARDING_SVC
CUST003110,Ava Reddy,1967-12-03,cbe9ad928311,medium,pending,CA,2023-12-08 00:00:00,CUSTOMER_ONBOARDING_SVC
CUST003111,Wei Chen,1975-04-27,59cfad136bda,medium,,NG,2021-01-05 00:00:00,CUSTOMER_ONBOARDING_SVC
CUST003112,Nikhil Smith,1986-02-16,82f42cb6b391,high,verified,AU,2026-06-17 00:00:00,CUSTOMER_ONBOARDING_SVC
CUST003113,Arjun Chen,1958-04-12,d0b8e14cc7b9,low,verified,CA,2018-08-18 00:00:00,CUSTOMER_ONBOARDING_SVC
CUST003114,Sneha Gupta,1974-10-17,2ef37f995ecf,high,verified,CA,2026-05-12 00:00:00,CUSTOMER_ONBOARDING_SVC
CUST003115,Priya Johnson,1977-11-02,afca8cad110d,high,verified,CN,2018-06-21 00:00:00,CUSTOMER_ONBOARDING_SVC
CUST003116,Nikhil Martinez,1996-02-07,6d4fee911f52,low,verified,CA,2025-04-13 00:00:00,CUSTOMER_ONBOARDING_SVC
CUST003117,Vikram Garcia,1992-10-19,7ba80f13f0e4,low,pending,RU,2025-02-24 00:00:00,CUSTOMER_ONBOARDING_SVC
CUST003118,Ava Miller,1955-11-29,9269f482e124,low,expired,RU,2021-05-01 00:00:00,CUSTOMER_ONBOARDING_SVC
CUST003119,Nikhil Nair,1970-12-31,034775b91187,low,verified,CN,2024-12-29 00:00:00,CUSTOMER_ONBOARDING_SVC
CUST003120,Diego Sharma,1992-12-20,1dc88a29b306,low,expired,IN,2019-10-25 00:00:00,CUSTOMER_ONBOARDING_SVC
CUST003121,Emma Reddy,1979-08-20,a5d0781b44a2,,pending,DE,2018-05-11 00:00:00,CUSTOMER_ONBOARDING_SVC
CUST003122,Arjun Zhang,1975-03-22,1ca6c474c111,,expired,IN,2020-09-30 00:00:00,CUSTOMER_ONBOARDING_SVC
CUST003123,Ananya Miller,2003-10-31,2507263b6024,low,verified,CN,2020-07-05 00:00:00,CUSTOMER_ONBOARDING_SVC
CUST003124,Vikram Patel,1956-07-08,b8f79921a735,low,verified,NG,2019-04-25 00:00:00,CUSTOMER_ONBOARDING_SVC
CUST003125,Lucia Sharma,1995-05-11,4b90295e8e64,low,expired,CN,2023-07-05 00:00:00,CUSTOMER_ONBOARDING_SVC
CUST003126,Chen Davis,1988-01-09,d6e8caf7ca70,high,expired,AU,2023-03-11 00:00:00,CUSTOMER_ONBOARDING_SVC
CUST003127,Ava Lopez,1988-04-09,d44378706f2c,low,verified,RU,2022-02-15 00:00:00,CUSTOMER_ONBOARDING_SVC
CUST003128,Elena Zhang,1962-06-12,c50e28d6f69d,low,verified,AU,2022-12-20 00:00:00,CUSTOMER_ONBOARDING_SVC
CUST003129,Vikram Anderson,1985-12-13,6a1295ed2b3f,high,verified,AE,2019-10-20 00:00:00,CUSTOMER_ONBOARDING_SVC
CUST003130,Sneha Chen,2002-07-06,bf975297b793,medium,verified,AU,2025-03-27 00:00:00,CUSTOMER_ONBOARDING_SVC
CUST003131,Vikram Lopez,1971-08-06,7834726b7a7d,low,verified,AU,2019-01-15 00:00:00,CUSTOMER_ONBOARDING_SVC
CUST003132,Pooja Patel,1967-02-27,240cea158242,high,pending,AU,2023-04-24 00:00:00,CUSTOMER_ONBOARDING_SVC
CUST003133,Hassan Gupta,1960-02-01,84cfa993f012,high,verified,GB,2020-02-12 00:00:00,CUSTOMER_ONBOARDING_SVC
CUST003134,Rohan Ivanov,1980-08-19,2a055b5b98fb,high,verified,GB,2018-02-09 00:00:00,CUSTOMER_ONBOARDING_SVC
CUST003135,Priya Martinez,1963-02-05,4a4d057c5901,high,verified,GB,2019-12-23 00:00:00,CUSTOMER_ONBOARDING_SVC
CUST003136,Rohan Garcia,1983-06-09,db0d59723fcb,medium,verified,CA,2024-07-15 00:00:00,CUSTOMER_ONBOARDING_SVC
CUST003137,James Singh,1976-03-26,1bc848841191,low,verified,CN,2019-09-23 00:00:00,CUSTOMER_ONBOARDING_SVC
CUST003138,Divya Nair,1975-12-04,c59fc297ab6a,medium,verified,GB,2020-12-09 00:00:00,CUSTOMER_ONBOARDING_SVC
CUST003139,Amelia Zhang,1996-06-02,f1855b22f00d,medium,pending,CN,2022-10-18 00:00:00,CUSTOMER_ONBOARDING_SVC
CUST003140,Divya Gupta,1969-11-03,da2dd07fd56f,low,verified,IN,2024-12-11 00:00:00,CUSTOMER_ONBOARDING_SVC
CUST003141,Olivia Anderson,1969-08-08,7364b3d905ba,medium,expired,IN,2024-12-06 00:00:00,CUSTOMER_ONBOARDING_SVC
CUST003142,Lucas Khan,1982-02-04,102a1728e105,low,verified,DE,2022-01-16 00:00:00,CUSTOMER_ONBOARDING_SVC
CUST003143,Rahul Wilson,1961-04-16,1f1e8ba63598,low,verified,CN,2025-07-10 00:00:00,CUSTOMER_ONBOARDING_SVC
CUST003144,Karan Chen,1975-12-13,3b2bcca4e0c7,high,pending,CN,2022-11-01 00:00:00,CUSTOMER_ONBOARDING_SVC
CUST003145,Vikram Tanaka,1956-01-07,f121991ad325,low,expired,US,2025-05-07 00:00:00,CUSTOMER_ONBOARDING_SVC
CUST003146,Wei Johnson,1983-10-21,401cf96e9f32,low,verified,IN,2018-05-04 00:00:00,CUSTOMER_ONBOARDING_SVC
CUST003147,Riya Smith,1988-01-02,1b79e1fe6ddd,low,pending,GB,2022-10-27 00:00:00,CUSTOMER_ONBOARDING_SVC
CUST003148,Sneha Zhang,1995-09-17,b7a81c4684fa,high,verified,CA,2021-11-21 00:00:00,CUSTOMER_ONBOARDING_SVC
CUST003149,Lucas Ivanov,1965-07-22,27c4b9d67de9,low,verified,AE,2022-06-04 00:00:00,CUSTOMER_ONBOARDING_SVC
CUST003150,Sneha Brown,1957-10-12,100c78bf58b1,medium,expired,CA,2020-02-09 00:00:00,CUSTOMER_ONBOARDING_SVC
CUST003151,Lucia Sharma,1985-12-26,5533a6d6c049,medium,verified,IN,2024-08-29 00:00:00,CUSTOMER_ONBOARDING_SVC
CUST003152,Chen Mehta,1977-03-26,fd7f7874591a,high,pending,CN,2020-06-12 00:00:00,CUSTOMER_ONBOARDING_SVC
CUST003153,Aarav Sharma,1999-06-14,b1c8353816cd,low,verified,RU,2018-09-27 00:00:00,CUSTOMER_ONBOARDING_SVC
CUST003154,Priya Miller,2002-12-15,f654dea4ecbe,low,verified,SG,2023-07-04 00:00:00,CUSTOMER_ONBOARDING_SVC
CUST003155,Rohan Mehta,1985-01-22,b6daa8cb2b1d,high,verified,CA,2024-09-22 00:00:00,CUSTOMER_ONBOARDING_SVC
CUST003156,Noah Anderson,1988-07-15,a20b8e8d630f,low,verified,CN,2024-03-04 00:00:00,CUSTOMER_ONBOARDING_SVC
CUST003157,Divya Martinez,1957-02-23,7661cce7f2b1,low,expired,DE,2020-05-29 00:00:00,CUSTOMER_ONBOARDING_SVC
CUST003158,Hassan Nair,1998-11-15,41438982f028,medium,expired,NG,2020-03-11 00:00:00,CUSTOMER_ONBOARDING_SVC
CUST003159,Rahul Smith,1991-11-22,ab268e7e9bf0,medium,verified,AE,2020-11-11 00:00:00,CUSTOMER_ONBOARDING_SVC
CUST003160,Amelia Ivanov,1978-11-04,ccd0bbc70bb8,medium,verified,CA,2019-02-07 00:00:00,CUSTOMER_ONBOARDING_SVC
CUST003161,Lucia Brown,1970-02-17,76e0cfad25e0,medium,pending,SG,2024-06-13 00:00:00,CUSTOMER_ONBOARDING_SVC
CUST003162,Fatima Kumar,1979-03-02,5de10694783d,low,verified,US,2020-11-02 00:00:00,CUSTOMER_ONBOARDING_SVC
CUST003163,Lucas Singh,1992-02-24,622e41465826,medium,verified,US,2024-01-17 00:00:00,CUSTOMER_ONBOARDING_SVC
CUST003164,Lucas Singh,2001-04-30,0cef11bf56e1,low,pending,US,2024-10-24 00:00:00,CUSTOMER_ONBOARDING_SVC
CUST003165,Emma Miller,1978-03-01,180b37e99c1d,high,pending,SG,2019-12-20 00:00:00,CUSTOMER_ONBOARDING_SVC
CUST003166,Nikhil Tanaka,1963-01-11,a51ae6b9a39f,low,verified,CA,2020-12-29 00:00:00,CUSTOMER_ONBOARDING_SVC
CUST003167,Emma Brown,1986-10-10,0745f5d7eeba,,pending,,2025-07-26 00:00:00,CUSTOMER_ONBOARDING_SVC
CUST003168,Chen Davis,1967-05-09,f75db2293e51,medium,verified,AU,2019-09-16 00:00:00,CUSTOMER_ONBOARDING_SVC
CUST003169,Emma Khan,1963-11-18,266416620216,high,pending,CN,2025-04-23 00:00:00,CUSTOMER_ONBOARDING_SVC
CUST003170,Layla Garcia,1959-12-19,6813b1c775af,,pending,AU,2024-07-07 00:00:00,CUSTOMER_ONBOARDING_SVC
CUST003171,Chen Martinez,1991-06-17,d26e9527d3a8,low,verified,US,2025-08-29 00:00:00,CUSTOMER_ONBOARDING_SVC
CUST003172,James Sharma,1979-09-06,1a4b3ea20023,high,verified,AE,2023-12-02 00:00:00,CUSTOMER_ONBOARDING_SVC
CUST003173,Lucia Patel,1992-09-04,c58ef097579d,medium,expired,IN,2019-12-09 00:00:00,CUSTOMER_ONBOARDING_SVC
CUST003174,Olivia Reddy,1986-11-19,101e51d3153b,low,expired,RU,2020-11-10 00:00:00,CUSTOMER_ONBOARDING_SVC
CUST003175,Ananya Ivanov,1986-09-25,c33bc76a5677,low,pending,CA,2022-11-18 00:00:00,CUSTOMER_ONBOARDING_SVC
CUST003176,Vikram Al-Sayed,1973-05-13,ca2644228ca7,low,pending,CA,2021-01-14 00:00:00,CUSTOMER_ONBOARDING_SVC
CUST003177,Isha Mehta,1965-07-18,25e41837bee7,high,verified,SG,2022-08-04 00:00:00,CUSTOMER_ONBOARDING_SVC
CUST003178,Fatima Lopez,1963-03-05,5de96979552e,high,verified,CA,2025-09-14 00:00:00,CUSTOMER_ONBOARDING_SVC
CUST003179,Karan Gupta,1980-06-19,d7dc63fcea92,high,verified,AU,2025-02-19 00:00:00,CUSTOMER_ONBOARDING_SVC
CUST003180,Emma Martinez,2005-03-10,6b340610c5ce,low,verified,GB,2021-02-28 00:00:00,CUSTOMER_ONBOARDING_SVC
CUST003181,Riya Brown,1968-06-08,2e4fc78d1655,low,verified,SG,2024-01-29 00:00:00,CUSTOMER_ONBOARDING_SVC
CUST003182,Mia Khan,2004-10-09,e2fc6d74a912,high,verified,CA,2019-05-26 00:00:00,CUSTOMER_ONBOARDING_SVC
CUST003183,Lucia Zhang,1963-08-08,3c114dbd2c0b,low,expired,CA,2018-12-06 00:00:00,CUSTOMER_ONBOARDING_SVC
CUST003184,Omar Chen,2001-10-22,e4ea842b3d56,low,verified,IN,2024-09-01 00:00:00,CUSTOMER_ONBOARDING_SVC
CUST003185,Divya Davis,1961-10-28,c19bd96bec85,medium,verified,US,2021-05-16 00:00:00,CUSTOMER_ONBOARDING_SVC
CUST003186,Ivan Wilson,1960-05-31,ae7d70e7acb2,medium,verified,AE,2024-06-19 00:00:00,CUSTOMER_ONBOARDING_SVC
CUST003187,Yuki Nair,2001-04-23,d90110aace77,high,verified,AU,2024-02-17 00:00:00,CUSTOMER_ONBOARDING_SVC
CUST003188,Wei Johnson,1999-06-18,4e2ae3239f45,low,verified,NG,2023-02-21 00:00:00,CUSTOMER_ONBOARDING_SVC
CUST003189,Riya Reddy,1963-07-04,230fbc897b02,low,expired,SG,2019-10-05 00:00:00,CUSTOMER_ONBOARDING_SVC
CUST003190,Wei Martinez,1960-06-02,6f0a506c1e88,medium,,RU,2024-11-22 00:00:00,CUSTOMER_ONBOARDING_SVC
CUST003191,Pooja Anderson,1987-05-22,dda37b573577,low,pending,AE,2023-02-25 00:00:00,CUSTOMER_ONBOARDING_SVC
CUST003192,Karan Zhang,1956-03-30,8ce3cd9ffc30,,pending,IN,2020-02-13 00:00:00,CUSTOMER_ONBOARDING_SVC
CUST003193,Diego Patel,1998-09-23,b7ab848fbea8,low,expired,AE,2023-11-01 00:00:00,CUSTOMER_ONBOARDING_SVC
CUST003194,Amelia Martinez,1969-09-25,0b9dc90f8624,medium,verified,AE,2018-05-30 00:00:00,CUSTOMER_ONBOARDING_SVC
CUST003195,Emma Lopez,1994-01-16,abe645386f59,high,verified,CN,2023-07-08 00:00:00,CUSTOMER_ONBOARDING_SVC
CUST003196,Mason Garcia,1997-08-05,7f3a43673c99,high,verified,IN,2021-03-19 00:00:00,CUSTOMER_ONBOARDING_SVC
CUST003197,Mia Garcia,1979-10-11,9c850d4e318e,medium,expired,AU,2019-01-03 00:00:00,CUSTOMER_ONBOARDING_SVC
CUST003198,Wei Martinez,1955-04-25,e902d54415df,low,verified,SG,2018-06-15 00:00:00,CUSTOMER_ONBOARDING_SVC
CUST003199,Isha Miller,1975-04-03,487e4bc203c8,low,verified,RU,2018-08-27 00:00:00,CUSTOMER_ONBOARDING_SVC
CUST003200,Rohan Garcia,1974-12-23,6f162b317f9a,low,expired,CA,2020-09-16 00:00:00,CUSTOMER_ONBOARDING_SVC
CUST003201,James Patel,1975-05-17,c795ed97eb89,low,pending,DE,2021-10-04 00:00:00,CUSTOMER_ONBOARDING_SVC
CUST003202,Wei Garcia,1966-03-24,a43aedb36206,high,expired,US,2021-11-04 00:00:00,CUSTOMER_ONBOARDING_SVC
CUST003203,Sneha Ivanov,1973-11-01,dba8fc9f91a6,high,pending,SG,2022-06-25 00:00:00,CUSTOMER_ONBOARDING_SVC
CUST003204,Pooja Smith,1968-05-29,cab05ea76558,low,pending,CN,2023-12-23 00:00:00,CUSTOMER_ONBOARDING_SVC
CUST003205,Nikhil Tanaka,1970-11-08,511452d1207d,low,expired,AU,2020-02-02 00:00:00,CUSTOMER_ONBOARDING_SVC
CUST003206,Sneha Sharma,1983-01-03,90921ee4444a,high,verified,NG,2019-08-07 00:00:00,CUSTOMER_ONBOARDING_SVC
CUST003207,Emma Nair,1975-12-04,43aab13a6545,high,verified,AE,2020-03-16 00:00:00,CUSTOMER_ONBOARDING_SVC
CUST003208,Emma Garcia,1962-05-27,7af0cfe1ce6b,low,pending,DE,2019-06-08 00:00:00,CUSTOMER_ONBOARDING_SVC
CUST003209,Diego Kumar,2001-12-27,5a045b80e80a,high,verified,RU,2025-12-21 00:00:00,CUSTOMER_ONBOARDING_SVC
CUST003210,Elena Khan,2003-06-24,6461220bc8a9,high,pending,DE,2018-03-09 00:00:00,CUSTOMER_ONBOARDING_SVC
CUST003211,Meera Kumar,1998-11-29,a590801304e1,high,expired,SG,2025-06-19 00:00:00,CUSTOMER_ONBOARDING_SVC
CUST003212,Priya Brown,1968-01-19,ffe622f40d71,medium,verified,AE,2025-01-21 00:00:00,CUSTOMER_ONBOARDING_SVC
CUST003213,Sophia Lopez,1978-08-08,a9a9e581b476,low,expired,AE,2026-02-20 00:00:00,CUSTOMER_ONBOARDING_SVC
CUST003214,Chen Chen,1997-01-19,8ee4a91591ff,high,expired,RU,2025-08-04 00:00:00,CUSTOMER_ONBOARDING_SVC
CUST003215,Riya Reddy,2000-09-26,ed54b43ade1e,medium,pending,US,2022-03-13 00:00:00,CUSTOMER_ONBOARDING_SVC
CUST003216,Priya Gupta,1956-01-18,9a40f3d8becf,medium,pending,SG,2022-06-11 00:00:00,CUSTOMER_ONBOARDING_SVC
CUST003217,Rahul Miller,1996-01-25,51d6ac38ff88,low,pending,AU,2020-07-03 00:00:00,CUSTOMER_ONBOARDING_SVC
CUST003218,Layla Davis,1967-10-08,abdb78d56e70,medium,verified,AE,2024-04-10 00:00:00,CUSTOMER_ONBOARDING_SVC
CUST003219,Ava Reddy,1968-02-26,35cbff1e6d28,medium,verified,GB,2023-04-08 00:00:00,CUSTOMER_ONBOARDING_SVC
CUST003220,Diego Johnson,1992-03-13,4fdfd96587f8,medium,expired,AE,2020-07-22 00:00:00,CUSTOMER_ONBOARDING_SVC
CUST003220,Diego Johnson,1992-03-13,4fdfd96587f8,medium,expired,AE,2020-07-22 01:12:00,CUSTOMER_ONBOARDING_SVC
CUST003221,Elena Garcia,1980-08-28,f2502a50efab,low,pending,SG,2022-08-26 00:00:00,CUSTOMER_ONBOARDING_SVC
CUST003222,Fatima Tanaka,1957-10-23,87dd59d917a3,,verified,AE,2018-08-08 00:00:00,CUSTOMER_ONBOARDING_SVC
CUST003223,Pooja Miller,1988-09-26,a6812b85abca,high,verified,AU,2020-06-26 00:00:00,CUSTOMER_ONBOARDING_SVC
CUST003224,Isha Reddy,1980-07-29,ceace0707467,medium,verified,AE,2023-08-31 00:00:00,CUSTOMER_ONBOARDING_SVC
CUST003225,Aarav Kumar,1966-02-10,512cab254af1,medium,verified,RU,2018-05-17 00:00:00,CUSTOMER_ONBOARDING_SVC
CUST003226,Priya Ivanov,1973-08-25,4858b8d04964,low,pending,CA,2026-05-14 00:00:00,CUSTOMER_ONBOARDING_SVC
CUST003227,Elena Al-Sayed,1997-01-29,d9bbd6de07fb,low,expired,AE,2023-10-07 00:00:00,CUSTOMER_ONBOARDING_SVC
CUST003228,Sneha Lopez,1957-01-30,06e3065aa6fa,low,pending,AU,2024-09-21 00:00:00,CUSTOMER_ONBOARDING_SVC
CUST003229,Sophia Al-Sayed,1964-08-21,47323eb63571,low,verified,NG,2018-03-01 00:00:00,CUSTOMER_ONBOARDING_SVC
CUST003230,Elena Johnson,1999-04-19,d3a7ce362681,high,verified,GB,2020-05-24 00:00:00,CUSTOMER_ONBOARDING_SVC
CUST003231,Noah Gupta,1957-09-09,eef43bac7f27,low,pending,NG,2025-05-24 00:00:00,CUSTOMER_ONBOARDING_SVC
CUST003232,Layla Johnson,1994-09-14,c8a7c74a0e6c,medium,expired,CA,2019-01-06 00:00:00,CUSTOMER_ONBOARDING_SVC
CUST003233,Riya Smith,1958-11-23,efe4d81309df,medium,expired,SG,2024-10-19 00:00:00,CUSTOMER_ONBOARDING_SVC
CUST003234,Noah Patel,1976-07-04,448977b0c078,medium,expired,CN,2018-07-04 00:00:00,CUSTOMER_ONBOARDING_SVC
CUST003235,Chen Al-Sayed,1978-10-17,5f5343b86756,low,verified,CN,2020-06-29 00:00:00,CUSTOMER_ONBOARDING_SVC
CUST003236,Divya Reddy,1986-11-28,40fc8f778b69,low,verified,US,2022-05-12 00:00:00,CUSTOMER_ONBOARDING_SVC
CUST003237,Ava Johnson,1981-01-30,06f95b6bb498,medium,verified,DE,2022-04-13 00:00:00,CUSTOMER_ONBOARDING_SVC
CUST003238,James Chen,1996-03-24,0a9a62671aad,high,expired,GB,2022-10-29 00:00:00,CUSTOMER_ONBOARDING_SVC
CUST003239,Isha Kumar,1958-12-21,f7866e6a3321,low,expired,SG,2026-06-18 00:00:00,CUSTOMER_ONBOARDING_SVC
CUST003240,Mason Zhang,1961-04-17,52e41e3e0c4c,medium,verified,NG,2025-02-28 00:00:00,CUSTOMER_ONBOARDING_SVC
CUST003241,Nikhil Nair,1988-06-12,800a0a85fa3d,medium,pending,,2019-06-21 00:00:00,CUSTOMER_ONBOARDING_SVC
CUST003242,Fatima Brown,1955-01-11,17c77f9b8748,low,expired,SG,2018-04-17 00:00:00,CUSTOMER_ONBOARDING_SVC
CUST003243,Karan Sharma,1971-07-17,8e6cf98af75f,low,pending,US,2021-04-20 00:00:00,CUSTOMER_ONBOARDING_SVC
CUST003244,Lucas Ivanov,1963-02-17,db4eada29502,low,expired,AU,2024-09-14 00:00:00,CUSTOMER_ONBOARDING_SVC
CUST003245,Sophia Patel,1985-02-23,cdeac9f50093,medium,verified,SG,2019-05-10 00:00:00,CUSTOMER_ONBOARDING_SVC
CUST003246,Elena Davis,1994-04-19,16b1cca7980b,medium,pending,NG,2018-11-30 00:00:00,CUSTOMER_ONBOARDING_SVC
CUST003247,Olivia Lopez,1973-04-20,f0013be95013,low,expired,CN,2025-12-06 00:00:00,CUSTOMER_ONBOARDING_SVC
CUST003248,Priya Tanaka,1992-11-28,b064e7eefc99,low,expired,US,2018-12-09 00:00:00,CUSTOMER_ONBOARDING_SVC
CUST003249,Elena Garcia,1967-02-03,ac8403005539,medium,verified,CN,2018-06-22 00:00:00,CUSTOMER_ONBOARDING_SVC
CUST003250,Vikram Tanaka,1987-08-02,bac93660318d,medium,verified,CA,2023-11-09 00:00:00,CUSTOMER_ONBOARDING_SVC
CUST003250,Vikram Tanaka,1987-08-02,bac93660318d,medium,verified,CA,2023-11-09 00:52:00,CUSTOMER_ONBOARDING_SVC
CUST003251,Karan Singh,1992-03-09,178a4b55b700,low,verified,CN,2026-04-22 00:00:00,CUSTOMER_ONBOARDING_SVC
CUST003252,Sophia Singh,1983-07-13,698baa22e7dc,high,verified,DE,2023-07-02 00:00:00,CUSTOMER_ONBOARDING_SVC
CUST003253,Vikram Anderson,1965-11-23,7f0e2e8721c2,high,verified,US,2025-06-25 00:00:00,CUSTOMER_ONBOARDING_SVC
CUST003254,Mei Lopez,1972-07-21,bbadc3ded24c,low,verified,AE,2018-08-31 00:00:00,CUSTOMER_ONBOARDING_SVC
CUST003255,Arjun Patel,1968-07-07,3366f04ddf45,low,verified,DE,2020-06-24 00:00:00,CUSTOMER_ONBOARDING_SVC
CUST003256,Fatima Zhang,1964-06-17,e2d9e4a3c9e4,medium,pending,RU,2018-03-24 00:00:00,CUSTOMER_ONBOARDING_SVC
CUST003257,Liam Garcia,1985-11-03,ec76ff658761,low,verified,IN,2019-10-31 00:00:00,CUSTOMER_ONBOARDING_SVC
CUST003258,Omar Kumar,1979-08-04,064c3d7e8547,high,expired,DE,2019-02-27 00:00:00,CUSTOMER_ONBOARDING_SVC
CUST003259,Rahul Anderson,1999-10-26,c5ce6c5c3b8a,low,verified,US,2019-02-23 00:00:00,CUSTOMER_ONBOARDING_SVC
CUST003260,Noah Smith,2005-10-12,ed7fd3a35b31,,pending,GB,2021-12-14 00:00:00,CUSTOMER_ONBOARDING_SVC
CUST003261,Fatima Patel,1966-10-25,2e4cffcb90ad,medium,verified,DE,2025-10-06 00:00:00,CUSTOMER_ONBOARDING_SVC
CUST003262,Layla Garcia,1958-08-24,a1af0461aba4,low,verified,RU,2023-06-19 00:00:00,CUSTOMER_ONBOARDING_SVC
CUST003263,Priya Johnson,1987-03-20,856bc106fce6,high,pending,RU,2023-02-04 00:00:00,CUSTOMER_ONBOARDING_SVC
CUST003264,Layla Johnson,1991-06-12,dc75fbb5d5e8,medium,expired,CA,2026-06-11 00:00:00,CUSTOMER_ONBOARDING_SVC
CUST003265,Mia Johnson,1967-06-21,d4737b347f7b,high,pending,CA,2023-11-19 00:00:00,CUSTOMER_ONBOARDING_SVC
CUST003266,Omar Brown,1956-04-14,cbb67a53782b,high,pending,RU,2019-07-06 00:00:00,CUSTOMER_ONBOARDING_SVC
CUST003267,Lucas Miller,2003-06-17,a3f339602467,medium,verified,CN,2022-06-23 00:00:00,CUSTOMER_ONBOARDING_SVC
CUST003268,Mia Anderson,1992-01-22,7be09bac4dd8,high,verified,RU,2023-06-02 00:00:00,CUSTOMER_ONBOARDING_SVC
CUST003269,Yuki Khan,1959-01-08,eb80e079f094,low,verified,GB,2019-10-10 00:00:00,CUSTOMER_ONBOARDING_SVC
CUST003270,Meera Brown,1979-07-16,f31fda1b098b,low,verified,CN,2020-01-05 00:00:00,CUSTOMER_ONBOARDING_SVC
CUST003271,Omar Brown,1982-09-18,5333324704e9,medium,verified,NG,2024-09-24 00:00:00,CUSTOMER_ONBOARDING_SVC
CUST003272,Meera Sharma,1987-04-18,ab49dffeb164,low,verified,AU,2026-03-18 00:00:00,CUSTOMER_ONBOARDING_SVC
CUST003273,Sophia Davis,1984-07-20,f0b954023ac0,medium,verified,IN,2024-11-14 00:00:00,CUSTOMER_ONBOARDING_SVC
CUST003274,Divya Sharma,1962-08-23,e6d5cbc80383,medium,verified,RU,2019-08-25 00:00:00,CUSTOMER_ONBOARDING_SVC
CUST003275,Emma Zhang,1961-09-27,091e64111727,low,expired,AU,2021-02-25 00:00:00,CUSTOMER_ONBOARDING_SVC
CUST003276,Aditya Khan,1996-10-08,25d1c72a4818,medium,expired,AU,2023-05-28 00:00:00,CUSTOMER_ONBOARDING_SVC
CUST003277,Divya Davis,1968-03-18,046d9ff6db8a,low,verified,NG,2020-07-23 00:00:00,CUSTOMER_ONBOARDING_SVC
CUST003278,Omar Singh,1964-10-13,4a8285c2d127,low,verified,NG,2025-04-29 00:00:00,CUSTOMER_ONBOARDING_SVC
CUST003279,Mason Garcia,2001-08-04,8aef1bb11c8b,medium,verified,CA,2024-11-30 00:00:00,CUSTOMER_ONBOARDING_SVC
CUST003280,Ethan Gupta,1974-02-16,1db50dec1a20,low,expired,DE,2025-11-16 00:00:00,CUSTOMER_ONBOARDING_SVC
CUST003281,Yuki Al-Sayed,1983-03-22,e4113e1c2b5e,low,verified,CN,2021-06-27 00:00:00,CUSTOMER_ONBOARDING_SVC
CUST003282,Lucia Wilson,2004-12-24,eb7b04080b37,,expired,AU,2026-06-29 00:00:00,CUSTOMER_ONBOARDING_SVC
CUST003283,Nikhil Anderson,1971-10-01,dbe7ad552895,,verified,NG,2023-09-24 00:00:00,CUSTOMER_ONBOARDING_SVC
CUST003284,Lucas Zhang,2002-10-02,c1604a56cffe,medium,expired,IN,2019-06-11 00:00:00,CUSTOMER_ONBOARDING_SVC
CUST003285,Diego Singh,1966-08-10,1f9b3b335cfe,high,pending,AU,2018-08-16 00:00:00,CUSTOMER_ONBOARDING_SVC
CUST003286,Lucas Anderson,1972-01-04,8d9ed4ec7226,low,verified,SG,2019-02-25 00:00:00,CUSTOMER_ONBOARDING_SVC
CUST003287,Liam Zhang,1978-01-18,b359ff5459fc,low,verified,US,2020-12-14 00:00:00,CUSTOMER_ONBOARDING_SVC
CUST003288,Liam Garcia,1989-04-07,6130afbaaa5c,low,pending,CN,2021-06-06 00:00:00,CUSTOMER_ONBOARDING_SVC
CUST003289,Mei Tanaka,1965-12-27,8ea908a7d73e,low,verified,US,2025-08-31 00:00:00,CUSTOMER_ONBOARDING_SVC
CUST003290,Diego Reddy,1993-10-08,6354ab3bdeb3,medium,verified,RU,2024-11-25 00:00:00,CUSTOMER_ONBOARDING_SVC
CUST003291,Olivia Mehta,1982-01-19,1d4c39f510b2,medium,pending,GB,2024-09-22 00:00:00,CUSTOMER_ONBOARDING_SVC
CUST003292,Mason Al-Sayed,2002-08-11,eafe08896aed,medium,verified,US,2023-11-15 00:00:00,CUSTOMER_ONBOARDING_SVC
CUST003293,Arjun Kumar,1968-10-07,5d0b78d9dd6d,medium,verified,SG,2023-08-07 00:00:00,CUSTOMER_ONBOARDING_SVC
CUST003294,Yuki Johnson,1959-01-15,0dc14dc66d9b,low,verified,RU,2020-05-12 00:00:00,CUSTOMER_ONBOARDING_SVC
CUST003295,Hassan Patel,1956-03-27,8f674693666e,medium,verified,CA,2021-04-02 00:00:00,CUSTOMER_ONBOARDING_SVC
CUST003296,Omar Nair,2004-11-04,a08e6300e7aa,low,pending,DE,2023-03-13 00:00:00,CUSTOMER_ONBOARDING_SVC
CUST003297,Nikhil Miller,1991-11-19,dbf05878c106,,verified,DE,2021-12-17 00:00:00,CUSTOMER_ONBOARDING_SVC
CUST003298,Rohan Anderson,1965-10-11,6d41c51dc3b1,high,expired,CN,2020-01-12 00:00:00,CUSTOMER_ONBOARDING_SVC
CUST003299,Fatima Davis,1969-10-21,99b2bfd5f874,medium,verified,NG,2023-05-24 00:00:00,CUSTOMER_ONBOARDING_SVC
CUST003300,Chen Nair,1955-12-30,00f654527df5,high,verified,AE,2021-05-11 00:00:00,CUSTOMER_ONBOARDING_SVC
CUST003301,Rahul Miller,1990-08-16,00ab9293dda0,low,expired,DE,2018-05-13 00:00:00,CUSTOMER_ONBOARDING_SVC
CUST003302,James Nair,2001-09-29,95274d1490f2,low,expired,SG,2026-02-25 00:00:00,CUSTOMER_ONBOARDING_SVC
CUST003303,Olivia Davis,1963-10-19,77cf0f69a6d1,low,verified,SG,2019-09-23 00:00:00,CUSTOMER_ONBOARDING_SVC
CUST003304,Ananya Tanaka,1982-07-15,56418b9d29d6,high,verified,IN,2024-04-09 00:00:00,CUSTOMER_ONBOARDING_SVC
CUST003305,Mason Ivanov,1986-05-14,574e36f01339,high,expired,SG,2022-01-20 00:00:00,CUSTOMER_ONBOARDING_SVC
CUST003306,Vikram Lopez,1999-10-29,f3f8b38a8904,low,verified,AE,2024-06-08 00:00:00,CUSTOMER_ONBOARDING_SVC
CUST003307,Ava Martinez,1970-11-26,ca653992b249,medium,pending,CA,2023-06-26 00:00:00,CUSTOMER_ONBOARDING_SVC
CUST003308,Sophia Anderson,1961-06-14,985366301411,low,verified,DE,2020-05-04 00:00:00,CUSTOMER_ONBOARDING_SVC
CUST003309,Hassan Sharma,2003-11-04,c8f167274e89,low,pending,NG,2021-05-04 00:00:00,CUSTOMER_ONBOARDING_SVC
CUST003310,Aarav Khan,1991-06-06,d5206e3e3cb5,low,verified,CA,2019-04-16 00:00:00,CUSTOMER_ONBOARDING_SVC
CUST003311,Olivia Wilson,1982-08-13,a281d8f10eed,low,verified,IN,2021-03-05 00:00:00,CUSTOMER_ONBOARDING_SVC
CUST003312,James Martinez,1956-02-23,4a592f7a6842,low,expired,RU,2018-12-23 00:00:00,CUSTOMER_ONBOARDING_SVC
CUST003313,James Chen,1956-08-30,a0d9607e25ad,high,expired,RU,2021-07-01 00:00:00,CUSTOMER_ONBOARDING_SVC
CUST003314,Omar Khan,1989-03-21,b86292e1a71c,medium,expired,IN,2023-02-04 00:00:00,CUSTOMER_ONBOARDING_SVC
CUST003315,Rahul Martinez,1990-05-20,8e0c4206af04,low,verified,AU,2019-04-30 00:00:00,CUSTOMER_ONBOARDING_SVC
CUST003316,Isha Patel,2000-08-28,8c8857cde432,medium,expired,SG,2022-05-04 00:00:00,CUSTOMER_ONBOARDING_SVC
CUST003317,Wei Kumar,1987-08-29,5dd0fafdb964,high,pending,AU,2022-01-22 00:00:00,CUSTOMER_ONBOARDING_SVC
CUST003318,Divya Kumar,1985-02-10,2440838ad642,high,expired,AU,2021-06-16 00:00:00,CUSTOMER_ONBOARDING_SVC
CUST003319,Isha Ivanov,1955-05-31,935e951371c4,medium,expired,DE,2024-07-29 00:00:00,CUSTOMER_ONBOARDING_SVC
CUST003320,Hassan Davis,1958-02-18,38a2a20b9bff,medium,verified,US,2026-06-25 00:00:00,CUSTOMER_ONBOARDING_SVC
CUST003321,Wei Martinez,1974-01-25,0413b5f5aca4,low,pending,GB,2025-10-25 00:00:00,CUSTOMER_ONBOARDING_SVC
CUST003322,Meera Tanaka,1999-03-18,ffb47453b82e,medium,verified,DE,2025-05-18 00:00:00,CUSTOMER_ONBOARDING_SVC
CUST003323,Omar Chen,1989-09-28,a001a9a22ac4,medium,verified,AU,2022-04-27 00:00:00,CUSTOMER_ONBOARDING_SVC
CUST003324,Ethan Garcia,1976-05-28,cb71ce5ce3fa,medium,verified,AU,2021-01-31 00:00:00,CUSTOMER_ONBOARDING_SVC
CUST003325,Priya Garcia,1994-09-18,dc0b4a52f782,low,expired,AE,2023-07-22 00:00:00,CUSTOMER_ONBOARDING_SVC
CUST003326,Omar Lopez,1983-03-31,d6649b785be2,high,expired,DE,2020-07-18 00:00:00,CUSTOMER_ONBOARDING_SVC
CUST003327,Ethan Smith,1957-12-02,6b4edcf34224,medium,verified,NG,2023-05-29 00:00:00,CUSTOMER_ONBOARDING_SVC
CUST003328,Mia Martinez,1971-09-26,b9868cd5e347,medium,verified,AE,2026-02-03 00:00:00,CUSTOMER_ONBOARDING_SVC
CUST003329,Rahul Zhang,1957-08-14,e3058f474619,low,pending,GB,2023-04-29 00:00:00,CUSTOMER_ONBOARDING_SVC
CUST003330,Aarav Ivanov,1974-08-06,1b56b2211e8b,high,verified,DE,2019-12-25 00:00:00,CUSTOMER_ONBOARDING_SVC
CUST003331,Meera Davis,2001-05-04,4c6e7dd7fa0c,medium,pending,SG,2020-08-01 00:00:00,CUSTOMER_ONBOARDING_SVC
CUST003332,Mia Chen,1993-04-24,9ddf029ad15f,high,pending,GB,2020-12-27 00:00:00,CUSTOMER_ONBOARDING_SVC
CUST003333,Arjun Tanaka,1997-07-28,dab6cae2d7fc,low,verified,AE,2020-12-19 00:00:00,CUSTOMER_ONBOARDING_SVC
CUST003334,Liam Singh,1962-12-19,f43e12f2c04a,low,pending,IN,2018-03-28 00:00:00,CUSTOMER_ONBOARDING_SVC
CUST003335,Chen Brown,1990-02-22,6e854393247f,medium,verified,US,2021-05-09 00:00:00,CUSTOMER_ONBOARDING_SVC
CUST003336,Omar Nair,1956-12-12,458611cd5408,low,verified,AE,2022-10-16 00:00:00,CUSTOMER_ONBOARDING_SVC
CUST003337,Emma Zhang,2002-05-18,ecd8f4baa7f3,,verified,CA,2024-08-13 00:00:00,CUSTOMER_ONBOARDING_SVC
CUST003338,Isha Davis,1971-08-30,273271fa8236,low,pending,IN,2023-03-30 00:00:00,CUSTOMER_ONBOARDING_SVC
CUST003339,Wei Singh,2003-08-09,6772e3174cc9,low,verified,AU,2025-08-18 00:00:00,CUSTOMER_ONBOARDING_SVC
CUST003340,Pooja Martinez,1966-06-05,ab8796046581,medium,pending,US,2020-02-08 00:00:00,CUSTOMER_ONBOARDING_SVC
CUST003341,Karan Zhang,1977-04-16,3d944043cfba,medium,expired,AE,2023-08-03 00:00:00,CUSTOMER_ONBOARDING_SVC
CUST003342,Aarav Tanaka,1960-12-07,67aa7d0170c7,high,pending,RU,2018-07-03 00:00:00,CUSTOMER_ONBOARDING_SVC
CUST003343,Emma Patel,1958-03-19,ad9e07c0caba,medium,verified,CA,2023-02-07 00:00:00,CUSTOMER_ONBOARDING_SVC
CUST003344,Emma Wilson,1955-12-15,9f99070a431d,low,expired,AE,2020-07-22 00:00:00,CUSTOMER_ONBOARDING_SVC
CUST003345,Ava Khan,1955-08-26,c85bede3cc91,low,expired,GB,2021-04-07 00:00:00,CUSTOMER_ONBOARDING_SVC
CUST003345,Ava Khan,1955-08-26,c85bede3cc91,low,expired,GB,2021-04-07 00:16:00,CUSTOMER_ONBOARDING_SVC
CUST003346,Diego Anderson,1976-12-19,e2c574bd33ef,medium,verified,NG,2025-06-09 00:00:00,CUSTOMER_ONBOARDING_SVC
CUST003347,Noah Ivanov,2000-02-02,d4de674261ae,low,verified,RU,2020-12-29 00:00:00,CUSTOMER_ONBOARDING_SVC
CUST003348,Ivan Nair,1972-12-07,59b3c18895bf,high,verified,IN,2020-02-02 00:00:00,CUSTOMER_ONBOARDING_SVC
CUST003349,Ava Gupta,1959-11-08,37025a3c6a87,high,verified,DE,2019-05-24 00:00:00,CUSTOMER_ONBOARDING_SVC
CUST003350,Chen Lopez,1991-01-31,495c2225a9bb,,verified,AU,2022-04-10 00:00:00,CUSTOMER_ONBOARDING_SVC
CUST003351,Ethan Miller,1978-10-01,e41755a5b6fb,low,verified,SG,2018-01-14 00:00:00,CUSTOMER_ONBOARDING_SVC
CUST003352,Sneha Reddy,1996-07-12,5bd7b4822141,low,verified,AU,2020-05-03 00:00:00,CUSTOMER_ONBOARDING_SVC
CUST003353,Ananya Anderson,1955-05-24,1de58e5bed54,low,verified,SG,2018-04-01 00:00:00,CUSTOMER_ONBOARDING_SVC
CUST003354,Lucas Wilson,1959-12-23,fdbb7a84c93d,medium,verified,CN,2021-05-17 00:00:00,CUSTOMER_ONBOARDING_SVC
CUST003355,Ethan Johnson,1980-10-29,9aaf4af056ba,medium,verified,NG,2025-12-13 00:00:00,CUSTOMER_ONBOARDING_SVC
CUST003356,Diego Nair,2002-02-20,28f7d47c7084,low,verified,RU,2026-05-24 00:00:00,CUSTOMER_ONBOARDING_SVC
CUST003357,Karan Garcia,2003-01-25,89e0ff4a520a,medium,verified,US,2019-10-05 00:00:00,CUSTOMER_ONBOARDING_SVC
CUST003358,Emma Gupta,1986-11-07,b202524c96c3,medium,verified,RU,2019-02-08 00:00:00,CUSTOMER_ONBOARDING_SVC
CUST003359,Omar Wilson,1962-02-10,adb79e23c2df,low,expired,AU,2021-10-10 00:00:00,CUSTOMER_ONBOARDING_SVC
CUST003360,Mei Brown,1978-06-27,1bb38e9d434a,medium,pending,GB,2026-04-27 00:00:00,CUSTOMER_ONBOARDING_SVC
CUST003361,Liam Wilson,1980-04-10,5874c360000b,high,verified,NG,2024-07-24 00:00:00,CUSTOMER_ONBOARDING_SVC
CUST003362,Arjun Al-Sayed,1980-11-05,b83853ea8718,high,verified,GB,2022-07-26 00:00:00,CUSTOMER_ONBOARDING_SVC
CUST003363,Mason Lopez,1986-02-06,212789a56a7a,medium,verified,SG,2021-12-14 00:00:00,CUSTOMER_ONBOARDING_SVC
CUST003364,Fatima Zhang,1968-09-07,be8c79de2e48,medium,verified,CN,2023-01-04 00:00:00,CUSTOMER_ONBOARDING_SVC
CUST003365,Yuki Smith,1971-02-21,af03a83735ad,low,verified,SG,2022-02-24 00:00:00,CUSTOMER_ONBOARDING_SVC
CUST003366,Ivan Mehta,1997-02-27,7a0a624db9b8,low,verified,CA,2024-11-26 00:00:00,CUSTOMER_ONBOARDING_SVC
CUST003367,Chen Johnson,1982-11-10,086294863378,high,pending,NG,2024-05-20 00:00:00,CUSTOMER_ONBOARDING_SVC
CUST003368,Amelia Davis,1972-09-18,c1379acea7b8,medium,verified,CN,2025-08-08 00:00:00,CUSTOMER_ONBOARDING_SVC
CUST003369,Sophia Martinez,1985-10-26,ded307a34664,low,pending,AE,2018-05-03 00:00:00,CUSTOMER_ONBOARDING_SVC
CUST003370,Olivia Kumar,1968-09-23,a1da1cccff09,low,pending,CN,2023-07-04 00:00:00,CUSTOMER_ONBOARDING_SVC
CUST003371,Sophia Kumar,1973-02-12,1c7f3a559458,low,pending,AU,2021-02-05 00:00:00,CUSTOMER_ONBOARDING_SVC
CUST003372,Sophia Brown,1976-08-03,6fd931c31e4c,low,verified,NG,2021-04-01 00:00:00,CUSTOMER_ONBOARDING_SVC
CUST003373,Isha Kumar,2005-01-30,26d8dde83f7d,low,verified,DE,2025-06-10 00:00:00,CUSTOMER_ONBOARDING_SVC
CUST003374,Mason Davis,1959-11-04,f3824bf4af28,medium,verified,NG,2024-04-14 00:00:00,CUSTOMER_ONBOARDING_SVC
CUST003375,Priya Wilson,1959-07-24,edd0d7a6821a,low,verified,DE,2021-04-18 00:00:00,CUSTOMER_ONBOARDING_SVC
CUST003376,Noah Reddy,1995-12-25,f8ff61bbc66f,low,verified,US,2024-07-16 00:00:00,CUSTOMER_ONBOARDING_SVC
CUST003377,Riya Singh,1992-09-13,1529fe3db445,medium,expired,AU,2018-05-28 00:00:00,CUSTOMER_ONBOARDING_SVC
CUST003378,Priya Singh,1988-01-24,d18dfab6f8bd,medium,verified,IN,2022-03-03 00:00:00,CUSTOMER_ONBOARDING_SVC
CUST003379,Rahul Reddy,1980-07-28,ab9bc4323969,low,expired,DE,2018-07-18 00:00:00,CUSTOMER_ONBOARDING_SVC
CUST003380,Elena Davis,1999-11-02,cde3ae066b8a,low,verified,AE,2024-08-03 00:00:00,CUSTOMER_ONBOARDING_SVC
CUST003381,Diego Wilson,1960-08-19,43abc4184bcc,medium,expired,CN,2024-04-11 00:00:00,CUSTOMER_ONBOARDING_SVC
CUST003382,Karan Davis,1993-10-12,a2b2199896d2,low,verified,CA,2022-07-14 00:00:00,CUSTOMER_ONBOARDING_SVC
CUST003383,Olivia Wilson,1971-08-26,be6fd2ea20a8,low,pending,US,2021-04-19 00:00:00,CUSTOMER_ONBOARDING_SVC
CUST003384,Olivia Smith,1978-02-11,44845fef266d,high,expired,IN,2023-03-12 00:00:00,CUSTOMER_ONBOARDING_SVC
CUST003385,Amelia Davis,1994-09-07,b3686033bb9b,high,verified,AE,2024-08-29 00:00:00,CUSTOMER_ONBOARDING_SVC
CUST003386,Olivia Smith,2005-10-27,dd846abbfc2a,low,pending,RU,2019-11-23 00:00:00,CUSTOMER_ONBOARDING_SVC
CUST003387,Lucas Lopez,1985-01-18,950bd280cae3,low,verified,AE,2020-10-18 00:00:00,CUSTOMER_ONBOARDING_SVC
CUST003388,Mei Smith,1968-09-09,b64553174968,medium,expired,IN,2025-01-10 00:00:00,CUSTOMER_ONBOARDING_SVC
CUST003389,Emma Martinez,1990-01-12,59e71f40136a,high,expired,DE,2022-09-10 00:00:00,CUSTOMER_ONBOARDING_SVC
CUST003390,Arjun Martinez,1976-10-19,12de49258945,high,verified,CN,2025-06-16 00:00:00,CUSTOMER_ONBOARDING_SVC
CUST003391,Nikhil Chen,1975-09-02,475f93363993,high,expired,AE,2023-06-14 00:00:00,CUSTOMER_ONBOARDING_SVC
CUST003392,Pooja Wilson,1999-02-18,f6b7861b87bf,high,expired,DE,2021-05-17 00:00:00,CUSTOMER_ONBOARDING_SVC
CUST003393,Ava Brown,1989-07-18,85874448d02f,low,pending,RU,2025-09-12 00:00:00,CUSTOMER_ONBOARDING_SVC
CUST003394,Sophia Chen,1989-07-28,c2b72623d200,high,verified,NG,2024-04-19 00:00:00,CUSTOMER_ONBOARDING_SVC
CUST003395,Mia Al-Sayed,1993-01-26,9bba4bd19c15,high,verified,CA,2020-12-05 00:00:00,CUSTOMER_ONBOARDING_SVC
CUST003396,Rohan Chen,1987-12-25,9f7e2047b32d,low,verified,IN,2022-08-11 00:00:00,CUSTOMER_ONBOARDING_SVC
CUST003397,Isha Patel,1981-03-07,8f92e1a32dfd,low,expired,IN,2019-09-11 00:00:00,CUSTOMER_ONBOARDING_SVC
CUST003398,Arjun Patel,1984-03-24,774f964ef281,high,expired,AE,2018-12-06 00:00:00,CUSTOMER_ONBOARDING_SVC
CUST003399,Priya Brown,1988-07-23,b8d7d7e4c08e,low,verified,DE,2025-01-13 00:00:00,CUSTOMER_ONBOARDING_SVC
CUST003400,Ananya Al-Sayed,1971-10-29,831a43661b1f,low,expired,GB,2020-01-31 00:00:00,CUSTOMER_ONBOARDING_SVC
CUST003401,Pooja Reddy,1959-04-10,e37e8ef3464d,low,verified,CA,2021-02-17 00:00:00,CUSTOMER_ONBOARDING_SVC
CUST003402,Fatima Lopez,1999-01-21,ab97bd837a42,low,verified,US,2018-06-27 00:00:00,CUSTOMER_ONBOARDING_SVC
CUST003403,Liam Martinez,1987-06-19,2a07a59e28a3,medium,verified,DE,2024-12-06 00:00:00,CUSTOMER_ONBOARDING_SVC
CUST003404,Mei Lopez,1963-08-02,94e3254a139c,low,verified,DE,2019-04-09 00:00:00,CUSTOMER_ONBOARDING_SVC
CUST003405,Aarav Al-Sayed,1997-12-26,c7717352c3d3,high,verified,CA,2026-03-16 00:00:00,CUSTOMER_ONBOARDING_SVC
CUST003406,Meera Gupta,1991-01-06,fd1d73d8332f,medium,pending,US,2024-03-01 00:00:00,CUSTOMER_ONBOARDING_SVC
CUST003407,Liam Chen,1968-11-26,113131b8bb5f,low,verified,AE,2018-06-29 00:00:00,CUSTOMER_ONBOARDING_SVC
CUST003408,Isha Davis,1991-11-23,6aecb498cd9f,medium,verified,DE,2021-12-10 00:00:00,CUSTOMER_ONBOARDING_SVC
CUST003409,Ethan Brown,1956-12-27,1068ecedbdc1,low,verified,NG,2022-09-11 00:00:00,CUSTOMER_ONBOARDING_SVC
CUST003410,Arjun Patel,1976-09-15,392e8eae08ac,high,pending,AU,2022-07-18 00:00:00,CUSTOMER_ONBOARDING_SVC
CUST003411,Aarav Garcia,1994-03-04,d911e3c2723e,medium,,AU,2024-03-02 00:00:00,CUSTOMER_ONBOARDING_SVC
CUST003412,Vikram Reddy,2001-11-17,3cc1f12c4f82,medium,pending,US,2019-01-10 00:00:00,CUSTOMER_ONBOARDING_SVC
CUST003413,Sophia Nair,1975-08-08,6aec2810a723,low,verified,RU,2025-10-22 00:00:00,CUSTOMER_ONBOARDING_SVC
CUST003414,Noah Singh,1984-09-06,dd1ddb9ed5d1,low,pending,DE,2023-04-22 00:00:00,CUSTOMER_ONBOARDING_SVC
CUST003415,Nikhil Patel,1979-05-08,d555026613b1,medium,verified,CN,2019-12-25 00:00:00,CUSTOMER_ONBOARDING_SVC
CUST003416,Ava Ivanov,1957-03-15,9b1db24a65ad,high,verified,US,2019-08-08 00:00:00,CUSTOMER_ONBOARDING_SVC
CUST003417,Olivia Anderson,1957-12-10,22db8bc27c15,low,verified,NG,2021-07-18 00:00:00,CUSTOMER_ONBOARDING_SVC
CUST003418,Riya Mehta,1973-03-21,1d8f7d845e7c,low,verified,DE,2020-09-02 00:00:00,CUSTOMER_ONBOARDING_SVC
CUST003419,Sneha Sharma,2003-06-21,d934f55aceb2,low,pending,RU,2021-02-28 00:00:00,CUSTOMER_ONBOARDING_SVC
CUST003420,Meera Kumar,1955-12-18,1ff7afa34d97,low,pending,CA,2026-05-17 00:00:00,CUSTOMER_ONBOARDING_SVC
CUST003421,Mei Reddy,1975-02-04,132c6111c172,high,expired,NG,2020-05-19 00:00:00,CUSTOMER_ONBOARDING_SVC
CUST003422,Sophia Miller,1964-09-23,4f285924f64f,medium,expired,NG,2023-02-03 00:00:00,CUSTOMER_ONBOARDING_SVC
CUST003423,Riya Zhang,1976-06-09,b4ca39e04214,high,verified,RU,2018-05-06 00:00:00,CUSTOMER_ONBOARDING_SVC
CUST003424,Ivan Singh,2004-03-07,5bc54d1fc26a,low,verified,DE,2020-02-14 00:00:00,CUSTOMER_ONBOARDING_SVC
CUST003425,Yuki Sharma,1978-02-13,9b66a5907c03,low,verified,NG,2026-02-08 00:00:00,CUSTOMER_ONBOARDING_SVC
CUST003426,Ethan Gupta,1973-03-06,541cef96093c,medium,verified,SG,2022-02-18 00:00:00,CUSTOMER_ONBOARDING_SVC
CUST003427,Aarav Martinez,1990-03-01,3b5d20ec7fec,low,pending,GB,2020-01-07 00:00:00,CUSTOMER_ONBOARDING_SVC
CUST003428,Isha Chen,1969-05-13,9faef11443c6,low,verified,US,2022-08-10 00:00:00,CUSTOMER_ONBOARDING_SVC
CUST003429,Vikram Kumar,1994-02-15,eed94142f1dc,,verified,NG,2023-10-01 00:00:00,CUSTOMER_ONBOARDING_SVC
CUST003430,Aarav Martinez,1961-02-06,389384746438,,expired,AU,2024-08-11 00:00:00,CUSTOMER_ONBOARDING_SVC
CUST003431,Aditya Gupta,1991-06-11,d9fff2b90991,,expired,CA,2025-06-24 00:00:00,CUSTOMER_ONBOARDING_SVC
CUST003432,Omar Chen,1999-01-17,655d1276422b,low,verified,CA,2023-07-24 00:00:00,CUSTOMER_ONBOARDING_SVC
CUST003433,Arjun Kumar,2005-07-10,301950031250,medium,expired,US,2021-10-07 00:00:00,CUSTOMER_ONBOARDING_SVC
CUST003434,Aditya Al-Sayed,1987-06-24,d375c14d8850,high,expired,SG,2022-05-18 00:00:00,CUSTOMER_ONBOARDING_SVC
CUST003435,Ethan Kumar,1988-01-19,86bb81989ed0,low,expired,AE,2022-07-02 00:00:00,CUSTOMER_ONBOARDING_SVC
CUST003436,Mei Reddy,1959-01-10,f71a023b6f69,medium,verified,SG,2018-07-19 00:00:00,CUSTOMER_ONBOARDING_SVC
CUST003437,Omar Davis,1997-06-04,f98fedb7962d,low,expired,AU,2020-02-14 00:00:00,CUSTOMER_ONBOARDING_SVC
CUST003438,James Wilson,1980-04-24,4e54dc2a4209,medium,expired,CA,2023-08-07 00:00:00,CUSTOMER_ONBOARDING_SVC
CUST003439,Ava Al-Sayed,1982-07-14,7f7ed59ad0f3,medium,verified,NG,2020-06-04 00:00:00,CUSTOMER_ONBOARDING_SVC
CUST003440,Isha Garcia,1958-03-28,3cf3871519cb,medium,verified,CN,2018-11-25 00:00:00,CUSTOMER_ONBOARDING_SVC
CUST003441,Divya Gupta,1999-01-15,bef986f65d95,medium,verified,DE,2019-04-04 00:00:00,CUSTOMER_ONBOARDING_SVC
CUST003442,Riya Khan,1974-02-05,796897132482,low,verified,IN,2025-01-12 00:00:00,CUSTOMER_ONBOARDING_SVC
CUST003443,Mia Wilson,2001-04-04,0c51a901ee42,high,pending,CN,2026-04-12 00:00:00,CUSTOMER_ONBOARDING_SVC
CUST003444,Rohan Patel,1979-10-31,b4136933f55d,medium,verified,CN,2024-02-27 00:00:00,CUSTOMER_ONBOARDING_SVC
CUST003445,Ivan Khan,1972-09-02,ed8e0538a2e7,high,verified,RU,2021-04-04 00:00:00,CUSTOMER_ONBOARDING_SVC
CUST003446,Arjun Martinez,1962-06-03,b27e2583df79,high,pending,AE,2022-12-10 00:00:00,CUSTOMER_ONBOARDING_SVC
CUST003447,Elena Al-Sayed,1994-06-02,c4f75c484c1c,high,verified,GB,2022-03-10 00:00:00,CUSTOMER_ONBOARDING_SVC
CUST003448,Wei Martinez,1996-02-25,b4752c86e68a,low,verified,US,2021-05-16 00:00:00,CUSTOMER_ONBOARDING_SVC
CUST003449,Pooja Garcia,2000-02-13,569c9136a75c,low,verified,AE,2025-10-20 00:00:00,CUSTOMER_ONBOARDING_SVC
CUST003450,Lucia Reddy,1979-05-17,11dd01231390,low,verified,IN,2023-10-13 00:00:00,CUSTOMER_ONBOARDING_SVC
CUST003451,Mason Reddy,1978-01-07,c89da1d5e30e,low,expired,RU,2020-03-18 00:00:00,CUSTOMER_ONBOARDING_SVC
CUST003452,Aarav Wilson,1983-04-19,d5041a8495b0,low,pending,NG,2021-08-22 00:00:00,CUSTOMER_ONBOARDING_SVC
CUST003453,Emma Smith,1960-06-03,6d1d91c8183e,low,verified,US,2026-01-15 00:00:00,CUSTOMER_ONBOARDING_SVC
CUST003454,James Lopez,1986-04-17,355762ac51a2,medium,verified,AE,2021-02-14 00:00:00,CUSTOMER_ONBOARDING_SVC
CUST003455,Vikram Wilson,1992-04-16,6aaf231422c2,medium,verified,NG,2024-11-08 00:00:00,CUSTOMER_ONBOARDING_SVC
CUST003456,Riya Garcia,1983-10-18,b50cb3158ee7,medium,verified,CA,2020-05-10 00:00:00,CUSTOMER_ONBOARDING_SVC
CUST003457,Yuki Patel,1981-11-16,f711d6dc4a63,low,pending,AE,2023-02-20 00:00:00,CUSTOMER_ONBOARDING_SVC
CUST003458,Rohan Miller,1982-01-31,1fd26c0a6e2d,low,verified,CN,2021-10-01 00:00:00,CUSTOMER_ONBOARDING_SVC
CUST003459,Nikhil Brown,1989-12-07,87379f4ac05a,high,verified,GB,2024-12-26 00:00:00,CUSTOMER_ONBOARDING_SVC
CUST003460,Ananya Chen,1981-06-22,fb1222a2ccf7,low,pending,AE,2020-07-27 00:00:00,CUSTOMER_ONBOARDING_SVC
CUST003461,Ava Smith,1959-06-13,2b57b73fccc3,high,verified,CA,2026-01-31 00:00:00,CUSTOMER_ONBOARDING_SVC
CUST003462,Vikram Patel,1987-01-26,412e0f830235,medium,verified,CA,2019-03-20 00:00:00,CUSTOMER_ONBOARDING_SVC
CUST003463,Isha Sharma,1969-11-04,d41a109877f9,high,verified,CN,2021-04-07 00:00:00,CUSTOMER_ONBOARDING_SVC
CUST003464,Chen Brown,1977-09-15,af095466cbf7,low,expired,DE,2025-06-14 00:00:00,CUSTOMER_ONBOARDING_SVC
CUST003465,Aditya Davis,1987-04-08,70ca606e3f6b,low,verified,DE,2026-03-13 00:00:00,CUSTOMER_ONBOARDING_SVC
CUST003466,Ava Davis,2004-07-07,1a13b95423e5,medium,expired,SG,2019-04-23 00:00:00,CUSTOMER_ONBOARDING_SVC
CUST003467,Sneha Zhang,1970-12-10,4a8fa2ef9d03,low,expired,SG,2026-04-10 00:00:00,CUSTOMER_ONBOARDING_SVC
CUST003468,Karan Al-Sayed,1969-05-10,7b29e41256f3,medium,expired,GB,2024-05-25 00:00:00,CUSTOMER_ONBOARDING_SVC
CUST003468,Karan Al-Sayed,1969-05-10,7b29e41256f3,medium,expired,GB,2024-05-25 00:11:00,CUSTOMER_ONBOARDING_SVC
CUST003469,Pooja Wilson,1990-08-06,f94ef332049c,medium,verified,SG,2024-06-22 00:00:00,CUSTOMER_ONBOARDING_SVC
CUST003470,Aarav Kumar,1957-09-27,26a3272b74aa,medium,verified,CN,2019-03-19 00:00:00,CUSTOMER_ONBOARDING_SVC
CUST003471,Olivia Zhang,1994-02-06,d349aa5cd85b,medium,expired,GB,2024-12-07 00:00:00,CUSTOMER_ONBOARDING_SVC
CUST003472,Vikram Zhang,1968-03-05,3d3587a57dc0,low,expired,NG,2023-03-13 00:00:00,CUSTOMER_ONBOARDING_SVC
CUST003473,Chen Kumar,1983-01-03,d0bd00a109e3,high,expired,DE,2021-01-23 00:00:00,CUSTOMER_ONBOARDING_SVC
CUST003474,Divya Anderson,1957-04-13,f82479523590,low,verified,AU,2019-01-25 00:00:00,CUSTOMER_ONBOARDING_SVC
CUST003475,Mia Anderson,1976-02-27,c4db5f574a43,low,expired,CN,2021-04-02 00:00:00,CUSTOMER_ONBOARDING_SVC
CUST003476,James Miller,1990-04-06,6e8e05f7ddb7,low,verified,CN,2023-05-07 00:00:00,CUSTOMER_ONBOARDING_SVC
CUST003477,James Reddy,2003-03-03,d4caea65dce0,medium,verified,AE,2022-10-03 00:00:00,CUSTOMER_ONBOARDING_SVC
CUST003478,Mei Ivanov,2003-01-08,b8bc970d03cc,high,pending,AE,2023-07-15 00:00:00,CUSTOMER_ONBOARDING_SVC
CUST003479,Yuki Tanaka,1961-09-24,5ef99088c52d,medium,verified,CN,2018-06-12 00:00:00,CUSTOMER_ONBOARDING_SVC
CUST003480,Pooja Zhang,1988-03-24,12d2b3a5ad32,low,expired,IN,2018-10-27 00:00:00,CUSTOMER_ONBOARDING_SVC
CUST003481,Lucia Gupta,1979-10-22,8d071d491797,medium,verified,SG,2020-01-19 00:00:00,CUSTOMER_ONBOARDING_SVC
CUST003482,Layla Martinez,1973-08-09,3b156af395ca,low,pending,AU,2024-08-28 00:00:00,CUSTOMER_ONBOARDING_SVC
CUST003483,Nikhil Martinez,1983-08-17,bf3ff5c138b8,low,verified,NG,2025-11-04 00:00:00,CUSTOMER_ONBOARDING_SVC
CUST003484,Fatima Martinez,1989-03-18,f97be0f3224a,low,verified,AE,2025-04-08 00:00:00,CUSTOMER_ONBOARDING_SVC
CUST003485,Wei Ivanov,1979-08-07,33648c24cff6,high,verified,IN,2020-01-10 00:00:00,CUSTOMER_ONBOARDING_SVC
CUST003486,Omar Lopez,1987-12-11,b0195824df50,low,verified,RU,2024-06-28 00:00:00,CUSTOMER_ONBOARDING_SVC
CUST003487,Ananya Al-Sayed,1983-08-06,aac7cf2b9a21,low,pending,AE,2020-10-18 00:00:00,CUSTOMER_ONBOARDING_SVC
CUST003488,Aarav Tanaka,1988-08-21,7b28b852924b,high,expired,CA,2018-01-26 00:00:00,CUSTOMER_ONBOARDING_SVC
CUST003489,Elena Lopez,1990-11-03,0d956c3f8b36,low,pending,RU,2020-03-21 00:00:00,CUSTOMER_ONBOARDING_SVC
CUST003490,Vikram Mehta,1956-01-12,0e62bd1f4f80,medium,verified,NG,2021-08-25 00:00:00,CUSTOMER_ONBOARDING_SVC
CUST003491,Ethan Smith,1969-08-12,299161a51f1f,medium,verified,CN,2022-02-27 00:00:00,CUSTOMER_ONBOARDING_SVC
CUST003492,Rahul Ivanov,1961-01-14,14a9a8637b5a,low,verified,SG,2021-12-08 00:00:00,CUSTOMER_ONBOARDING_SVC
CUST003493,Karan Sharma,1991-11-06,201bbafba2d1,low,verified,RU,2023-08-02 00:00:00,CUSTOMER_ONBOARDING_SVC
CUST003494,Nikhil Miller,1955-11-18,04ed2a2f67d8,high,verified,SG,2021-10-04 00:00:00,CUSTOMER_ONBOARDING_SVC
CUST003495,Meera Gupta,1978-05-26,3da92ae1ebb4,medium,pending,AE,2019-07-05 00:00:00,CUSTOMER_ONBOARDING_SVC
CUST003496,Rahul Zhang,1970-06-23,19a469130c6b,high,expired,AE,2020-06-05 00:00:00,CUSTOMER_ONBOARDING_SVC
CUST003497,Omar Lopez,1975-08-22,74bb53460d5c,low,pending,AU,2021-12-18 00:00:00,CUSTOMER_ONBOARDING_SVC
CUST003498,Divya Singh,1994-08-02,08d364b7a865,low,expired,CN,2026-05-27 00:00:00,CUSTOMER_ONBOARDING_SVC
CUST003499,Vikram Singh,1973-06-20,dc9a9f6ef138,low,verified,GB,2020-09-04 00:00:00,CUSTOMER_ONBOARDING_SVC
CUST003500,Amelia Ivanov,1978-04-10,5bca75ca871c,low,verified,SG,2025-07-20 00:00:00,CUSTOMER_ONBOARDING_SVC
CUST003501,Riya Zhang,1981-09-20,211a7d85801b,low,verified,DE,2024-02-20 00:00:00,CUSTOMER_ONBOARDING_SVC
CUST003502,Olivia Singh,1957-02-16,3b3564ae2318,low,pending,GB,2024-02-07 00:00:00,CUSTOMER_ONBOARDING_SVC
CUST003503,Hassan Tanaka,1994-12-23,e9c9b1f6b58a,high,verified,NG,2025-03-12 00:00:00,CUSTOMER_ONBOARDING_SVC
CUST003504,Aarav Nair,1966-07-08,48431e972972,low,verified,AU,2018-03-26 00:00:00,CUSTOMER_ONBOARDING_SVC
CUST003505,Olivia Johnson,1964-05-16,28792aab1529,medium,verified,CN,2018-06-27 00:00:00,CUSTOMER_ONBOARDING_SVC
CUST003506,Aarav Singh,1981-03-22,ba70614d8e4b,low,verified,IN,2019-03-29 00:00:00,CUSTOMER_ONBOARDING_SVC
CUST003507,Olivia Gupta,1997-05-18,e139dd0cf3ff,high,verified,IN,2019-08-25 00:00:00,CUSTOMER_ONBOARDING_SVC
CUST003508,Lucia Gupta,1962-08-20,50e5588b2d29,medium,verified,AU,2023-06-27 00:00:00,CUSTOMER_ONBOARDING_SVC
CUST003509,Ivan Anderson,2004-09-04,929df7f2dd12,medium,pending,CA,2023-02-03 00:00:00,CUSTOMER_ONBOARDING_SVC
CUST003510,Fatima Tanaka,1961-11-10,c6144522533a,low,expired,CA,2019-06-12 00:00:00,CUSTOMER_ONBOARDING_SVC
CUST003511,Rohan Patel,2000-06-15,fcb2f8d017e1,low,verified,GB,2023-05-06 00:00:00,CUSTOMER_ONBOARDING_SVC
CUST003512,Fatima Davis,1962-07-31,ff1978dd7ddf,high,pending,NG,2025-03-27 00:00:00,CUSTOMER_ONBOARDING_SVC
CUST003513,Priya Tanaka,1991-02-17,87a1f252ad4a,high,verified,RU,2021-06-30 00:00:00,CUSTOMER_ONBOARDING_SVC
CUST003514,Noah Wilson,1972-04-15,7ebc25c40286,low,expired,SG,2024-05-18 00:00:00,CUSTOMER_ONBOARDING_SVC
CUST003515,Sophia Smith,1972-02-26,18dff0f1aa3d,medium,verified,GB,2020-08-22 00:00:00,CUSTOMER_ONBOARDING_SVC
CUST003516,Mason Mehta,1983-03-04,1b941d97bfbf,medium,verified,NG,2022-09-19 00:00:00,CUSTOMER_ONBOARDING_SVC
CUST003517,Ethan Nair,2005-02-21,49201f7c9c14,low,verified,CA,2025-05-13 00:00:00,CUSTOMER_ONBOARDING_SVC
CUST003518,Ava Mehta,1983-09-03,f14edea3c3d7,low,verified,AU,2020-12-29 00:00:00,CUSTOMER_ONBOARDING_SVC
CUST003519,Mason Chen,2000-02-27,7a86b57b55ff,medium,expired,CA,2023-11-23 00:00:00,CUSTOMER_ONBOARDING_SVC
CUST003520,Karan Patel,1995-11-13,fa7b969686ea,high,verified,IN,2019-07-27 00:00:00,CUSTOMER_ONBOARDING_SVC
CUST003521,Vikram Kumar,1981-06-21,eccd9c366343,low,pending,CN,2022-07-07 00:00:00,CUSTOMER_ONBOARDING_SVC
CUST003522,Emma Kumar,1982-11-13,9fa70c3416e7,medium,pending,IN,2024-03-10 00:00:00,CUSTOMER_ONBOARDING_SVC
CUST003523,Amelia Gupta,1981-12-20,a572684c13cf,low,verified,GB,2023-08-01 00:00:00,CUSTOMER_ONBOARDING_SVC
CUST003524,Divya Wilson,1996-10-28,d9367fbb2b1b,low,verified,CA,2018-02-26 00:00:00,CUSTOMER_ONBOARDING_SVC
CUST003525,Liam Mehta,1996-08-03,8a003a9caf7a,low,verified,IN,2020-09-27 00:00:00,CUSTOMER_ONBOARDING_SVC
CUST003526,Mei Tanaka,1977-12-31,0ea717d6d91c,high,verified,AU,2024-09-26 00:00:00,CUSTOMER_ONBOARDING_SVC
CUST003527,Nikhil Wilson,1996-08-18,561e87c7d991,medium,expired,US,2022-12-17 00:00:00,CUSTOMER_ONBOARDING_SVC
CUST003528,Mia Martinez,1980-06-11,d297a0432872,low,verified,CN,2023-03-29 00:00:00,CUSTOMER_ONBOARDING_SVC
CUST003529,Sneha Singh,1993-03-21,41a45f579a5c,low,verified,NG,2021-03-27 00:00:00,CUSTOMER_ONBOARDING_SVC
CUST003530,Sophia Kumar,1966-03-10,7976b59374b6,medium,verified,NG,2019-11-12 00:00:00,CUSTOMER_ONBOARDING_SVC
CUST003531,Emma Mehta,1979-04-18,a9e34d7b1c7a,high,verified,CA,2020-03-21 00:00:00,CUSTOMER_ONBOARDING_SVC
CUST003532,Ava Nair,1967-05-22,ddbafca5cf40,low,verified,DE,2021-07-15 00:00:00,CUSTOMER_ONBOARDING_SVC
CUST003533,Vikram Kumar,1957-06-04,80f50a79ea9d,low,verified,RU,2025-03-06 00:00:00,CUSTOMER_ONBOARDING_SVC
CUST003534,Ivan Nair,1957-12-18,c4e66cfe3db9,low,verified,IN,2022-01-16 00:00:00,CUSTOMER_ONBOARDING_SVC
CUST003535,Amelia Chen,1976-12-02,3c7a738a009c,low,verified,AU,2026-05-23 00:00:00,CUSTOMER_ONBOARDING_SVC
CUST003536,Divya Davis,1983-01-19,27ee9c775093,medium,expired,US,2025-06-29 00:00:00,CUSTOMER_ONBOARDING_SVC
CUST003537,Ananya Anderson,1984-07-22,8c40121ac0c1,low,pending,GB,2021-07-12 00:00:00,CUSTOMER_ONBOARDING_SVC
CUST003538,Mia Wilson,1988-01-31,be0e92881ca5,medium,verified,CN,2018-09-03 00:00:00,CUSTOMER_ONBOARDING_SVC
CUST003539,Rahul Reddy,1966-12-25,f84d105a3d06,low,expired,AE,2020-03-09 00:00:00,CUSTOMER_ONBOARDING_SVC
CUST003540,Pooja Khan,1984-11-24,b5898aaefa86,low,expired,AU,2025-03-26 00:00:00,CUSTOMER_ONBOARDING_SVC
CUST003541,Rahul Tanaka,2000-08-13,d0ad4a60b802,medium,pending,AU,2018-12-27 00:00:00,CUSTOMER_ONBOARDING_SVC
CUST003542,Arjun Garcia,1980-03-01,40d945dea522,high,pending,CN,2025-11-22 00:00:00,CUSTOMER_ONBOARDING_SVC
CUST003543,Elena Miller,1977-01-02,8ee1a4487120,low,pending,GB,2018-05-19 00:00:00,CUSTOMER_ONBOARDING_SVC
CUST003544,Layla Wilson,1990-01-02,c2f51a57c2a6,medium,pending,CN,2021-05-04 00:00:00,CUSTOMER_ONBOARDING_SVC
CUST003545,Pooja Tanaka,1975-06-11,8d11fbd44099,low,verified,CA,2024-04-22 00:00:00,CUSTOMER_ONBOARDING_SVC
CUST003546,Priya Smith,1996-12-19,e953052e37b2,low,verified,IN,2019-10-06 00:00:00,CUSTOMER_ONBOARDING_SVC
CUST003547,Ananya Davis,1974-12-19,6b35f6ef9114,high,verified,IN,2019-08-02 00:00:00,CUSTOMER_ONBOARDING_SVC
CUST003548,Sophia Khan,1997-10-14,49fe444e33d3,low,verified,US,2021-04-30 00:00:00,CUSTOMER_ONBOARDING_SVC
CUST003549,Nikhil Ivanov,1981-08-28,0ebdae1c0188,high,expired,AU,2020-10-06 00:00:00,CUSTOMER_ONBOARDING_SVC
CUST003550,Lucia Anderson,1987-01-27,7da1fde78b15,high,verified,RU,2019-09-29 00:00:00,CUSTOMER_ONBOARDING_SVC
CUST003551,Elena Davis,1985-02-26,15b0c40aa0c0,medium,verified,GB,2021-06-08 00:00:00,CUSTOMER_ONBOARDING_SVC
CUST003552,Divya Reddy,1972-04-26,554227a0b0b1,low,pending,CA,2026-02-20 00:00:00,CUSTOMER_ONBOARDING_SVC
CUST003553,Meera Chen,2002-06-20,3bfdff79ca01,low,verified,US,2020-07-25 00:00:00,CUSTOMER_ONBOARDING_SVC
CUST003554,Pooja Miller,1966-08-09,411a896b2ffb,medium,verified,AU,2023-05-03 00:00:00,CUSTOMER_ONBOARDING_SVC
CUST003555,Emma Patel,1989-12-09,5c3c27d2fb05,high,verified,GB,2021-10-09 00:00:00,CUSTOMER_ONBOARDING_SVC
CUST003556,Divya Sharma,1955-08-03,9faa516ecb38,high,verified,SG,2019-07-11 00:00:00,CUSTOMER_ONBOARDING_SVC
CUST003557,Liam Khan,1985-05-15,176eb68451b1,low,verified,AU,2024-08-04 00:00:00,CUSTOMER_ONBOARDING_SVC
CUST003558,Diego Davis,1998-03-14,57591572d14b,low,verified,CA,2021-01-22 00:00:00,CUSTOMER_ONBOARDING_SVC
CUST003559,Nikhil Al-Sayed,1972-05-12,a3b552b504fe,low,pending,CA,2026-03-15 00:00:00,CUSTOMER_ONBOARDING_SVC
CUST003560,Isha Singh,1965-09-27,e064ab69497e,low,verified,SG,2018-06-18 00:00:00,CUSTOMER_ONBOARDING_SVC
CUST003561,Aditya Al-Sayed,1977-07-21,29d95b398f48,medium,pending,AU,2025-10-25 00:00:00,CUSTOMER_ONBOARDING_SVC
CUST003562,Ava Nair,1961-02-15,3deff422c11b,low,pending,CA,2022-01-19 00:00:00,CUSTOMER_ONBOARDING_SVC
CUST003562,Ava Nair,1961-02-15,3deff422c11b,low,pending,CA,2022-01-19 01:13:00,CUSTOMER_ONBOARDING_SVC
CUST003563,Hassan Nair,2004-11-21,bc59639697a7,low,verified,US,2023-01-31 00:00:00,CUSTOMER_ONBOARDING_SVC
CUST003564,Pooja Mehta,1995-04-23,6307338cb766,low,verified,CA,2020-07-21 00:00:00,CUSTOMER_ONBOARDING_SVC
CUST003565,Ananya Ivanov,2001-05-26,2a3709889ace,low,verified,GB,2021-10-24 00:00:00,CUSTOMER_ONBOARDING_SVC
CUST003566,Priya Wilson,1991-12-17,c587789df916,,verified,CN,2024-02-07 00:00:00,CUSTOMER_ONBOARDING_SVC
CUST003567,Wei Singh,1965-11-16,3ff45a0825df,medium,verified,CN,2023-11-10 00:00:00,CUSTOMER_ONBOARDING_SVC
CUST003568,Elena Davis,1966-10-15,a2c992f8a27e,low,verified,IN,2020-08-18 00:00:00,CUSTOMER_ONBOARDING_SVC
CUST003569,Omar Ivanov,1986-06-21,c0991ac3a482,medium,verified,CA,2019-04-16 00:00:00,CUSTOMER_ONBOARDING_SVC
CUST003570,Hassan Wilson,1960-02-01,c1b625803f96,low,expired,NG,2022-11-13 00:00:00,CUSTOMER_ONBOARDING_SVC
CUST003571,Emma Kumar,1957-02-26,ef64a78ab8f8,medium,expired,AE,2018-07-12 00:00:00,CUSTOMER_ONBOARDING_SVC
CUST003572,Yuki Brown,2003-07-22,164dc484ecdf,low,expired,SG,2021-10-16 00:00:00,CUSTOMER_ONBOARDING_SVC
CUST003573,Mei Chen,1977-04-04,36521ae5b2d0,medium,expired,CN,2022-05-20 00:00:00,CUSTOMER_ONBOARDING_SVC
CUST003574,Ava Kumar,1966-03-14,56e6fcdd70f2,high,verified,NG,2021-03-25 00:00:00,CUSTOMER_ONBOARDING_SVC
CUST003575,Emma Khan,1959-02-15,a568f3f77d3b,high,verified,SG,2025-08-25 00:00:00,CUSTOMER_ONBOARDING_SVC
CUST003576,Aditya Johnson,1973-01-18,5ad33a4d7907,low,verified,RU,2024-06-09 00:00:00,CUSTOMER_ONBOARDING_SVC
CUST003577,Lucas Chen,1958-01-03,f84320d0009a,medium,expired,GB,2022-12-14 00:00:00,CUSTOMER_ONBOARDING_SVC
CUST003578,Sophia Anderson,1995-01-22,b77554cc34d9,medium,verified,SG,2021-01-13 00:00:00,CUSTOMER_ONBOARDING_SVC
CUST003579,Amelia Chen,1968-07-26,3e4ac6a6cb95,low,verified,AU,2022-10-23 00:00:00,CUSTOMER_ONBOARDING_SVC
CUST003580,Mei Brown,1995-10-11,239f2b484bb8,low,verified,AE,2023-04-21 00:00:00,CUSTOMER_ONBOARDING_SVC
CUST003581,Amelia Ivanov,1986-12-21,737421555725,high,expired,GB,2025-07-31 00:00:00,CUSTOMER_ONBOARDING_SVC
CUST003582,Diego Anderson,1979-04-05,e52085d50dc3,low,verified,IN,2022-12-09 00:00:00,CUSTOMER_ONBOARDING_SVC
CUST003583,Fatima Chen,1990-05-04,03d020c32544,low,pending,SG,2024-07-03 00:00:00,CUSTOMER_ONBOARDING_SVC
CUST003584,Nikhil Khan,1997-02-17,c15bf2086eed,low,pending,CN,2020-05-03 00:00:00,CUSTOMER_ONBOARDING_SVC
CUST003585,Vikram Gupta,1955-06-09,9fd028264a26,medium,verified,AE,2018-04-21 00:00:00,CUSTOMER_ONBOARDING_SVC
CUST003586,Divya Garcia,1967-09-23,d82a38d8e19e,low,verified,AE,2025-11-30 00:00:00,CUSTOMER_ONBOARDING_SVC
CUST003587,Aarav Brown,2003-03-29,8b4132ab742f,medium,expired,CA,2020-05-21 00:00:00,CUSTOMER_ONBOARDING_SVC
CUST003588,Emma Singh,1991-05-24,a6d463d72eb2,high,verified,AE,2021-10-17 00:00:00,CUSTOMER_ONBOARDING_SVC
CUST003589,Emma Lopez,1994-10-25,921fe3b3d610,medium,verified,AU,2026-01-28 00:00:00,CUSTOMER_ONBOARDING_SVC
CUST003590,Emma Miller,1979-12-10,c9c20a2d1550,low,pending,US,2020-09-08 00:00:00,CUSTOMER_ONBOARDING_SVC
CUST003591,Yuki Johnson,1972-09-02,f25622fdac91,medium,pending,GB,2022-05-07 00:00:00,CUSTOMER_ONBOARDING_SVC
CUST003592,Riya Wilson,1994-03-05,6b5a27c4a219,low,verified,CA,2020-02-03 00:00:00,CUSTOMER_ONBOARDING_SVC
CUST003593,Noah Smith,2000-01-01,14380475fe82,medium,verified,SG,2022-11-26 00:00:00,CUSTOMER_ONBOARDING_SVC
CUST003594,Vikram Smith,1998-11-15,78215189a395,low,verified,CN,2023-09-04 00:00:00,CUSTOMER_ONBOARDING_SVC
CUST003595,Fatima Tanaka,1992-07-10,e5bfd79c4281,high,verified,CN,2020-04-28 00:00:00,CUSTOMER_ONBOARDING_SVC
CUST003596,Nikhil Martinez,2002-01-09,4e842b44a1ea,low,verified,RU,2019-10-15 00:00:00,CUSTOMER_ONBOARDING_SVC
CUST003597,Pooja Gupta,1955-08-09,1ef4032e655e,high,verified,AU,2021-03-31 00:00:00,CUSTOMER_ONBOARDING_SVC
CUST003598,Wei Singh,1978-11-09,cfb04817719f,high,pending,,2019-03-29 00:00:00,CUSTOMER_ONBOARDING_SVC
CUST003599,Hassan Martinez,1962-08-01,37311590ce46,medium,verified,AE,2019-02-09 00:00:00,CUSTOMER_ONBOARDING_SVC
CUST003600,Diego Miller,1997-07-05,9f647d06f0c6,medium,pending,SG,2026-01-26 00:00:00,CUSTOMER_ONBOARDING_SVC
CUST003601,Ethan Gupta,1999-11-14,b9873160cfd1,high,verified,IN,2025-07-12 00:00:00,CUSTOMER_ONBOARDING_SVC
CUST003602,Noah Reddy,1999-01-19,339fb142634e,low,verified,US,2022-01-29 00:00:00,CUSTOMER_ONBOARDING_SVC
CUST003603,Hassan Wilson,1967-11-19,6e2a4d750bde,low,verified,,2023-04-02 00:00:00,CUSTOMER_ONBOARDING_SVC
CUST003604,Hassan Garcia,1992-02-27,150d96f09827,low,expired,IN,2024-10-23 00:00:00,CUSTOMER_ONBOARDING_SVC
CUST003605,Amelia Khan,1958-02-11,1a8735ba736c,medium,pending,GB,2018-09-10 00:00:00,CUSTOMER_ONBOARDING_SVC
CUST003606,Rahul Mehta,1962-11-14,8266b0e34c1b,low,verified,CN,2020-11-18 00:00:00,CUSTOMER_ONBOARDING_SVC
CUST003607,Riya Mehta,1962-02-01,5d1488d30309,low,expired,IN,2019-03-21 00:00:00,CUSTOMER_ONBOARDING_SVC
CUST003608,Noah Brown,1999-09-10,4880458d1a67,low,verified,NG,2021-08-02 00:00:00,CUSTOMER_ONBOARDING_SVC
CUST003609,Vikram Smith,1991-12-20,7493d3380841,medium,verified,AE,2024-10-28 00:00:00,CUSTOMER_ONBOARDING_SVC
CUST003610,Diego Martinez,1972-12-01,5276a629175a,medium,pending,NG,2025-04-17 00:00:00,CUSTOMER_ONBOARDING_SVC
CUST003611,Mia Davis,1993-10-04,105b0f71442f,high,verified,RU,2020-10-10 00:00:00,CUSTOMER_ONBOARDING_SVC
CUST003612,Layla Davis,1977-06-17,e4e3883f9b62,medium,expired,AU,2018-10-07 00:00:00,CUSTOMER_ONBOARDING_SVC
CUST003613,Divya Lopez,1964-12-11,b35bc7f60916,medium,verified,RU,2026-03-30 00:00:00,CUSTOMER_ONBOARDING_SVC
CUST003614,Mason Zhang,1972-07-30,7fff95201c42,high,expired,CN,2022-05-31 00:00:00,CUSTOMER_ONBOARDING_SVC
CUST003615,Yuki Martinez,1972-02-27,23107181d530,medium,expired,CA,2022-11-14 00:00:00,CUSTOMER_ONBOARDING_SVC
CUST003616,Aarav Gupta,1999-05-12,dc243c266b0d,medium,verified,AU,2018-11-12 00:00:00,CUSTOMER_ONBOARDING_SVC
CUST003617,Arjun Sharma,2003-06-13,bb232f772d8e,medium,verified,AE,2025-05-29 00:00:00,CUSTOMER_ONBOARDING_SVC
CUST003618,Vikram Martinez,1979-08-01,b4cd4ffbbda5,high,pending,IN,2021-12-12 00:00:00,CUSTOMER_ONBOARDING_SVC
CUST003619,Isha Gupta,1963-06-03,b361416996fb,low,pending,IN,2022-05-20 00:00:00,CUSTOMER_ONBOARDING_SVC
CUST003620,Ethan Patel,1968-12-18,b2ce346e23e7,low,verified,NG,2021-03-25 00:00:00,CUSTOMER_ONBOARDING_SVC
CUST003621,Emma Sharma,1959-10-25,65a2a26d308a,medium,verified,AE,2025-03-19 00:00:00,CUSTOMER_ONBOARDING_SVC
CUST003622,Vikram Khan,1969-04-27,0339ec18ab7b,low,verified,GB,2018-09-09 00:00:00,CUSTOMER_ONBOARDING_SVC
CUST003623,Emma Garcia,1974-01-19,1c2a3d7d04a6,low,verified,IN,2026-04-09 00:00:00,CUSTOMER_ONBOARDING_SVC
CUST003624,Chen Chen,1967-07-15,77883ba3578f,low,verified,IN,2020-12-21 00:00:00,CUSTOMER_ONBOARDING_SVC
CUST003625,Aarav Chen,1963-08-19,5fe3fbe63f1d,medium,verified,CA,2025-07-04 00:00:00,CUSTOMER_ONBOARDING_SVC
CUST003626,Arjun Tanaka,1974-10-17,3ec6858cce5b,medium,verified,CA,2023-06-29 00:00:00,CUSTOMER_ONBOARDING_SVC
CUST003627,Ethan Tanaka,1985-04-13,60fc3d1a19f7,low,expired,AE,2021-08-05 00:00:00,CUSTOMER_ONBOARDING_SVC
CUST003628,Lucas Davis,1964-06-27,99341ee96b03,high,verified,DE,2021-10-22 00:00:00,CUSTOMER_ONBOARDING_SVC
CUST003629,Chen Smith,1996-07-04,7057f3f9ba31,low,verified,CN,2025-12-09 00:00:00,CUSTOMER_ONBOARDING_SVC
CUST003630,James Mehta,1977-05-22,2856c93a56bb,low,pending,AU,2024-05-21 00:00:00,CUSTOMER_ONBOARDING_SVC
CUST003631,Ava Wilson,1980-11-02,67b66c7539af,medium,verified,CN,2023-01-03 00:00:00,CUSTOMER_ONBOARDING_SVC
CUST003632,Chen Lopez,1974-10-31,1e0c2046bb11,low,expired,IN,2023-01-17 00:00:00,CUSTOMER_ONBOARDING_SVC
CUST003633,Sophia Brown,1962-11-08,675ead9e88e7,low,verified,CA,2021-03-24 00:00:00,CUSTOMER_ONBOARDING_SVC
CUST003634,Isha Patel,1984-03-05,d9ddb3717c2c,,verified,DE,2024-09-15 00:00:00,CUSTOMER_ONBOARDING_SVC
CUST003635,Pooja Miller,1981-01-10,2e54998a3509,low,verified,GB,2020-10-25 00:00:00,CUSTOMER_ONBOARDING_SVC
CUST003636,James Gupta,1955-09-02,810c9acf4669,low,pending,CN,2025-01-30 00:00:00,CUSTOMER_ONBOARDING_SVC
CUST003637,Fatima Mehta,1969-02-07,227a9fd19d20,medium,verified,SG,2023-03-07 00:00:00,CUSTOMER_ONBOARDING_SVC
CUST003638,Layla Brown,1998-04-12,9ef98b5e4c2f,low,expired,AU,2019-03-12 00:00:00,CUSTOMER_ONBOARDING_SVC
CUST003639,Aarav Patel,1958-11-22,d669e3e83de1,high,pending,RU,2018-09-03 00:00:00,CUSTOMER_ONBOARDING_SVC
CUST003640,Amelia Al-Sayed,1995-01-03,9fac73e103ac,low,pending,CA,2021-09-16 00:00:00,CUSTOMER_ONBOARDING_SVC
CUST003641,Olivia Chen,1957-06-30,454b8360e26d,low,verified,AU,2020-09-15 00:00:00,CUSTOMER_ONBOARDING_SVC
CUST003642,Lucas Garcia,1992-01-23,33dcc07f2fba,low,verified,AU,2023-12-05 00:00:00,CUSTOMER_ONBOARDING_SVC
CUST003643,Lucia Brown,1973-04-21,1f58b38a7b86,low,expired,CA,2021-07-08 00:00:00,CUSTOMER_ONBOARDING_SVC
CUST003644,Elena Khan,1987-03-16,4309abaa1c11,medium,verified,DE,2025-11-22 00:00:00,CUSTOMER_ONBOARDING_SVC
CUST003645,Nikhil Zhang,1995-03-02,e711e5a3f09c,low,verified,AE,2026-05-06 00:00:00,CUSTOMER_ONBOARDING_SVC
CUST003646,Arjun Singh,2005-08-05,c5f51299e952,low,verified,IN,2019-10-17 00:00:00,CUSTOMER_ONBOARDING_SVC
CUST003647,Ivan Al-Sayed,1972-10-04,3f41c14417ae,high,verified,SG,2023-01-31 00:00:00,CUSTOMER_ONBOARDING_SVC
CUST003648,Meera Davis,1974-03-14,8d955b3450a8,low,expired,GB,2018-08-24 00:00:00,CUSTOMER_ONBOARDING_SVC
CUST003649,Meera Reddy,2005-03-14,b37b2b0edf54,low,verified,RU,2019-08-08 00:00:00,CUSTOMER_ONBOARDING_SVC
CUST003650,Aditya Lopez,1969-11-28,ee543355a1bb,high,verified,CN,2024-10-23 00:00:00,CUSTOMER_ONBOARDING_SVC
CUST003651,Olivia Martinez,1966-12-09,200511933b3e,low,verified,DE,2024-03-31 00:00:00,CUSTOMER_ONBOARDING_SVC
CUST003652,Ava Nair,1959-11-19,b8a0e2418980,medium,expired,RU,2024-02-14 00:00:00,CUSTOMER_ONBOARDING_SVC
CUST003653,Mia Chen,1957-02-26,1f02393f9a19,medium,expired,AU,2018-07-26 00:00:00,CUSTOMER_ONBOARDING_SVC
CUST003654,Chen Johnson,1974-11-30,d2edd01cd60a,high,verified,NG,2022-11-03 00:00:00,CUSTOMER_ONBOARDING_SVC
CUST003655,Fatima Reddy,1986-12-08,61af85d0c418,low,expired,AU,2026-03-05 00:00:00,CUSTOMER_ONBOARDING_SVC
CUST003656,Rohan Martinez,1971-07-17,6600c76ee830,medium,expired,CA,2022-03-25 00:00:00,CUSTOMER_ONBOARDING_SVC
CUST003657,Noah Chen,1998-10-07,5d3983152df8,high,verified,CN,2020-09-30 00:00:00,CUSTOMER_ONBOARDING_SVC
CUST003658,Chen Zhang,1997-06-27,6e074d76d01c,high,verified,CN,2018-08-13 00:00:00,CUSTOMER_ONBOARDING_SVC
CUST003659,James Davis,1990-09-07,b51ade81cb91,low,verified,DE,2019-03-08 00:00:00,CUSTOMER_ONBOARDING_SVC
CUST003660,Ananya Anderson,1988-12-13,05ff5902419a,medium,verified,IN,2023-10-04 00:00:00,CUSTOMER_ONBOARDING_SVC
CUST003661,Omar Tanaka,1970-03-14,5ca9dbe95e9b,low,expired,RU,2021-01-18 00:00:00,CUSTOMER_ONBOARDING_SVC
CUST003662,Mei Garcia,2001-08-30,0b115c2e7421,medium,verified,US,2022-10-16 00:00:00,CUSTOMER_ONBOARDING_SVC
CUST003663,Hassan Anderson,1976-02-11,b936593bb413,medium,verified,AE,2019-02-20 00:00:00,CUSTOMER_ONBOARDING_SVC
CUST003664,Wei Davis,1961-02-10,3fec022fe754,high,verified,RU,2019-07-08 00:00:00,CUSTOMER_ONBOARDING_SVC
CUST003665,Mei Anderson,1963-03-03,fd8b369002c6,low,verified,IN,2025-07-21 00:00:00,CUSTOMER_ONBOARDING_SVC
CUST003666,Sophia Reddy,1955-07-13,83692ef5f9bc,low,verified,IN,2025-01-12 00:00:00,CUSTOMER_ONBOARDING_SVC
CUST003667,Riya Miller,1974-06-15,15d24e1623ea,low,verified,AU,2025-08-12 00:00:00,CUSTOMER_ONBOARDING_SVC
CUST003668,Rahul Reddy,1965-12-18,36def203e4e1,medium,pending,AE,2024-02-28 00:00:00,CUSTOMER_ONBOARDING_SVC
CUST003669,Chen Sharma,1963-10-06,ed4196a32ee5,medium,pending,AE,2025-06-09 00:00:00,CUSTOMER_ONBOARDING_SVC
CUST003670,Aarav Zhang,1964-06-09,978e83ee5719,medium,verified,IN,2025-05-11 00:00:00,CUSTOMER_ONBOARDING_SVC
CUST003671,Pooja Reddy,1982-09-18,d57b0999f5fe,low,verified,GB,2023-12-10 00:00:00,CUSTOMER_ONBOARDING_SVC
CUST003672,Divya Garcia,1983-01-17,e5d6c5bbb69e,high,pending,US,2021-03-12 00:00:00,CUSTOMER_ONBOARDING_SVC
CUST003673,Sneha Zhang,1995-07-27,cd7cff76e6ec,low,pending,NG,2018-02-14 00:00:00,CUSTOMER_ONBOARDING_SVC
CUST003674,Sneha Patel,1976-04-19,889fddc41f15,,expired,RU,2025-05-14 00:00:00,CUSTOMER_ONBOARDING_SVC
CUST003675,Elena Al-Sayed,1971-01-13,74f5937b87ab,low,verified,US,2020-04-19 00:00:00,CUSTOMER_ONBOARDING_SVC
CUST003676,Pooja Reddy,1961-10-28,54ac18517785,low,verified,GB,2024-02-16 00:00:00,CUSTOMER_ONBOARDING_SVC
CUST003677,Rohan Garcia,1958-11-07,74cd50563219,low,verified,CN,2019-11-03 00:00:00,CUSTOMER_ONBOARDING_SVC
CUST003678,Rohan Wilson,1970-01-09,aeca0e611088,medium,verified,AE,2022-05-02 00:00:00,CUSTOMER_ONBOARDING_SVC
CUST003679,Divya Davis,2003-03-06,b820b591f7c0,high,,CA,2022-08-13 00:00:00,CUSTOMER_ONBOARDING_SVC
CUST003680,Fatima Miller,1970-03-10,e4480df10290,medium,verified,GB,2022-11-06 00:00:00,CUSTOMER_ONBOARDING_SVC
CUST003681,Ananya Tanaka,1985-04-28,6b8ff2313bb7,high,verified,AU,2020-05-04 00:00:00,CUSTOMER_ONBOARDING_SVC
CUST003682,Chen Wilson,1961-08-30,46bd2973e97b,,verified,GB,2018-09-06 00:00:00,CUSTOMER_ONBOARDING_SVC
CUST003683,Fatima Brown,2004-02-21,b691d8c5b655,medium,pending,CN,2021-04-07 00:00:00,CUSTOMER_ONBOARDING_SVC
CUST003684,Diego Lopez,1959-06-11,ea7467670cef,low,expired,CA,2026-03-25 00:00:00,CUSTOMER_ONBOARDING_SVC
CUST003685,Emma Khan,1958-08-14,807d60188df5,medium,verified,,2021-10-23 00:00:00,CUSTOMER_ONBOARDING_SVC
CUST003686,Rohan Chen,1995-10-13,20d31e78f9de,medium,pending,CN,2025-03-11 00:00:00,CUSTOMER_ONBOARDING_SVC
CUST003687,Divya Zhang,1976-03-12,70c7e540c87c,low,verified,NG,2019-06-19 00:00:00,CUSTOMER_ONBOARDING_SVC
CUST003688,Priya Davis,1989-05-23,0222afdcf93a,low,verified,AE,2023-12-28 00:00:00,CUSTOMER_ONBOARDING_SVC
CUST003689,Rahul Miller,1960-10-05,85306aadc60f,high,pending,SG,2018-09-28 00:00:00,CUSTOMER_ONBOARDING_SVC
CUST003690,Vikram Ivanov,1996-05-07,2a6317ce5d72,high,pending,US,2018-07-20 00:00:00,CUSTOMER_ONBOARDING_SVC
CUST003691,Amelia Wilson,1991-05-20,1e43a591345e,high,verified,NG,2020-03-10 00:00:00,CUSTOMER_ONBOARDING_SVC
CUST003692,Diego Ivanov,1957-04-07,45c85378106f,high,verified,AU,2021-06-15 00:00:00,CUSTOMER_ONBOARDING_SVC
CUST003693,Omar Kumar,1960-08-08,897ace6857e2,low,verified,RU,2019-05-25 00:00:00,CUSTOMER_ONBOARDING_SVC
CUST003694,Mia Chen,1992-04-30,ae5f54724527,medium,verified,CA,2018-10-19 00:00:00,CUSTOMER_ONBOARDING_SVC
CUST003695,Rahul Martinez,1963-06-26,f55c0f14d464,medium,verified,CN,2023-01-17 00:00:00,CUSTOMER_ONBOARDING_SVC
CUST003696,Rahul Gupta,1973-06-13,cb7f19aaf3a5,low,verified,CN,2024-03-23 00:00:00,CUSTOMER_ONBOARDING_SVC
CUST003697,Rohan Chen,1967-03-14,fe0d204ee680,low,verified,CA,2021-08-14 00:00:00,CUSTOMER_ONBOARDING_SVC
CUST003698,Isha Anderson,2002-01-08,99f51ff8af6b,medium,pending,GB,2024-04-29 00:00:00,CUSTOMER_ONBOARDING_SVC
CUST003699,Lucia Reddy,1972-01-23,cb8bbeace97a,high,verified,RU,2020-05-30 00:00:00,CUSTOMER_ONBOARDING_SVC
CUST003700,James Sharma,1976-10-09,ab2f928c079f,medium,pending,RU,2024-06-14 00:00:00,CUSTOMER_ONBOARDING_SVC
CUST003701,Lucas Johnson,1980-08-28,216eed049883,low,pending,NG,2020-12-27 00:00:00,CUSTOMER_ONBOARDING_SVC
CUST003702,Ethan Gupta,1961-12-12,34d4e0bf5c5b,high,expired,AE,2024-03-15 00:00:00,CUSTOMER_ONBOARDING_SVC
CUST003703,Wei Mehta,1975-04-03,8f07f036322c,low,verified,SG,2020-08-19 00:00:00,CUSTOMER_ONBOARDING_SVC
CUST003704,Amelia Nair,1979-03-28,c610694bebd0,low,verified,AE,2018-08-31 00:00:00,CUSTOMER_ONBOARDING_SVC
CUST003705,James Zhang,1970-11-19,6eaefa248598,low,pending,SG,2022-08-30 00:00:00,CUSTOMER_ONBOARDING_SVC
CUST003706,Pooja Nair,1996-03-18,c18c7fef1bc7,low,verified,SG,2018-05-12 00:00:00,CUSTOMER_ONBOARDING_SVC
CUST003707,Olivia Nair,1981-01-22,a83668dff167,low,verified,GB,2019-08-27 00:00:00,CUSTOMER_ONBOARDING_SVC
CUST003708,Elena Brown,1980-11-29,ef1918eed8e9,low,expired,CA,2019-11-14 00:00:00,CUSTOMER_ONBOARDING_SVC
CUST003709,Lucas Mehta,1964-11-02,538432978b44,low,verified,NG,2022-02-12 00:00:00,CUSTOMER_ONBOARDING_SVC
CUST003710,Yuki Al-Sayed,1970-07-30,4e94cbb21736,high,pending,RU,2020-10-27 00:00:00,CUSTOMER_ONBOARDING_SVC
CUST003711,Isha Smith,1973-04-30,8f27059aaeb9,low,expired,CA,2021-08-16 00:00:00,CUSTOMER_ONBOARDING_SVC
CUST003712,Divya Garcia,1955-03-10,b642c08128a8,medium,verified,AE,2018-09-08 00:00:00,CUSTOMER_ONBOARDING_SVC
CUST003713,Omar Mehta,1998-01-27,8a1179415736,low,verified,GB,2024-05-18 00:00:00,CUSTOMER_ONBOARDING_SVC
CUST003714,James Brown,1961-11-02,66e5b7a7ccda,high,expired,AE,2018-04-16 00:00:00,CUSTOMER_ONBOARDING_SVC
CUST003715,Riya Ivanov,2003-01-02,241f1fff415e,high,pending,CA,2025-03-06 00:00:00,CUSTOMER_ONBOARDING_SVC
CUST003716,Vikram Smith,1992-04-19,b34b92efb0f0,medium,pending,AU,2018-02-24 00:00:00,CUSTOMER_ONBOARDING_SVC
CUST003717,Chen Al-Sayed,1976-09-28,8ddb9b111ee6,medium,verified,DE,2026-05-30 00:00:00,CUSTOMER_ONBOARDING_SVC
CUST003718,Vikram Wilson,1958-04-26,c03b86e0b5cd,low,verified,CA,2022-04-30 00:00:00,CUSTOMER_ONBOARDING_SVC
CUST003719,Ivan Sharma,1964-08-22,ba8e42855220,low,verified,US,2019-11-06 00:00:00,CUSTOMER_ONBOARDING_SVC
CUST003720,James Patel,1998-02-12,be022c42b8c1,medium,expired,CN,2019-11-08 00:00:00,CUSTOMER_ONBOARDING_SVC
CUST003721,Nikhil Al-Sayed,1965-02-13,57006bd52a1d,low,expired,CN,2019-12-09 00:00:00,CUSTOMER_ONBOARDING_SVC
CUST003722,Liam Gupta,1958-04-17,e764356fe75f,medium,pending,SG,2023-03-08 00:00:00,CUSTOMER_ONBOARDING_SVC
CUST003723,Diego Wilson,1969-09-15,0a7fd4694cf7,low,verified,GB,2018-05-13 00:00:00,CUSTOMER_ONBOARDING_SVC
CUST003724,Aarav Al-Sayed,1974-12-28,d6fab1c7c578,low,verified,CA,2023-06-24 00:00:00,CUSTOMER_ONBOARDING_SVC
CUST003725,Ethan Martinez,1970-03-22,a78060cf5beb,high,verified,SG,2023-10-27 00:00:00,CUSTOMER_ONBOARDING_SVC
CUST003726,Noah Khan,1994-03-10,edabdd6669c9,medium,expired,CA,2020-05-23 00:00:00,CUSTOMER_ONBOARDING_SVC
CUST003727,Wei Martinez,2002-12-19,612f75e6c17c,medium,pending,CA,2020-05-05 00:00:00,CUSTOMER_ONBOARDING_SVC
CUST003728,Sophia Martinez,1979-06-16,5343f1f94b1b,high,,AE,2026-03-09 00:00:00,CUSTOMER_ONBOARDING_SVC
CUST003729,Elena Patel,1985-08-04,dba5654e1188,high,verified,AE,2022-11-12 00:00:00,CUSTOMER_ONBOARDING_SVC
CUST003730,Mei Al-Sayed,1993-03-05,047d5b6569a3,low,expired,DE,2026-01-14 00:00:00,CUSTOMER_ONBOARDING_SVC
CUST003731,Mia Sharma,1984-04-21,c4b094820b80,low,verified,CA,2018-12-02 00:00:00,CUSTOMER_ONBOARDING_SVC
CUST003732,Arjun Miller,1980-08-19,8cf06b7752b6,medium,verified,GB,2019-03-02 00:00:00,CUSTOMER_ONBOARDING_SVC
CUST003733,Sneha Wilson,1976-01-03,e9d35681e42a,medium,verified,SG,2021-08-10 00:00:00,CUSTOMER_ONBOARDING_SVC
CUST003734,Lucia Ivanov,1984-09-06,6cd8f3fecfb3,medium,pending,RU,2018-06-05 00:00:00,CUSTOMER_ONBOARDING_SVC
CUST003735,Nikhil Tanaka,2005-04-02,eb05439eea9f,high,verified,GB,2026-05-28 00:00:00,CUSTOMER_ONBOARDING_SVC
CUST003736,Ava Ivanov,1981-01-21,9e652f89028e,medium,expired,NG,2022-09-14 00:00:00,CUSTOMER_ONBOARDING_SVC
CUST003737,Rohan Reddy,1970-09-18,7a52b5e379b3,low,expired,CA,2024-12-19 00:00:00,CUSTOMER_ONBOARDING_SVC
CUST003738,Pooja Lopez,1999-07-13,3d272679cdaf,high,expired,DE,2020-11-09 00:00:00,CUSTOMER_ONBOARDING_SVC
CUST003739,Nikhil Khan,1985-06-14,8e265c987c0c,,pending,NG,2021-01-07 00:00:00,CUSTOMER_ONBOARDING_SVC
CUST003740,Ananya Gupta,1967-11-16,67e2afb7719d,medium,verified,GB,2022-08-27 00:00:00,CUSTOMER_ONBOARDING_SVC
CUST003741,Vikram Zhang,1998-04-01,2c58fc0d4849,high,verified,AE,2022-03-17 00:00:00,CUSTOMER_ONBOARDING_SVC
CUST003742,Amelia Ivanov,1956-12-14,cb5ff1595e79,low,expired,CN,2021-01-15 00:00:00,CUSTOMER_ONBOARDING_SVC
CUST003743,Mason Singh,2002-04-19,1681e0f0b181,medium,expired,US,2024-09-18 00:00:00,CUSTOMER_ONBOARDING_SVC
CUST003744,Ethan Lopez,1974-08-09,19bdfc4cf01b,medium,verified,AE,2025-10-03 00:00:00,CUSTOMER_ONBOARDING_SVC
CUST003745,Lucas Patel,1973-02-25,6eca622d89c1,high,verified,AE,2026-04-11 00:00:00,CUSTOMER_ONBOARDING_SVC
CUST003746,Olivia Mehta,1993-07-26,fc44035c87e3,high,verified,DE,2018-08-11 00:00:00,CUSTOMER_ONBOARDING_SVC
CUST003747,Wei Anderson,1959-05-02,8a1fe2f9d69f,low,verified,NG,2026-03-14 00:00:00,CUSTOMER_ONBOARDING_SVC
CUST003748,Mason Tanaka,1996-08-10,ec0462e1a3e7,low,pending,CA,2023-02-07 00:00:00,CUSTOMER_ONBOARDING_SVC
CUST003749,Olivia Brown,1960-03-21,96cb0b4db6eb,low,expired,RU,2020-05-02 00:00:00,CUSTOMER_ONBOARDING_SVC
CUST003750,Ethan Ivanov,1964-09-04,50811a73a450,low,pending,US,2018-07-26 00:00:00,CUSTOMER_ONBOARDING_SVC
CUST003751,Sneha Anderson,1967-02-20,750b955a36e9,high,verified,RU,2020-02-27 00:00:00,CUSTOMER_ONBOARDING_SVC
CUST003752,Vikram Johnson,2001-08-27,0b032f888ddb,low,verified,AU,2021-07-13 00:00:00,CUSTOMER_ONBOARDING_SVC
CUST003753,Amelia Sharma,1994-06-23,3719745d7faa,high,verified,DE,2021-02-26 00:00:00,CUSTOMER_ONBOARDING_SVC
CUST003754,Fatima Tanaka,1969-02-06,1a001c139b11,medium,verified,DE,2019-03-16 00:00:00,CUSTOMER_ONBOARDING_SVC
CUST003755,Lucia Zhang,1995-09-11,e009e47869a3,low,verified,RU,2020-10-17 00:00:00,CUSTOMER_ONBOARDING_SVC
CUST003756,Rohan Garcia,1958-01-05,ae5a71339e4e,low,verified,CN,2019-10-08 00:00:00,CUSTOMER_ONBOARDING_SVC
CUST003757,Sophia Anderson,2003-03-06,8d86097ad813,medium,expired,CN,2020-12-19 00:00:00,CUSTOMER_ONBOARDING_SVC
CUST003758,Ivan Johnson,1987-02-20,c046d124f5dd,medium,verified,RU,2018-12-05 00:00:00,CUSTOMER_ONBOARDING_SVC
CUST003759,Noah Miller,1981-04-21,62180fcf66f7,medium,verified,AU,2021-05-07 00:00:00,CUSTOMER_ONBOARDING_SVC
CUST003759,Noah Miller,1981-04-21,62180fcf66f7,medium,verified,AU,2021-05-07 00:34:00,CUSTOMER_ONBOARDING_SVC
CUST003760,Vikram Garcia,1982-03-13,4ffa977b1c92,high,expired,CN,2019-10-02 00:00:00,CUSTOMER_ONBOARDING_SVC
CUST003761,Aarav Singh,1997-02-27,2bb3d3e57291,medium,verified,NG,2023-06-23 00:00:00,CUSTOMER_ONBOARDING_SVC
CUST003762,Rahul Ivanov,1975-07-02,500966f67b0e,medium,verified,RU,2022-10-01 00:00:00,CUSTOMER_ONBOARDING_SVC
CUST003763,Fatima Zhang,1960-02-21,af002d4b7214,low,verified,IN,2025-10-02 00:00:00,CUSTOMER_ONBOARDING_SVC
CUST003764,Riya Smith,1958-11-06,c1a5b0467123,low,verified,DE,2025-07-19 00:00:00,CUSTOMER_ONBOARDING_SVC
CUST003765,Ivan Lopez,1962-11-17,c844f6ab96e2,low,verified,CN,2022-04-28 00:00:00,CUSTOMER_ONBOARDING_SVC
CUST003766,Isha Zhang,1973-01-19,649477d66f78,medium,pending,NG,2019-05-30 00:00:00,CUSTOMER_ONBOARDING_SVC
CUST003767,Ethan Khan,1992-12-09,89a22da004c5,medium,expired,IN,2022-05-22 00:00:00,CUSTOMER_ONBOARDING_SVC
CUST003768,Sophia Davis,1992-05-10,c2355f3cb638,medium,pending,AU,2018-11-28 00:00:00,CUSTOMER_ONBOARDING_SVC
CUST003769,Riya Davis,1989-10-23,9386c1f8921a,medium,verified,AE,2020-10-24 00:00:00,CUSTOMER_ONBOARDING_SVC
CUST003770,Divya Singh,1973-07-29,2c575516c2d6,low,pending,AE,2024-08-01 00:00:00,CUSTOMER_ONBOARDING_SVC
CUST003771,Vikram Wilson,1988-06-24,70bb561d54a7,medium,pending,CN,2022-06-06 00:00:00,CUSTOMER_ONBOARDING_SVC
CUST003772,Amelia Martinez,1982-12-25,64c4c9e2fbcf,high,pending,CA,2024-04-04 00:00:00,CUSTOMER_ONBOARDING_SVC
CUST003773,Fatima Al-Sayed,1991-08-20,a9300546ff9e,low,verified,RU,2026-04-18 00:00:00,CUSTOMER_ONBOARDING_SVC
CUST003774,Sneha Smith,1989-11-14,c7eac4a25df2,low,verified,AE,2024-05-26 00:00:00,CUSTOMER_ONBOARDING_SVC
CUST003775,Arjun Mehta,1965-10-23,5ec0f98bdb74,medium,verified,IN,2019-07-04 00:00:00,CUSTOMER_ONBOARDING_SVC
CUST003776,Lucas Nair,1963-02-12,5a6198c8f172,medium,pending,US,2024-05-26 00:00:00,CUSTOMER_ONBOARDING_SVC
CUST003777,Sophia Khan,1975-04-18,e139de04fea1,low,pending,SG,2022-05-10 00:00:00,CUSTOMER_ONBOARDING_SVC
CUST003778,Mason Tanaka,1986-08-26,d761b99fea4c,medium,verified,AE,2023-07-02 00:00:00,CUSTOMER_ONBOARDING_SVC
CUST003779,Olivia Singh,1981-09-24,f906c78b6fa0,high,verified,IN,2018-02-04 00:00:00,CUSTOMER_ONBOARDING_SVC
CUST003780,Arjun Johnson,1970-08-15,136296e4622b,medium,verified,NG,2025-12-15 00:00:00,CUSTOMER_ONBOARDING_SVC
CUST003781,Arjun Khan,1985-08-22,72de506fc6e9,low,verified,AE,2022-08-20 00:00:00,CUSTOMER_ONBOARDING_SVC
CUST003782,Layla Sharma,1993-07-06,60bd5a6d3863,high,expired,AU,2025-07-17 00:00:00,CUSTOMER_ONBOARDING_SVC
CUST003783,Vikram Anderson,1972-12-06,e7440c365161,high,verified,SG,2025-04-14 00:00:00,CUSTOMER_ONBOARDING_SVC
CUST003784,Ananya Chen,1957-09-10,1812e13eb7ad,high,pending,CA,2020-05-06 00:00:00,CUSTOMER_ONBOARDING_SVC
CUST003785,Mei Johnson,1970-09-19,1338f2d691f4,low,verified,CA,2023-09-09 00:00:00,CUSTOMER_ONBOARDING_SVC
CUST003786,Ava Sharma,1973-01-14,99b1ec520717,medium,expired,AE,2025-09-02 00:00:00,CUSTOMER_ONBOARDING_SVC
CUST003787,Priya Mehta,1987-05-29,337d21f2cd9c,low,verified,CA,2020-06-14 00:00:00,CUSTOMER_ONBOARDING_SVC
CUST003788,Ava Gupta,1984-08-10,29193240c87a,medium,verified,CA,2022-08-26 00:00:00,CUSTOMER_ONBOARDING_SVC
CUST003789,Riya Patel,1991-02-20,3af4591f12f6,medium,expired,SG,2023-08-16 00:00:00,CUSTOMER_ONBOARDING_SVC
CUST003790,Mia Brown,1980-06-25,1552ee1321e1,low,expired,CN,2024-12-25 00:00:00,CUSTOMER_ONBOARDING_SVC
CUST003791,Fatima Mehta,2000-02-09,15236697a157,low,verified,NG,2019-11-25 00:00:00,CUSTOMER_ONBOARDING_SVC
CUST003792,Emma Martinez,1977-01-28,7def5770d8ab,high,verified,US,2022-06-27 00:00:00,CUSTOMER_ONBOARDING_SVC
CUST003793,Fatima Reddy,1989-09-11,6860306d8744,medium,verified,CN,2019-03-21 00:00:00,CUSTOMER_ONBOARDING_SVC
CUST003794,Arjun Martinez,2005-05-30,3f535cc2d29f,medium,verified,GB,2020-12-15 00:00:00,CUSTOMER_ONBOARDING_SVC
CUST003795,Noah Chen,1991-09-20,2f01f2a63499,low,verified,CA,2022-06-07 00:00:00,CUSTOMER_ONBOARDING_SVC
CUST003796,Priya Ivanov,1963-02-10,be18993f7ba3,low,expired,IN,2025-10-27 00:00:00,CUSTOMER_ONBOARDING_SVC
CUST003797,Pooja Martinez,1987-09-17,9bd2be63bc8e,medium,,AU,2026-06-27 00:00:00,CUSTOMER_ONBOARDING_SVC
CUST003798,Ananya Gupta,1996-03-28,a09442f5ffb5,medium,pending,AU,2018-05-06 00:00:00,CUSTOMER_ONBOARDING_SVC
CUST003799,Omar Tanaka,1958-09-24,dc85bfe519ec,low,verified,NG,2022-12-01 00:00:00,CUSTOMER_ONBOARDING_SVC
CUST003800,Pooja Anderson,1963-12-28,bc85cf4be57a,low,verified,NG,2018-10-01 00:00:00,CUSTOMER_ONBOARDING_SVC
CUST003801,Amelia Mehta,1969-09-14,9cdc92097a87,low,pending,CA,2018-03-13 00:00:00,CUSTOMER_ONBOARDING_SVC
CUST003802,Lucas Garcia,1998-05-02,20dab77012f6,medium,verified,DE,2018-01-04 00:00:00,CUSTOMER_ONBOARDING_SVC
CUST003803,Noah Tanaka,1972-05-21,caae7e7486e0,medium,pending,GB,2024-08-09 00:00:00,CUSTOMER_ONBOARDING_SVC
CUST003804,Chen Mehta,1990-03-18,50ef9d2b8f17,,expired,US,2020-10-26 00:00:00,CUSTOMER_ONBOARDING_SVC
CUST003805,Amelia Anderson,2002-10-15,10b43ff02072,high,verified,AU,2023-07-22 00:00:00,CUSTOMER_ONBOARDING_SVC
CUST003806,Amelia Anderson,1960-03-19,a5ae5c6d6dc0,low,verified,US,2019-10-21 00:00:00,CUSTOMER_ONBOARDING_SVC
CUST003807,Mason Gupta,1979-05-31,246301fa9155,medium,verified,SG,2023-07-22 00:00:00,CUSTOMER_ONBOARDING_SVC
CUST003808,Ananya Johnson,1965-12-16,9167d7be7923,medium,,DE,2021-07-16 00:00:00,CUSTOMER_ONBOARDING_SVC
CUST003809,Sneha Patel,1973-10-22,7efa2807bc99,medium,verified,CA,2023-10-28 00:00:00,CUSTOMER_ONBOARDING_SVC
CUST003810,Olivia Ivanov,1980-05-24,501bb56e1877,medium,expired,CA,2020-09-26 00:00:00,CUSTOMER_ONBOARDING_SVC
CUST003811,Emma Kumar,1964-08-17,e0a41e688e57,medium,verified,AE,2024-06-10 00:00:00,CUSTOMER_ONBOARDING_SVC
CUST003812,Karan Nair,1986-05-31,cc55dcf04e37,low,expired,IN,2021-04-18 00:00:00,CUSTOMER_ONBOARDING_SVC
CUST003813,Vikram Kumar,1958-10-03,fa86dbe56daa,low,expired,US,2020-03-15 00:00:00,CUSTOMER_ONBOARDING_SVC
CUST003814,Elena Johnson,1971-04-12,819e2c258d9d,medium,pending,US,2021-07-08 00:00:00,CUSTOMER_ONBOARDING_SVC
CUST003815,Nikhil Gupta,2005-01-16,6f1dadb3a4ba,high,pending,AE,2024-01-31 00:00:00,CUSTOMER_ONBOARDING_SVC
CUST003816,Lucas Reddy,1983-09-22,bf647ac54218,,verified,NG,2018-10-18 00:00:00,CUSTOMER_ONBOARDING_SVC
CUST003817,Hassan Nair,1996-05-15,990c270ad271,,verified,NG,2021-03-20 00:00:00,CUSTOMER_ONBOARDING_SVC
CUST003818,Elena Khan,1995-03-02,403cdbcf18a0,low,verified,AE,2025-11-30 00:00:00,CUSTOMER_ONBOARDING_SVC
CUST003819,Wei Kumar,1982-09-18,415a4fa9f28e,low,expired,SG,2024-04-09 00:00:00,CUSTOMER_ONBOARDING_SVC
CUST003820,Wei Wilson,1960-01-25,8562ba0b3a37,medium,pending,DE,2021-10-29 00:00:00,CUSTOMER_ONBOARDING_SVC
CUST003821,Hassan Anderson,1967-02-03,a92cf79dc7d2,low,verified,RU,2018-05-17 00:00:00,CUSTOMER_ONBOARDING_SVC
CUST003822,Diego Smith,1987-01-28,aeefe23da4c1,medium,verified,IN,2023-08-25 00:00:00,CUSTOMER_ONBOARDING_SVC
CUST003823,Diego Tanaka,1998-04-04,5a95cbc1bee6,medium,verified,NG,2019-03-30 00:00:00,CUSTOMER_ONBOARDING_SVC
CUST003824,Noah Brown,1960-10-02,2d2e334dc5d5,medium,verified,CA,2020-02-15 00:00:00,CUSTOMER_ONBOARDING_SVC
CUST003825,Karan Zhang,1983-05-20,a6edaf9fbb1b,medium,verified,GB,2020-07-26 00:00:00,CUSTOMER_ONBOARDING_SVC
CUST003826,Olivia Khan,2002-09-18,fe3555ef2837,low,verified,NG,2019-08-22 00:00:00,CUSTOMER_ONBOARDING_SVC
CUST003827,Sneha Zhang,2001-09-15,062e8ba1a320,low,verified,US,2022-02-05 00:00:00,CUSTOMER_ONBOARDING_SVC
CUST003828,Nikhil Anderson,1961-09-09,68f6acaa5548,medium,pending,SG,2021-08-02 00:00:00,CUSTOMER_ONBOARDING_SVC
CUST003829,Sneha Khan,2002-09-25,55c26e866d5a,medium,expired,DE,2018-02-07 00:00:00,CUSTOMER_ONBOARDING_SVC
CUST003830,Nikhil Smith,1984-01-13,23e1bfe20f36,low,verified,DE,2025-11-17 00:00:00,CUSTOMER_ONBOARDING_SVC
CUST003831,Olivia Ivanov,1988-10-21,aced771212a4,high,verified,SG,2020-04-10 00:00:00,CUSTOMER_ONBOARDING_SVC
CUST003832,Mei Garcia,1980-01-08,aa90fcbe54d4,medium,verified,CN,2021-08-07 00:00:00,CUSTOMER_ONBOARDING_SVC
CUST003833,Wei Wilson,1966-12-22,e8a2c98a8d55,low,expired,AU,2022-07-07 00:00:00,CUSTOMER_ONBOARDING_SVC
CUST003834,Emma Khan,1996-08-16,f251a94a4f75,medium,verified,CN,2018-12-30 00:00:00,CUSTOMER_ONBOARDING_SVC
CUST003835,Fatima Al-Sayed,1996-07-05,05aa95b0014b,low,pending,DE,2026-04-02 00:00:00,CUSTOMER_ONBOARDING_SVC
CUST003836,Wei Sharma,2004-12-04,37df90286161,high,verified,AE,2021-11-12 00:00:00,CUSTOMER_ONBOARDING_SVC
CUST003837,Mason Wilson,1971-12-23,f3e1138c8796,medium,verified,US,2019-05-19 00:00:00,CUSTOMER_ONBOARDING_SVC
CUST003838,Isha Zhang,1967-07-08,4d5d5be0729d,high,verified,AE,2023-09-22 00:00:00,CUSTOMER_ONBOARDING_SVC
CUST003839,Riya Khan,1977-06-29,b1fa414544c9,low,expired,RU,2026-03-19 00:00:00,CUSTOMER_ONBOARDING_SVC
CUST003840,Mei Reddy,2003-05-03,1a8fc4d6ce5b,low,,SG,2023-12-11 00:00:00,CUSTOMER_ONBOARDING_SVC
CUST003841,Nikhil Sharma,1969-03-22,eae4affe3a9d,low,pending,AE,2023-08-31 00:00:00,CUSTOMER_ONBOARDING_SVC
CUST003842,Olivia Chen,2004-01-17,82ca6d92c901,low,pending,RU,2022-04-07 00:00:00,CUSTOMER_ONBOARDING_SVC
CUST003843,Arjun Singh,1968-04-03,a1602684c8fb,low,verified,AE,2026-04-16 00:00:00,CUSTOMER_ONBOARDING_SVC
CUST003844,Noah Miller,1973-11-13,0d20b4ca8b5b,medium,pending,GB,2021-05-05 00:00:00,CUSTOMER_ONBOARDING_SVC
CUST003845,Isha Nair,1970-04-02,9cd5b117399a,medium,pending,IN,2022-01-20 00:00:00,CUSTOMER_ONBOARDING_SVC
CUST003846,Lucia Khan,1990-04-02,49fde46f32de,low,,AE,2020-05-07 00:00:00,CUSTOMER_ONBOARDING_SVC
CUST003847,Karan Tanaka,1990-05-11,bf0b1d160174,medium,verified,CN,2019-09-16 00:00:00,CUSTOMER_ONBOARDING_SVC
CUST003848,Sneha Wilson,1999-10-28,dc52190ab9d6,medium,verified,GB,2021-02-26 00:00:00,CUSTOMER_ONBOARDING_SVC
CUST003849,Nikhil Khan,1975-07-10,346a6ac26834,low,verified,IN,2019-01-25 00:00:00,CUSTOMER_ONBOARDING_SVC
CUST003850,Meera Wilson,1987-07-21,47da38e03c28,low,,GB,2021-07-27 00:00:00,CUSTOMER_ONBOARDING_SVC
CUST003851,Lucas Gupta,1986-07-31,c7196271622e,low,verified,CN,2018-11-08 00:00:00,CUSTOMER_ONBOARDING_SVC
CUST003852,Mason Ivanov,1960-05-24,bed86dc4351d,medium,verified,IN,2020-01-19 00:00:00,CUSTOMER_ONBOARDING_SVC
CUST003853,Mei Khan,1972-11-16,8046b6b2b0e4,high,expired,SG,2023-09-25 00:00:00,CUSTOMER_ONBOARDING_SVC
CUST003854,Olivia Smith,1957-02-22,7eb35311b92e,medium,pending,US,2022-09-02 00:00:00,CUSTOMER_ONBOARDING_SVC
CUST003855,Nikhil Gupta,1993-08-18,f497973a2c9c,low,verified,US,2021-12-01 00:00:00,CUSTOMER_ONBOARDING_SVC
CUST003856,Elena Nair,1978-11-14,a5d2e7b37028,low,verified,SG,2026-04-30 00:00:00,CUSTOMER_ONBOARDING_SVC
CUST003857,Lucia Reddy,2001-04-11,860677e6c380,low,verified,RU,2022-03-16 00:00:00,CUSTOMER_ONBOARDING_SVC
CUST003858,Priya Davis,1994-11-17,48f094b4437f,low,expired,DE,2019-01-22 00:00:00,CUSTOMER_ONBOARDING_SVC
CUST003859,Yuki Singh,1995-10-30,e2968387549b,low,verified,GB,2024-06-12 00:00:00,CUSTOMER_ONBOARDING_SVC
CUST003860,Hassan Zhang,1981-04-05,32cc32f17ff7,medium,verified,CN,2026-06-15 00:00:00,CUSTOMER_ONBOARDING_SVC
CUST003861,Hassan Singh,1971-03-28,409aa6bacd12,medium,expired,SG,2018-07-14 00:00:00,CUSTOMER_ONBOARDING_SVC
CUST003862,Mia Anderson,1965-10-13,3ca8b0fcd253,medium,expired,IN,2019-10-09 00:00:00,CUSTOMER_ONBOARDING_SVC
CUST003863,Sneha Tanaka,1967-03-11,2875efae112b,high,expired,AE,2021-02-14 00:00:00,CUSTOMER_ONBOARDING_SVC
CUST003864,Rohan Garcia,1970-02-08,582d36b60b99,low,expired,IN,2023-06-16 00:00:00,CUSTOMER_ONBOARDING_SVC
CUST003865,Fatima Johnson,1959-03-30,0e91727ce4d5,low,pending,GB,2025-08-13 00:00:00,CUSTOMER_ONBOARDING_SVC
CUST003866,Emma Gupta,1986-12-21,64472b357b8d,medium,verified,NG,2026-04-09 00:00:00,CUSTOMER_ONBOARDING_SVC
CUST003867,Karan Johnson,1991-11-30,35c4792c193b,low,verified,NG,2025-05-08 00:00:00,CUSTOMER_ONBOARDING_SVC
CUST003868,Sneha Smith,2000-11-09,0d77f3a6c316,high,verified,AU,2023-07-23 00:00:00,CUSTOMER_ONBOARDING_SVC
CUST003869,Pooja Chen,1970-04-15,b0e0c4525ded,low,expired,CA,2019-03-06 00:00:00,CUSTOMER_ONBOARDING_SVC
CUST003870,Nikhil Martinez,1961-06-08,1f5ce9fc796b,low,pending,,2023-04-16 00:00:00,CUSTOMER_ONBOARDING_SVC
CUST003871,James Garcia,2002-05-11,8406bc807066,medium,verified,DE,2025-08-15 00:00:00,CUSTOMER_ONBOARDING_SVC
CUST003872,Pooja Tanaka,1979-12-14,3a4a69d58f90,medium,,GB,2024-09-18 00:00:00,CUSTOMER_ONBOARDING_SVC
CUST003873,Sneha Johnson,1978-08-16,6fb347319b09,low,verified,CA,2019-03-01 00:00:00,CUSTOMER_ONBOARDING_SVC
CUST003874,Pooja Wilson,1968-10-20,050d279bf743,low,expired,AU,2021-12-27 00:00:00,CUSTOMER_ONBOARDING_SVC
CUST003875,Ivan Mehta,1965-06-29,bb44f0fb5cec,low,verified,SG,2022-07-06 00:00:00,CUSTOMER_ONBOARDING_SVC
CUST003876,Sophia Gupta,1992-07-26,f0ab65816726,low,expired,DE,2024-04-15 00:00:00,CUSTOMER_ONBOARDING_SVC
CUST003877,Mia Tanaka,1961-03-27,1f856ad4ca2c,low,verified,NG,2023-02-27 00:00:00,CUSTOMER_ONBOARDING_SVC
CUST003878,Yuki Miller,1969-01-22,4893ebecba15,medium,verified,GB,2024-11-02 00:00:00,CUSTOMER_ONBOARDING_SVC
CUST003879,Ethan Mehta,1987-11-24,07379bd41858,high,pending,RU,2019-07-10 00:00:00,CUSTOMER_ONBOARDING_SVC
CUST003880,Chen Anderson,1976-03-28,07a5c4fd9336,high,verified,CA,2021-04-03 00:00:00,CUSTOMER_ONBOARDING_SVC
CUST003881,Olivia Chen,1979-06-07,1f9bbde59079,medium,verified,SG,2026-02-27 00:00:00,CUSTOMER_ONBOARDING_SVC
CUST003882,Ivan Lopez,1992-05-30,657c136a2bf7,medium,verified,IN,2023-02-23 00:00:00,CUSTOMER_ONBOARDING_SVC
CUST003883,Ava Martinez,1995-06-09,7eb4f3545f1d,medium,pending,CA,2020-08-12 00:00:00,CUSTOMER_ONBOARDING_SVC
CUST003884,James Sharma,1997-03-06,ba8be57a17fe,medium,expired,SG,2020-04-22 00:00:00,CUSTOMER_ONBOARDING_SVC
CUST003885,Priya Johnson,1999-07-31,e0a3355b0146,medium,expired,US,2021-07-09 00:00:00,CUSTOMER_ONBOARDING_SVC
CUST003886,Rohan Kumar,2000-02-11,b9fde3bae09b,medium,pending,AU,2025-05-28 00:00:00,CUSTOMER_ONBOARDING_SVC
CUST003887,Elena Martinez,1989-09-26,da51953023ae,medium,pending,US,2021-08-04 00:00:00,CUSTOMER_ONBOARDING_SVC
CUST003888,Rahul Smith,1984-10-07,bc6a9f431fcd,medium,pending,NG,2022-12-06 00:00:00,CUSTOMER_ONBOARDING_SVC
CUST003889,Wei Zhang,2004-04-09,93036c07d54c,medium,verified,CN,2018-10-01 00:00:00,CUSTOMER_ONBOARDING_SVC
CUST003890,Hassan Lopez,2002-11-29,250f523ac499,low,verified,AU,2023-09-16 00:00:00,CUSTOMER_ONBOARDING_SVC
CUST003891,Mia Sharma,2002-07-14,64374b71834e,low,verified,AU,2021-04-11 00:00:00,CUSTOMER_ONBOARDING_SVC
CUST003892,Lucia Zhang,1960-07-15,3e560b22322f,low,verified,AE,2025-12-02 00:00:00,CUSTOMER_ONBOARDING_SVC
CUST003893,Elena Miller,1956-12-15,f78f5245ab21,low,pending,CA,2023-07-13 00:00:00,CUSTOMER_ONBOARDING_SVC
CUST003894,Karan Smith,1955-03-16,0cb149179dbc,low,verified,GB,2018-01-20 00:00:00,CUSTOMER_ONBOARDING_SVC
CUST003895,Divya Patel,1983-01-09,24ff5dddca76,medium,expired,DE,2018-06-15 00:00:00,CUSTOMER_ONBOARDING_SVC
CUST003896,Hassan Wilson,1984-08-15,dfa01c98f463,low,verified,AU,2026-05-27 00:00:00,CUSTOMER_ONBOARDING_SVC
CUST003897,Yuki Martinez,1968-05-21,f9d592b2f7c3,low,expired,RU,2022-03-16 00:00:00,CUSTOMER_ONBOARDING_SVC
CUST003898,Noah Smith,1987-11-09,cf99d18b39c9,medium,expired,CA,2023-09-15 00:00:00,CUSTOMER_ONBOARDING_SVC
CUST003899,Wei Singh,1983-12-11,3eef8aa6e3a4,medium,verified,IN,2020-02-08 00:00:00,CUSTOMER_ONBOARDING_SVC
CUST003900,Yuki Chen,2005-01-30,c495997dcc7a,,pending,US,2021-08-19 00:00:00,CUSTOMER_ONBOARDING_SVC
CUST003901,Priya Smith,1969-02-26,cf221d5114ce,medium,verified,IN,2021-12-05 00:00:00,CUSTOMER_ONBOARDING_SVC
CUST003902,Mia Tanaka,1986-08-04,e0e1b890f60b,medium,verified,CA,2019-08-28 00:00:00,CUSTOMER_ONBOARDING_SVC
CUST003903,Lucia Kumar,1993-07-29,9fcd40414ae5,,verified,CA,2020-05-22 00:00:00,CUSTOMER_ONBOARDING_SVC
CUST003904,Lucia Reddy,1957-02-09,ebeef98ca774,low,verified,RU,2025-09-17 00:00:00,CUSTOMER_ONBOARDING_SVC
CUST003905,Lucia Miller,1970-01-25,1bd2ad119d56,low,verified,CN,2022-12-01 00:00:00,CUSTOMER_ONBOARDING_SVC
CUST003906,Nikhil Martinez,1983-07-31,2f468bbeb5b7,low,pending,US,2023-09-22 00:00:00,CUSTOMER_ONBOARDING_SVC
CUST003907,Liam Miller,2000-12-19,6662f7c38e46,high,verified,CA,2019-10-08 00:00:00,CUSTOMER_ONBOARDING_SVC
CUST003908,Karan Brown,1957-12-11,db10ea6d955f,low,pending,SG,2025-06-09 00:00:00,CUSTOMER_ONBOARDING_SVC
CUST003909,Wei Mehta,1967-02-12,0577b48a76b7,high,verified,US,2019-09-26 00:00:00,CUSTOMER_ONBOARDING_SVC
CUST003910,Noah Johnson,1955-05-20,0e483f0f5f6a,low,verified,AU,2021-08-21 00:00:00,CUSTOMER_ONBOARDING_SVC
CUST003911,Mason Martinez,1974-11-07,6035098a71f9,low,verified,GB,2021-10-03 00:00:00,CUSTOMER_ONBOARDING_SVC
CUST003912,Hassan Khan,1987-10-23,ed61872e81ea,low,verified,IN,2024-03-19 00:00:00,CUSTOMER_ONBOARDING_SVC
CUST003913,Isha Kumar,1988-12-04,5681f13dab98,medium,expired,AE,2022-12-22 00:00:00,CUSTOMER_ONBOARDING_SVC
CUST003914,Divya Brown,1957-09-15,d301f8fcdbed,low,verified,,2022-12-10 00:00:00,CUSTOMER_ONBOARDING_SVC
CUST003915,Rohan Lopez,1958-03-29,27e0ea26e5f5,medium,expired,SG,2024-04-21 00:00:00,CUSTOMER_ONBOARDING_SVC
CUST003916,Aditya Brown,2003-12-31,d061712e3111,medium,verified,AU,2024-08-10 00:00:00,CUSTOMER_ONBOARDING_SVC
CUST003917,Mia Mehta,1993-08-28,3027c81a4c4d,low,pending,SG,2018-04-13 00:00:00,CUSTOMER_ONBOARDING_SVC
CUST003918,Wei Martinez,1987-08-03,d8ae3828d88f,medium,verified,CA,2018-11-06 00:00:00,CUSTOMER_ONBOARDING_SVC
CUST003919,Isha Chen,1978-12-18,fb1d4e3eb1ef,low,expired,AE,2020-10-25 00:00:00,CUSTOMER_ONBOARDING_SVC
CUST003920,Rohan Kumar,1979-02-13,5381a5c0a193,low,pending,AE,2022-09-04 00:00:00,CUSTOMER_ONBOARDING_SVC
CUST003921,Amelia Brown,1968-07-24,4c401c06b09a,low,verified,AE,2019-08-02 00:00:00,CUSTOMER_ONBOARDING_SVC
CUST003922,Karan Sharma,1979-03-15,595f10f4a82b,high,verified,US,2023-12-03 00:00:00,CUSTOMER_ONBOARDING_SVC
CUST003923,Emma Patel,1977-07-11,9e7adcab0b0c,medium,verified,NG,2020-10-05 00:00:00,CUSTOMER_ONBOARDING_SVC
CUST003924,Divya Gupta,2001-03-26,fd54fad0233e,medium,expired,DE,2019-03-27 00:00:00,CUSTOMER_ONBOARDING_SVC
CUST003925,Fatima Anderson,1956-01-26,b9aee08c65bf,high,expired,RU,2021-09-12 00:00:00,CUSTOMER_ONBOARDING_SVC
CUST003926,Priya Brown,2004-08-07,4c8b00b8b258,low,verified,IN,2026-04-24 00:00:00,CUSTOMER_ONBOARDING_SVC
CUST003927,Omar Ivanov,1993-10-07,8dd9c9e0d6fc,medium,verified,AU,2024-08-19 00:00:00,CUSTOMER_ONBOARDING_SVC
CUST003928,Karan Davis,2005-12-29,e7e150f830bc,medium,verified,DE,2021-05-27 00:00:00,CUSTOMER_ONBOARDING_SVC
CUST003929,Liam Davis,1992-11-10,59ecd78b0b3a,low,expired,CA,2020-11-23 00:00:00,CUSTOMER_ONBOARDING_SVC
CUST003930,Omar Nair,1969-03-28,4784d3095366,medium,verified,DE,2018-07-31 00:00:00,CUSTOMER_ONBOARDING_SVC
CUST003931,Noah Lopez,1970-06-12,8bf52b4a867e,low,expired,US,2022-05-12 00:00:00,CUSTOMER_ONBOARDING_SVC
CUST003932,Amelia Garcia,1986-10-03,95e252080729,high,verified,DE,2023-07-23 00:00:00,CUSTOMER_ONBOARDING_SVC
CUST003933,Fatima Al-Sayed,1973-12-08,e61965fc28ca,low,expired,US,2018-04-03 00:00:00,CUSTOMER_ONBOARDING_SVC
CUST003934,Elena Khan,1981-01-29,082a0342d4ff,low,pending,DE,2025-04-13 00:00:00,CUSTOMER_ONBOARDING_SVC
CUST003935,Elena Brown,1966-09-05,47386bf8c9f8,low,verified,AE,2019-06-05 00:00:00,CUSTOMER_ONBOARDING_SVC
CUST003936,Hassan Tanaka,1977-11-06,07d6ae2af769,low,pending,DE,2019-01-21 00:00:00,CUSTOMER_ONBOARDING_SVC
CUST003937,Sophia Tanaka,1983-10-06,290e15eabbc5,medium,,GB,2024-02-07 00:00:00,CUSTOMER_ONBOARDING_SVC
CUST003938,Elena Mehta,1958-03-30,da17db423c30,low,verified,GB,2023-10-24 00:00:00,CUSTOMER_ONBOARDING_SVC
CUST003939,Wei Wilson,1986-08-28,3d6e1216270f,medium,expired,NG,2024-05-01 00:00:00,CUSTOMER_ONBOARDING_SVC
CUST003940,Lucas Lopez,1970-12-13,8417d737f366,high,expired,AE,2022-02-26 00:00:00,CUSTOMER_ONBOARDING_SVC
CUST003941,Arjun Mehta,2003-05-06,00ff1187ef8d,low,verified,DE,2020-08-24 00:00:00,CUSTOMER_ONBOARDING_SVC
CUST003942,Mei Ivanov,1985-11-23,13412ea80f72,high,pending,RU,2021-10-21 00:00:00,CUSTOMER_ONBOARDING_SVC
CUST003943,Arjun Wilson,1962-11-21,d47e090f1576,medium,verified,IN,2023-02-05 00:00:00,CUSTOMER_ONBOARDING_SVC
CUST003944,Priya Gupta,1980-09-06,5b460f2960f0,medium,verified,DE,2020-12-31 00:00:00,CUSTOMER_ONBOARDING_SVC
CUST003945,Liam Zhang,1961-07-27,6201647a37fd,high,verified,AE,2018-05-06 00:00:00,CUSTOMER_ONBOARDING_SVC
CUST003946,Amelia Khan,1997-01-17,c8065937bca9,high,verified,DE,2024-06-05 00:00:00,CUSTOMER_ONBOARDING_SVC
CUST003947,Wei Tanaka,1967-03-07,66737d496d9e,low,verified,AU,2026-06-04 00:00:00,CUSTOMER_ONBOARDING_SVC
CUST003948,Fatima Smith,1997-01-04,97fc1f38ea31,,pending,AE,2024-04-03 00:00:00,CUSTOMER_ONBOARDING_SVC
CUST003949,Wei Lopez,1974-11-21,1fe73451fc30,high,verified,SG,2020-02-11 00:00:00,CUSTOMER_ONBOARDING_SVC
CUST003950,Arjun Gupta,1966-07-01,2931617d68a8,medium,pending,GB,2022-01-14 00:00:00,CUSTOMER_ONBOARDING_SVC
CUST003951,Ava Patel,1964-07-26,b1418cc84bb3,medium,expired,CN,2025-05-20 00:00:00,CUSTOMER_ONBOARDING_SVC
CUST003952,Omar Johnson,1958-02-15,e1999b5f029a,high,pending,DE,2020-07-19 00:00:00,CUSTOMER_ONBOARDING_SVC
CUST003953,Layla Tanaka,2000-05-08,ba3c6e1869ee,low,verified,NG,2021-05-04 00:00:00,CUSTOMER_ONBOARDING_SVC
CUST003954,Ivan Anderson,1988-01-23,6edc21674050,medium,expired,AE,2025-06-10 00:00:00,CUSTOMER_ONBOARDING_SVC
CUST003955,Riya Khan,1970-12-09,e7c8485f561b,low,verified,RU,2023-11-26 00:00:00,CUSTOMER_ONBOARDING_SVC
CUST003956,Noah Johnson,1962-04-15,f753d631d912,high,pending,DE,2022-09-16 00:00:00,CUSTOMER_ONBOARDING_SVC
CUST003957,Diego Wilson,1961-02-14,7c9eda65fe73,medium,expired,AU,2023-10-31 00:00:00,CUSTOMER_ONBOARDING_SVC
CUST003958,Nikhil Martinez,1981-01-25,2516d22438f0,low,expired,SG,2025-02-23 00:00:00,CUSTOMER_ONBOARDING_SVC
CUST003959,Diego Reddy,1984-10-20,393dc36a1d39,low,verified,AE,2025-01-25 00:00:00,CUSTOMER_ONBOARDING_SVC
CUST003960,Arjun Miller,1972-08-24,9f8e10b21eed,medium,pending,AU,2023-09-01 00:00:00,CUSTOMER_ONBOARDING_SVC
CUST003961,Mei Tanaka,1996-09-11,9a48b14d4de2,low,pending,AU,2024-05-24 00:00:00,CUSTOMER_ONBOARDING_SVC
CUST003962,Priya Patel,1966-01-24,59004d6a711a,low,verified,NG,2018-04-06 00:00:00,CUSTOMER_ONBOARDING_SVC
CUST003963,Chen Patel,1971-05-07,db6f2e11240e,low,verified,DE,2021-08-02 00:00:00,CUSTOMER_ONBOARDING_SVC
CUST003964,Rahul Martinez,1994-12-13,04c1b9a67af8,high,,DE,2019-02-07 00:00:00,CUSTOMER_ONBOARDING_SVC
CUST003965,Ethan Wilson,1971-06-15,4f9604f58d57,low,verified,CA,2021-01-22 00:00:00,CUSTOMER_ONBOARDING_SVC
CUST003966,Ivan Miller,1986-05-12,7d9bf70a1a8b,high,verified,DE,2025-11-22 00:00:00,CUSTOMER_ONBOARDING_SVC
CUST003967,Ethan Kumar,1966-02-24,ae0fed71db37,medium,verified,CA,2024-07-29 00:00:00,CUSTOMER_ONBOARDING_SVC
CUST003968,James Nair,1984-05-21,566320f41edd,medium,pending,AE,2020-08-08 00:00:00,CUSTOMER_ONBOARDING_SVC
CUST003969,James Ivanov,1989-10-23,512a61f28a38,medium,pending,CN,2021-10-03 00:00:00,CUSTOMER_ONBOARDING_SVC
CUST003970,Ivan Chen,1963-04-08,eee2dac2fc44,low,pending,RU,2020-11-17 00:00:00,CUSTOMER_ONBOARDING_SVC
CUST003971,Fatima Sharma,1962-08-28,6645607332b5,medium,expired,DE,2025-05-28 00:00:00,CUSTOMER_ONBOARDING_SVC
CUST003972,Mason Lopez,1979-06-28,008c29abaafd,low,verified,CA,2023-04-28 00:00:00,CUSTOMER_ONBOARDING_SVC
CUST003973,Sophia Miller,1999-11-24,c10a3a35d2ed,low,verified,DE,2025-05-12 00:00:00,CUSTOMER_ONBOARDING_SVC
CUST003974,Elena Garcia,1987-07-07,37072076b537,medium,pending,CN,2021-08-27 00:00:00,CUSTOMER_ONBOARDING_SVC
CUST003975,Aarav Tanaka,1963-05-26,b0bc44e8f3c6,low,pending,NG,2026-05-15 00:00:00,CUSTOMER_ONBOARDING_SVC
CUST003976,Lucia Miller,1992-04-01,07c52a0fbf59,high,verified,GB,2026-05-27 00:00:00,CUSTOMER_ONBOARDING_SVC
CUST003977,Chen Nair,1991-04-29,cdf332f18a11,low,verified,AU,2025-07-08 00:00:00,CUSTOMER_ONBOARDING_SVC
CUST003978,Ava Miller,1977-12-08,54d86692f7c9,medium,verified,GB,2020-07-02 00:00:00,CUSTOMER_ONBOARDING_SVC
CUST003979,Mia Nair,1960-07-13,280c7830b0d7,medium,verified,IN,2025-04-24 00:00:00,CUSTOMER_ONBOARDING_SVC
CUST003980,Ethan Khan,1989-11-19,d873aa1b5789,low,pending,US,2020-11-26 00:00:00,CUSTOMER_ONBOARDING_SVC
CUST003981,Sneha Johnson,1964-09-12,3f49a22382e7,low,verified,NG,2019-01-06 00:00:00,CUSTOMER_ONBOARDING_SVC
CUST003982,Wei Ivanov,1977-02-06,38e44c0003d8,medium,verified,AU,2024-10-11 00:00:00,CUSTOMER_ONBOARDING_SVC
CUST003983,Chen Brown,2003-10-25,782efb0529d8,medium,pending,RU,2022-05-27 00:00:00,CUSTOMER_ONBOARDING_SVC
CUST003984,Ivan Zhang,1997-07-17,cf7d0045dcaa,low,expired,IN,2019-01-01 00:00:00,CUSTOMER_ONBOARDING_SVC
CUST003985,Noah Johnson,1971-06-05,8110b407b21d,low,verified,NG,2023-05-13 00:00:00,CUSTOMER_ONBOARDING_SVC
CUST003986,Karan Nair,1990-02-01,05e240826e57,medium,verified,CN,2023-09-18 00:00:00,CUSTOMER_ONBOARDING_SVC
CUST003987,Amelia Anderson,1980-10-04,bb45d08c65ee,low,pending,NG,2018-11-07 00:00:00,CUSTOMER_ONBOARDING_SVC
CUST003988,Omar Smith,1988-08-03,3b137509f4a5,high,expired,CN,2018-09-16 00:00:00,CUSTOMER_ONBOARDING_SVC
CUST003989,Sophia Brown,1969-01-15,2f8bb1fd2082,low,verified,NG,2019-09-28 00:00:00,CUSTOMER_ONBOARDING_SVC
CUST003990,Priya Davis,1955-07-08,97f213d19fc7,low,verified,AE,2025-06-24 00:00:00,CUSTOMER_ONBOARDING_SVC
CUST003991,Riya Garcia,2003-09-24,f980ad7b484f,medium,expired,CN,2022-12-03 00:00:00,CUSTOMER_ONBOARDING_SVC
CUST003992,Chen Al-Sayed,1981-12-10,d5e39b079a6e,low,pending,DE,2023-06-08 00:00:00,CUSTOMER_ONBOARDING_SVC
CUST003993,Emma Khan,1983-10-18,3984dee917cb,medium,verified,SG,2018-05-19 00:00:00,CUSTOMER_ONBOARDING_SVC
CUST003994,Divya Anderson,1959-06-03,c2915a50664a,medium,verified,SG,2023-11-26 00:00:00,CUSTOMER_ONBOARDING_SVC
CUST003995,Ethan Sharma,1985-05-12,215f3d7080d2,low,,,2024-02-02 00:00:00,CUSTOMER_ONBOARDING_SVC
CUST003996,Hassan Khan,1998-08-24,8f906c22963c,medium,verified,DE,2024-09-01 00:00:00,CUSTOMER_ONBOARDING_SVC
CUST003997,Hassan Davis,1972-05-23,20b5611d783f,high,verified,DE,2022-04-23 00:00:00,CUSTOMER_ONBOARDING_SVC
CUST003998,Diego Chen,1991-08-23,20e8fd6c2280,low,pending,GB,2020-07-26 00:00:00,CUSTOMER_ONBOARDING_SVC
CUST003999,Amelia Reddy,1965-04-08,bc6b43eaa28d,,verified,NG,2024-11-28 00:00:00,CUSTOMER_ONBOARDING_SVC
CUST004000,Yuki Mehta,1983-02-06,23db29b62e27,low,verified,GB,2018-07-25 00:00:00,CUSTOMER_ONBOARDING_SVC
CUST004001,James Tanaka,1992-05-20,1764d6007cff,medium,pending,CN,2018-04-19 00:00:00,CUSTOMER_ONBOARDING_SVC
CUST004002,Emma Garcia,1998-09-03,d078d1b4ee7f,low,pending,RU,2023-01-21 00:00:00,CUSTOMER_ONBOARDING_SVC
CUST004003,Ivan Kumar,2004-12-09,c2f51af07ad3,medium,verified,RU,2019-01-17 00:00:00,CUSTOMER_ONBOARDING_SVC
CUST004004,Mei Chen,2002-06-08,1bbb4a78c81c,low,expired,AU,2023-11-30 00:00:00,CUSTOMER_ONBOARDING_SVC
CUST004005,Ethan Al-Sayed,1995-08-12,018c0e47ee50,low,verified,SG,2019-04-23 00:00:00,CUSTOMER_ONBOARDING_SVC
CUST004006,Chen Miller,1994-01-14,a5dc2a0a25eb,medium,verified,US,2020-09-22 00:00:00,CUSTOMER_ONBOARDING_SVC
CUST004007,Riya Chen,1969-02-27,3434bae50946,low,verified,AU,2018-11-22 00:00:00,CUSTOMER_ONBOARDING_SVC
CUST004008,Vikram Lopez,2004-03-10,91faaf92667d,medium,expired,US,2026-06-24 00:00:00,CUSTOMER_ONBOARDING_SVC
CUST004009,Nikhil Gupta,1958-08-19,3878bc5b7978,low,,CN,2025-03-03 00:00:00,CUSTOMER_ONBOARDING_SVC
CUST004010,Diego Mehta,1983-11-24,b4a696fe8cb7,low,verified,DE,2024-03-04 00:00:00,CUSTOMER_ONBOARDING_SVC
CUST004011,Olivia Reddy,1991-09-02,eb0e60df33d7,high,pending,GB,2019-05-30 00:00:00,CUSTOMER_ONBOARDING_SVC
CUST004012,Sneha Davis,1976-03-28,463302abecb3,low,verified,SG,2020-04-08 00:00:00,CUSTOMER_ONBOARDING_SVC
CUST004013,Ivan Khan,1956-10-21,cdbbb08b5657,medium,verified,NG,2024-05-25 00:00:00,CUSTOMER_ONBOARDING_SVC
CUST004014,Aarav Wilson,2005-04-02,71cc148e2c49,high,verified,CA,2023-06-26 00:00:00,CUSTOMER_ONBOARDING_SVC
CUST004015,Wei Nair,1993-02-13,3dc2f9167c60,low,expired,CA,2020-10-10 00:00:00,CUSTOMER_ONBOARDING_SVC
CUST004016,Riya Davis,1991-12-15,565ee5206bad,medium,pending,DE,2018-04-22 00:00:00,CUSTOMER_ONBOARDING_SVC
CUST004017,Ava Sharma,1981-03-24,8399f126b597,low,verified,IN,2021-02-10 00:00:00,CUSTOMER_ONBOARDING_SVC
CUST004018,Priya Khan,1956-07-18,74f55364e07c,medium,verified,US,2022-12-14 00:00:00,CUSTOMER_ONBOARDING_SVC
CUST004019,Diego Wilson,1986-01-03,7ec18ca043e8,,verified,CN,2021-04-01 00:00:00,CUSTOMER_ONBOARDING_SVC
CUST004020,Amelia Tanaka,1961-01-26,29d024fbd583,medium,verified,US,2023-02-23 00:00:00,CUSTOMER_ONBOARDING_SVC
CUST004021,Diego Reddy,1983-04-29,e5dd9c13ab23,low,expired,GB,2024-03-17 00:00:00,CUSTOMER_ONBOARDING_SVC
CUST004022,Fatima Khan,1982-04-15,c3be7800ed0a,medium,verified,NG,2018-01-30 00:00:00,CUSTOMER_ONBOARDING_SVC
CUST004023,Sophia Nair,1985-05-22,a351139ed4a7,high,pending,DE,2024-12-08 00:00:00,CUSTOMER_ONBOARDING_SVC
CUST004024,Rahul Chen,1986-04-30,58a364c2b2d0,low,verified,IN,2018-12-03 00:00:00,CUSTOMER_ONBOARDING_SVC
CUST004025,Layla Kumar,1989-10-27,8470c9858775,low,expired,SG,2024-02-21 00:00:00,CUSTOMER_ONBOARDING_SVC
CUST004026,Omar Brown,1995-05-09,3e4baf8d9590,medium,verified,AE,2024-05-20 00:00:00,CUSTOMER_ONBOARDING_SVC
CUST004027,Ananya Mehta,1964-04-12,c5f903dcf9ea,low,verified,CA,2023-05-18 00:00:00,CUSTOMER_ONBOARDING_SVC
CUST004028,Omar Garcia,1974-05-10,9d80a1916356,medium,expired,NG,2018-05-17 00:00:00,CUSTOMER_ONBOARDING_SVC
CUST004029,Omar Kumar,1994-09-30,101278f93173,low,expired,DE,2019-10-26 00:00:00,CUSTOMER_ONBOARDING_SVC
CUST004030,Wei Tanaka,1986-05-23,9542651a14f7,low,pending,SG,2024-04-29 00:00:00,CUSTOMER_ONBOARDING_SVC
CUST004031,Karan Sharma,1994-08-24,1b8c50ca1107,high,,SG,2023-05-26 00:00:00,CUSTOMER_ONBOARDING_SVC
CUST004032,Layla Al-Sayed,2000-01-20,cc16f5a6c61c,low,verified,RU,2024-02-24 00:00:00,CUSTOMER_ONBOARDING_SVC
CUST004033,Meera Nair,1998-06-17,c8c19c735764,low,verified,SG,2023-08-26 00:00:00,CUSTOMER_ONBOARDING_SVC
CUST004034,Liam Kumar,1980-09-06,a8bb9da1658d,low,verified,IN,2018-12-17 00:00:00,CUSTOMER_ONBOARDING_SVC
CUST004035,Riya Kumar,1988-12-31,e1f64a68444d,medium,verified,DE,2018-02-26 00:00:00,CUSTOMER_ONBOARDING_SVC
CUST004036,Sophia Al-Sayed,1994-03-07,c97f75ade40e,,verified,DE,2019-01-01 00:00:00,CUSTOMER_ONBOARDING_SVC
CUST004037,Rahul Patel,1985-02-12,589161b040ea,low,verified,GB,2024-03-10 00:00:00,CUSTOMER_ONBOARDING_SVC
CUST004038,Priya Miller,1958-05-01,b7d1cb7ccd50,medium,verified,RU,2025-04-19 00:00:00,CUSTOMER_ONBOARDING_SVC
CUST004039,Ethan Ivanov,2000-05-31,3dbb2b913e17,high,verified,AU,2018-06-16 00:00:00,CUSTOMER_ONBOARDING_SVC
CUST004040,Yuki Gupta,1982-04-23,d9bbedf2c63f,low,expired,CN,2022-01-26 00:00:00,CUSTOMER_ONBOARDING_SVC
CUST004041,Riya Garcia,1981-08-17,4f78f63f3b7c,high,verified,US,2025-03-18 00:00:00,CUSTOMER_ONBOARDING_SVC
CUST004042,Mason Miller,1958-02-28,096b19452593,high,verified,AE,2018-06-16 00:00:00,CUSTOMER_ONBOARDING_SVC
CUST004043,Priya Smith,2003-10-13,7006502bc9c0,medium,pending,NG,2026-04-06 00:00:00,CUSTOMER_ONBOARDING_SVC
CUST004044,Elena Miller,1994-04-02,3f55a7bea24b,medium,expired,US,2018-07-28 00:00:00,CUSTOMER_ONBOARDING_SVC
CUST004045,Ivan Wilson,1990-09-15,561217bd1fb5,medium,expired,US,2022-07-23 00:00:00,CUSTOMER_ONBOARDING_SVC
CUST004046,Liam Miller,1964-09-28,99fc2101135f,low,expired,RU,2025-08-14 00:00:00,CUSTOMER_ONBOARDING_SVC
CUST004047,Mason Miller,1988-03-02,8f979aaa0307,low,verified,CN,2022-12-04 00:00:00,CUSTOMER_ONBOARDING_SVC
CUST004048,Mia Martinez,1995-08-04,ca769babaa7c,low,verified,NG,2022-06-05 00:00:00,CUSTOMER_ONBOARDING_SVC
CUST004049,Ivan Johnson,1980-02-17,d7a99e1d0178,low,expired,CA,2022-01-30 00:00:00,CUSTOMER_ONBOARDING_SVC
CUST004050,Divya Chen,1974-10-12,75246bf52923,low,pending,AE,2019-01-02 00:00:00,CUSTOMER_ONBOARDING_SVC
CUST004051,Ananya Smith,1995-03-05,f67521e68f32,medium,verified,GB,2018-12-25 00:00:00,CUSTOMER_ONBOARDING_SVC
CUST004052,Amelia Smith,1985-12-14,474f0db194d0,high,expired,GB,2025-08-26 00:00:00,CUSTOMER_ONBOARDING_SVC
CUST004053,Chen Johnson,1978-01-19,45c21dd834e4,high,expired,SG,2018-12-20 00:00:00,CUSTOMER_ONBOARDING_SVC
CUST004054,Lucia Anderson,1977-10-24,aa3c53b07926,medium,pending,IN,2024-09-02 00:00:00,CUSTOMER_ONBOARDING_SVC
CUST004055,Aditya Chen,1990-03-08,081fd433dd98,high,verified,AE,2021-08-25 00:00:00,CUSTOMER_ONBOARDING_SVC
CUST004056,Yuki Johnson,1965-11-11,5597954938b1,medium,verified,,2021-06-27 00:00:00,CUSTOMER_ONBOARDING_SVC
CUST004057,Divya Nair,1972-02-28,ff1af51ffedb,low,verified,SG,2021-03-02 00:00:00,CUSTOMER_ONBOARDING_SVC
CUST004058,Amelia Ivanov,1962-12-02,68ddbf561caf,medium,verified,CN,2020-05-01 00:00:00,CUSTOMER_ONBOARDING_SVC
CUST004059,Aarav Martinez,1986-07-17,1a856c536f3e,low,verified,AU,2021-01-23 00:00:00,CUSTOMER_ONBOARDING_SVC
CUST004060,Layla Wilson,1960-07-16,b696d27a0847,low,expired,AU,2023-09-23 00:00:00,CUSTOMER_ONBOARDING_SVC
CUST004061,Meera Miller,1973-06-09,7fc7cf8ef1c8,low,verified,AE,2021-06-10 00:00:00,CUSTOMER_ONBOARDING_SVC
CUST004062,Riya Gupta,1997-02-25,cfcf0f33c235,medium,verified,DE,2019-10-11 00:00:00,CUSTOMER_ONBOARDING_SVC
CUST004063,Amelia Chen,1993-12-21,1c8e54cfd950,low,expired,GB,2024-11-21 00:00:00,CUSTOMER_ONBOARDING_SVC
CUST004064,Lucas Anderson,1996-01-27,ab1a6e971c18,low,expired,CA,2026-06-10 00:00:00,CUSTOMER_ONBOARDING_SVC
CUST004065,Aditya Singh,1992-06-01,7cad2c9a6566,low,pending,AE,2023-06-26 00:00:00,CUSTOMER_ONBOARDING_SVC
CUST004066,Mason Wilson,1955-05-30,4952a860634b,low,verified,GB,2025-09-13 00:00:00,CUSTOMER_ONBOARDING_SVC
CUST004067,Isha Patel,1961-10-14,eec8e33cf041,low,verified,AE,2022-06-14 00:00:00,CUSTOMER_ONBOARDING_SVC
CUST004068,Olivia Patel,2004-10-02,071617075c59,medium,verified,AE,2025-08-19 00:00:00,CUSTOMER_ONBOARDING_SVC
CUST004069,Karan Wilson,1964-06-15,c90d54c92623,medium,,IN,2022-06-19 00:00:00,CUSTOMER_ONBOARDING_SVC
CUST004070,Sneha Kumar,1974-12-04,ba9806eca686,medium,expired,RU,2023-08-14 00:00:00,CUSTOMER_ONBOARDING_SVC
CUST004071,Emma Khan,2005-07-17,8a2289478927,medium,verified,AE,2023-06-06 00:00:00,CUSTOMER_ONBOARDING_SVC
CUST004072,Ivan Singh,1988-11-15,07fc0612700f,low,expired,IN,2022-10-13 00:00:00,CUSTOMER_ONBOARDING_SVC
CUST004073,Liam Miller,1967-08-31,1cbc53bbed3f,high,verified,IN,2022-08-08 00:00:00,CUSTOMER_ONBOARDING_SVC
CUST004074,Chen Gupta,1985-03-23,a9ceaf797e9b,high,expired,CN,2019-03-06 00:00:00,CUSTOMER_ONBOARDING_SVC
CUST004075,Karan Mehta,1958-11-13,6ff245ee2507,low,verified,SG,2022-08-31 00:00:00,CUSTOMER_ONBOARDING_SVC
CUST004076,Mei Martinez,1956-08-01,89f5e99140a8,low,expired,CA,2022-06-05 00:00:00,CUSTOMER_ONBOARDING_SVC
CUST004077,Ethan Reddy,2002-08-20,bc9a314fe2e0,medium,verified,DE,2022-06-09 00:00:00,CUSTOMER_ONBOARDING_SVC
CUST004078,Mia Anderson,1969-09-16,a1e17b428152,low,verified,AU,2019-04-11 00:00:00,CUSTOMER_ONBOARDING_SVC
CUST004079,Lucia Singh,1972-09-25,dc333da33c44,low,verified,GB,2024-06-27 00:00:00,CUSTOMER_ONBOARDING_SVC
CUST004080,Sneha Brown,1990-02-03,7d4546940144,medium,verified,AU,2019-12-27 00:00:00,CUSTOMER_ONBOARDING_SVC
CUST004081,Yuki Johnson,1984-04-12,e39c1a462609,medium,expired,NG,2025-04-29 00:00:00,CUSTOMER_ONBOARDING_SVC
CUST004082,Nikhil Reddy,1975-06-29,34c4acf4df54,low,verified,CA,2023-12-23 00:00:00,CUSTOMER_ONBOARDING_SVC
CUST004083,Arjun Martinez,1970-09-02,2e9915fd9a3e,low,verified,CA,2021-09-05 00:00:00,CUSTOMER_ONBOARDING_SVC
CUST004084,Liam Tanaka,1981-03-01,d1152eecd70c,high,verified,SG,2020-08-19 00:00:00,CUSTOMER_ONBOARDING_SVC
CUST004085,Lucia Anderson,1960-02-25,bdf15dad4c36,high,expired,IN,2023-05-02 00:00:00,CUSTOMER_ONBOARDING_SVC
CUST004086,Mason Lopez,1976-09-22,9763d5799d82,low,verified,NG,2023-05-13 00:00:00,CUSTOMER_ONBOARDING_SVC
CUST004087,Ava Anderson,2003-06-01,7ed18e87a492,,verified,AE,2023-07-12 00:00:00,CUSTOMER_ONBOARDING_SVC
CUST004088,Mei Martinez,1971-11-22,3f6b74e4f18a,medium,verified,IN,2019-04-19 00:00:00,CUSTOMER_ONBOARDING_SVC
CUST004089,Ivan Zhang,1955-03-19,d5ed30be6e4e,low,verified,NG,2021-03-04 00:00:00,CUSTOMER_ONBOARDING_SVC
CUST004090,Mason Smith,1965-05-13,5631b5c4fd01,low,verified,IN,2018-07-19 00:00:00,CUSTOMER_ONBOARDING_SVC
CUST004091,Pooja Brown,1955-08-22,218fcf9d4bba,low,verified,CN,2022-11-16 00:00:00,CUSTOMER_ONBOARDING_SVC
CUST004092,Lucas Ivanov,1966-09-14,01571861e307,medium,verified,GB,2022-05-02 00:00:00,CUSTOMER_ONBOARDING_SVC
CUST004093,Meera Nair,1955-09-13,f6dd8e391f44,medium,verified,US,2018-09-19 00:00:00,CUSTOMER_ONBOARDING_SVC
CUST004094,Lucia Ivanov,1959-02-22,66313651c794,low,expired,GB,2021-10-01 00:00:00,CUSTOMER_ONBOARDING_SVC
CUST004095,Aarav Sharma,1992-01-22,eede25333a05,low,verified,SG,2022-12-12 00:00:00,CUSTOMER_ONBOARDING_SVC
CUST004096,Ananya Tanaka,1976-05-29,872b92c0dbf7,low,verified,DE,2022-01-20 00:00:00,CUSTOMER_ONBOARDING_SVC
CUST004097,Omar Miller,1963-10-11,9f5fdb250874,medium,pending,CA,2018-08-11 00:00:00,CUSTOMER_ONBOARDING_SVC
CUST004098,Aditya Garcia,1994-07-02,65a2b5ec960f,low,verified,CA,2022-12-23 00:00:00,CUSTOMER_ONBOARDING_SVC
CUST004099,Ava Nair,1966-07-12,a103dab1977f,medium,expired,CN,2025-12-31 00:00:00,CUSTOMER_ONBOARDING_SVC
CUST004100,Ethan Reddy,1965-12-12,224fa080180b,medium,pending,DE,2021-07-17 00:00:00,CUSTOMER_ONBOARDING_SVC
CUST004101,Omar Lopez,1990-12-24,ca87f86c83ce,medium,verified,US,2026-03-04 00:00:00,CUSTOMER_ONBOARDING_SVC
CUST004102,Ananya Singh,1969-07-30,2c633bbda440,low,verified,GB,2026-02-10 00:00:00,CUSTOMER_ONBOARDING_SVC
CUST004103,Olivia Davis,1974-06-15,5ba9b1934b66,high,verified,CA,2018-11-01 00:00:00,CUSTOMER_ONBOARDING_SVC
CUST004104,James Singh,1955-01-18,908978ef071c,medium,pending,RU,2025-08-27 00:00:00,CUSTOMER_ONBOARDING_SVC
CUST004105,Layla Garcia,1955-06-11,6e1daec06bb9,low,verified,CA,2020-02-26 00:00:00,CUSTOMER_ONBOARDING_SVC
CUST004106,Mia Singh,1957-08-05,a75cd399ad02,low,verified,CA,2022-05-04 00:00:00,CUSTOMER_ONBOARDING_SVC
CUST004107,Pooja Anderson,1963-02-12,d6189c40a323,medium,verified,AE,2025-06-15 00:00:00,CUSTOMER_ONBOARDING_SVC
CUST004108,Ivan Miller,1992-11-06,bcda1498250d,low,verified,SG,2020-11-29 00:00:00,CUSTOMER_ONBOARDING_SVC
CUST004109,Noah Johnson,1990-10-12,fb2705dd361f,low,pending,CN,2026-02-08 00:00:00,CUSTOMER_ONBOARDING_SVC
CUST004110,Mason Smith,1979-05-02,a0e016143bd2,low,verified,AE,2025-09-21 00:00:00,CUSTOMER_ONBOARDING_SVC
CUST004111,James Tanaka,1981-03-01,45f064b65d27,medium,pending,SG,2025-05-22 00:00:00,CUSTOMER_ONBOARDING_SVC
CUST004112,Sneha Al-Sayed,1981-05-12,74c932297842,high,verified,DE,2019-06-02 00:00:00,CUSTOMER_ONBOARDING_SVC
CUST004113,Nikhil Wilson,1986-03-12,eec87290b156,high,verified,RU,2019-02-05 00:00:00,CUSTOMER_ONBOARDING_SVC
CUST004114,Noah Gupta,1999-06-07,915620477de7,medium,verified,US,2021-03-20 00:00:00,CUSTOMER_ONBOARDING_SVC
CUST004115,Emma Martinez,1955-11-09,1f78d9524f5e,low,verified,SG,2022-10-28 00:00:00,CUSTOMER_ONBOARDING_SVC
CUST004116,Wei Al-Sayed,1975-01-28,ffa4b83815ef,high,verified,US,2025-03-14 00:00:00,CUSTOMER_ONBOARDING_SVC
CUST004117,Aarav Tanaka,1959-01-31,f9a6619fe86f,medium,expired,NG,2025-03-02 00:00:00,CUSTOMER_ONBOARDING_SVC
CUST004118,Lucas Patel,2005-01-03,07e42bd3f4d4,low,verified,US,2023-11-29 00:00:00,CUSTOMER_ONBOARDING_SVC
CUST004119,Emma Al-Sayed,1998-10-27,cc7e8786b88f,medium,verified,GB,2021-06-09 00:00:00,CUSTOMER_ONBOARDING_SVC
CUST004120,Chen Tanaka,1993-10-04,c44fae007d7a,medium,verified,AE,2024-10-05 00:00:00,CUSTOMER_ONBOARDING_SVC
CUST004121,Sophia Mehta,1998-05-24,899b931546dd,low,verified,US,2021-08-02 00:00:00,CUSTOMER_ONBOARDING_SVC
CUST004122,Divya Wilson,1990-09-10,e464f248d016,medium,,SG,2024-03-31 00:00:00,CUSTOMER_ONBOARDING_SVC
CUST004123,Priya Brown,1986-10-14,5fe119c50e00,medium,verified,AU,2018-05-14 00:00:00,CUSTOMER_ONBOARDING_SVC
CUST004124,Diego Ivanov,1990-01-15,3a54aaef31f6,medium,verified,CN,2022-06-20 00:00:00,CUSTOMER_ONBOARDING_SVC
CUST004125,Isha Johnson,1993-03-21,dfb2eed82476,low,verified,US,2025-02-15 00:00:00,CUSTOMER_ONBOARDING_SVC
CUST004126,Lucas Reddy,2001-01-02,e89c8a1eb67f,medium,verified,CA,2025-03-31 00:00:00,CUSTOMER_ONBOARDING_SVC
CUST004127,Mia Wilson,1962-12-27,83cad5269d2f,low,verified,AE,2019-05-18 00:00:00,CUSTOMER_ONBOARDING_SVC
CUST004128,Meera Reddy,1976-08-28,a54b8d1bafe4,low,verified,AE,2018-11-30 00:00:00,CUSTOMER_ONBOARDING_SVC
CUST004129,Pooja Wilson,1993-06-24,6d049ebd7b70,medium,verified,SG,2019-05-20 00:00:00,CUSTOMER_ONBOARDING_SVC
CUST004130,Aditya Smith,1999-07-28,ebc3937b0325,high,pending,CN,2025-04-27 00:00:00,CUSTOMER_ONBOARDING_SVC
CUST004131,Yuki Smith,1964-01-31,2aa11d586656,,verified,CN,2025-08-01 00:00:00,CUSTOMER_ONBOARDING_SVC
CUST004132,Wei Smith,1988-02-28,2c13d12333c9,medium,pending,US,2025-04-14 00:00:00,CUSTOMER_ONBOARDING_SVC
CUST004133,Ava Martinez,1984-08-09,991b52e93d2f,high,verified,CN,2020-07-15 00:00:00,CUSTOMER_ONBOARDING_SVC
CUST004134,Hassan Tanaka,1975-01-27,07e3675e84b1,low,verified,CA,2022-06-08 00:00:00,CUSTOMER_ONBOARDING_SVC
CUST004135,Omar Ivanov,1963-12-06,197584f9a584,high,verified,AU,2022-09-26 00:00:00,CUSTOMER_ONBOARDING_SVC
CUST004136,Vikram Mehta,1973-08-12,facc59b78693,low,verified,AU,2018-07-27 00:00:00,CUSTOMER_ONBOARDING_SVC
CUST004137,Isha Smith,1980-01-09,6152942acde5,low,verified,DE,2023-11-22 00:00:00,CUSTOMER_ONBOARDING_SVC
CUST004138,Rohan Patel,1998-06-06,43da09cf5f06,medium,verified,NG,2020-10-18 00:00:00,CUSTOMER_ONBOARDING_SVC
CUST004139,Elena Johnson,1964-05-27,1f64e196b9a1,medium,verified,AE,2020-10-15 00:00:00,CUSTOMER_ONBOARDING_SVC
CUST004140,Omar Nair,1970-03-15,cd8adf13fc7c,low,verified,CA,2019-05-23 00:00:00,CUSTOMER_ONBOARDING_SVC
CUST004141,Sneha Wilson,1973-10-06,0f7dd5c7028b,low,verified,IN,2023-01-03 00:00:00,CUSTOMER_ONBOARDING_SVC
CUST004142,Olivia Smith,2003-11-06,dcee98a23eaf,,expired,RU,2024-04-09 00:00:00,CUSTOMER_ONBOARDING_SVC
CUST004143,Nikhil Anderson,1963-08-03,d6e746d90fdb,low,pending,US,2020-07-03 00:00:00,CUSTOMER_ONBOARDING_SVC
CUST004144,Sophia Brown,1957-10-18,9626bad142f1,,verified,GB,2022-12-06 00:00:00,CUSTOMER_ONBOARDING_SVC
CUST004145,Fatima Wilson,1973-05-05,d6c9a9c92dec,medium,verified,CN,2020-12-16 00:00:00,CUSTOMER_ONBOARDING_SVC
CUST004146,Isha Martinez,1975-11-05,53a9d0969a4d,low,verified,AU,2023-10-21 00:00:00,CUSTOMER_ONBOARDING_SVC
CUST004147,Wei Martinez,1969-11-21,bd6999e4ba7c,medium,pending,NG,2021-10-27 00:00:00,CUSTOMER_ONBOARDING_SVC
CUST004148,Liam Kumar,1976-01-26,22c7377fc6e2,high,,SG,2020-06-05 00:00:00,CUSTOMER_ONBOARDING_SVC
CUST004149,Yuki Patel,1991-01-11,4620fd051699,low,verified,AU,2020-05-23 00:00:00,CUSTOMER_ONBOARDING_SVC
CUST004150,Ananya Kumar,1984-10-26,b2a9ee856b47,,verified,RU,2021-10-12 00:00:00,CUSTOMER_ONBOARDING_SVC
CUST004151,Aditya Smith,1960-02-14,d0ab8a0cbc35,medium,pending,,2020-08-01 00:00:00,CUSTOMER_ONBOARDING_SVC
CUST004152,Yuki Martinez,1973-12-12,8779192114ae,medium,verified,AU,2018-04-23 00:00:00,CUSTOMER_ONBOARDING_SVC
CUST004153,Liam Garcia,1966-08-17,877847b38e04,medium,verified,NG,2018-07-04 00:00:00,CUSTOMER_ONBOARDING_SVC
CUST004154,Olivia Gupta,1993-09-20,0e67a763f975,low,pending,GB,2024-04-08 00:00:00,CUSTOMER_ONBOARDING_SVC
CUST004155,Amelia Brown,1957-02-27,b19c0f7359bc,high,verified,CN,2021-10-05 00:00:00,CUSTOMER_ONBOARDING_SVC
CUST004156,Arjun Sharma,1969-04-04,a8e970ebbd9d,high,verified,CA,2026-05-22 00:00:00,CUSTOMER_ONBOARDING_SVC
CUST004157,Priya Mehta,1983-10-13,4317d17b7437,medium,verified,SG,2018-02-15 00:00:00,CUSTOMER_ONBOARDING_SVC
CUST004158,Layla Ivanov,1979-11-29,2e7f74e97e4e,medium,verified,GB,2021-08-11 00:00:00,CUSTOMER_ONBOARDING_SVC
CUST004159,Layla Singh,1978-08-23,dcf983d7787f,low,verified,CA,2021-04-20 00:00:00,CUSTOMER_ONBOARDING_SVC
CUST004160,Ananya Garcia,1984-03-25,7ce232111fb4,,verified,AU,2022-09-16 00:00:00,CUSTOMER_ONBOARDING_SVC
CUST004161,Yuki Brown,1976-10-10,49b7a652e8d0,low,verified,RU,2018-05-26 00:00:00,CUSTOMER_ONBOARDING_SVC
CUST004162,Rahul Garcia,2003-05-05,b0ac9b04c48b,,pending,AU,2018-08-02 00:00:00,CUSTOMER_ONBOARDING_SVC
CUST004163,Amelia Garcia,2001-07-29,0889d6f6059c,,verified,GB,2020-11-20 00:00:00,CUSTOMER_ONBOARDING_SVC
CUST004164,Mason Smith,1977-08-07,b0e50b4be50e,medium,pending,SG,2024-12-27 00:00:00,CUSTOMER_ONBOARDING_SVC
CUST004165,Diego Garcia,1987-05-31,7041ed3447a6,low,verified,CN,2022-07-23 00:00:00,CUSTOMER_ONBOARDING_SVC
CUST004166,Mia Davis,1983-05-17,270e1baab565,medium,verified,CN,2022-12-22 00:00:00,CUSTOMER_ONBOARDING_SVC
CUST004167,Ava Ivanov,1963-01-01,0cdec56387f8,low,verified,US,2023-09-09 00:00:00,CUSTOMER_ONBOARDING_SVC
CUST004168,Sophia Patel,1965-07-17,02bfbb4de779,medium,verified,NG,2022-02-16 00:00:00,CUSTOMER_ONBOARDING_SVC
CUST004169,Diego Singh,1978-01-12,90e1db310dc4,high,pending,CA,2018-10-19 00:00:00,CUSTOMER_ONBOARDING_SVC
CUST004170,Lucas Nair,1958-07-30,c3f8254207d7,low,verified,US,2025-09-30 00:00:00,CUSTOMER_ONBOARDING_SVC
CUST004171,Rohan Garcia,1988-09-16,057edb158527,medium,expired,GB,2019-02-13 00:00:00,CUSTOMER_ONBOARDING_SVC
CUST004172,Sophia Al-Sayed,1971-02-24,d6f2f70df257,high,verified,NG,2020-10-26 00:00:00,CUSTOMER_ONBOARDING_SVC
CUST004173,Vikram Singh,1994-10-29,fa3c40152fba,low,verified,AE,2025-02-04 00:00:00,CUSTOMER_ONBOARDING_SVC
CUST004174,Chen Zhang,1996-01-19,3f6bb535afaa,high,verified,CN,2026-05-23 00:00:00,CUSTOMER_ONBOARDING_SVC
CUST004175,Olivia Wilson,1982-06-06,6704a5d658cf,low,expired,RU,2018-03-23 00:00:00,CUSTOMER_ONBOARDING_SVC
CUST004176,James Miller,1968-11-16,4678a00fdcdc,high,verified,AE,2025-03-24 00:00:00,CUSTOMER_ONBOARDING_SVC
CUST004177,Wei Mehta,1990-08-23,dd0f9528d9be,high,pending,CA,2025-06-21 00:00:00,CUSTOMER_ONBOARDING_SVC
CUST004178,Diego Wilson,1983-11-09,7fe607527e15,low,verified,IN,2020-10-13 00:00:00,CUSTOMER_ONBOARDING_SVC
CUST004179,Amelia Gupta,1995-01-17,f25e1f550e90,medium,pending,NG,2021-06-09 00:00:00,CUSTOMER_ONBOARDING_SVC
CUST004180,Sneha Zhang,1962-04-28,959ad1656373,low,expired,RU,2024-08-06 00:00:00,CUSTOMER_ONBOARDING_SVC
CUST004181,Ava Martinez,1973-11-22,b373f4cdf2d4,medium,pending,AU,2019-04-09 00:00:00,CUSTOMER_ONBOARDING_SVC
CUST004182,Ethan Davis,1983-07-31,721dbb76bdc4,low,verified,CA,2024-06-13 00:00:00,CUSTOMER_ONBOARDING_SVC
CUST004183,Ivan Al-Sayed,1992-04-16,12bbdb7abced,low,verified,AU,2023-06-10 00:00:00,CUSTOMER_ONBOARDING_SVC
CUST004184,Divya Smith,1986-11-20,fcb3de97c8f4,medium,verified,IN,2023-01-19 00:00:00,CUSTOMER_ONBOARDING_SVC
CUST004185,Ananya Garcia,1980-04-22,a48567fc9a46,medium,verified,SG,2020-11-14 00:00:00,CUSTOMER_ONBOARDING_SVC
CUST004186,Layla Brown,1984-01-18,a2c984ee177b,low,pending,CA,2019-06-26 00:00:00,CUSTOMER_ONBOARDING_SVC
CUST004187,Hassan Smith,1985-03-14,672541e446e8,low,pending,SG,2026-03-20 00:00:00,CUSTOMER_ONBOARDING_SVC
CUST004188,Riya Brown,1971-06-26,1542d28f1a71,,verified,GB,2018-01-14 00:00:00,CUSTOMER_ONBOARDING_SVC
CUST004189,Aarav Khan,1969-05-27,2d1aab89bd8c,high,pending,CA,2023-04-11 00:00:00,CUSTOMER_ONBOARDING_SVC
CUST004190,Lucas Martinez,2000-07-13,66d45db6f398,medium,verified,SG,2024-03-28 00:00:00,CUSTOMER_ONBOARDING_SVC
CUST004191,Rohan Ivanov,1993-04-02,2b2b0b5c844b,low,verified,AU,2022-07-10 00:00:00,CUSTOMER_ONBOARDING_SVC
CUST004192,Isha Chen,1982-06-22,f6f90a52ad8e,medium,verified,DE,2020-12-18 00:00:00,CUSTOMER_ONBOARDING_SVC
CUST004193,Liam Nair,1959-02-22,870777de43b6,medium,expired,SG,2018-08-20 00:00:00,CUSTOMER_ONBOARDING_SVC
CUST004194,Yuki Chen,2002-02-22,1dceba04c311,low,verified,AU,2020-11-14 00:00:00,CUSTOMER_ONBOARDING_SVC
CUST004195,Ivan Kumar,1972-04-26,e04cd2376e67,medium,expired,DE,2025-08-18 00:00:00,CUSTOMER_ONBOARDING_SVC
CUST004196,Ava Lopez,1985-11-19,11b7b4c8c503,low,pending,CN,2018-05-28 00:00:00,CUSTOMER_ONBOARDING_SVC
CUST004197,Wei Lopez,1967-09-25,1df7d02dab85,low,pending,NG,2020-05-02 00:00:00,CUSTOMER_ONBOARDING_SVC
CUST004198,Olivia Ivanov,1956-08-25,27b346c53710,low,pending,RU,2019-08-03 00:00:00,CUSTOMER_ONBOARDING_SVC
CUST004199,Isha Smith,1980-03-31,168dfbc06cc8,medium,verified,RU,2019-02-05 00:00:00,CUSTOMER_ONBOARDING_SVC
CUST004200,Mei Lopez,1965-08-02,8485486467c5,high,verified,US,2025-03-26 00:00:00,CUSTOMER_ONBOARDING_SVC
CUST004201,Vikram Kumar,1968-12-19,9ed37dae8ce8,medium,expired,NG,2024-03-16 00:00:00,CUSTOMER_ONBOARDING_SVC
CUST004202,Karan Singh,1968-01-07,67dbb98c93fa,low,verified,AU,2018-04-23 00:00:00,CUSTOMER_ONBOARDING_SVC
CUST004203,Chen Miller,1993-10-27,6005f2b94a04,medium,verified,DE,2025-04-01 00:00:00,CUSTOMER_ONBOARDING_SVC
CUST004204,Hassan Khan,1998-03-19,e578a08a2f58,high,verified,AE,2022-01-03 00:00:00,CUSTOMER_ONBOARDING_SVC
CUST004205,Wei Mehta,2004-05-01,6eb2252eea66,low,,GB,2025-01-24 00:00:00,CUSTOMER_ONBOARDING_SVC
CUST004206,Diego Tanaka,1962-02-12,8f45bf3a06e9,medium,verified,CN,2023-02-03 00:00:00,CUSTOMER_ONBOARDING_SVC
CUST004207,Ava Garcia,1969-03-03,53ca3926fd12,medium,expired,AE,2022-10-05 00:00:00,CUSTOMER_ONBOARDING_SVC
CUST004208,Fatima Mehta,1967-11-18,569a322c5d53,medium,pending,CA,2022-06-05 00:00:00,CUSTOMER_ONBOARDING_SVC
CUST004209,Omar Martinez,1962-02-10,98ad73dcc52f,medium,pending,GB,2019-12-04 00:00:00,CUSTOMER_ONBOARDING_SVC
CUST004210,Layla Miller,1962-06-27,1ecda99f1870,low,verified,RU,2018-08-02 00:00:00,CUSTOMER_ONBOARDING_SVC
CUST004211,Lucas Lopez,1983-02-15,82077e99380b,high,verified,DE,2020-01-19 00:00:00,CUSTOMER_ONBOARDING_SVC
CUST004212,Sneha Gupta,1980-08-17,c4808ef3bbb8,low,,IN,2018-03-24 00:00:00,CUSTOMER_ONBOARDING_SVC
CUST004213,Arjun Lopez,1977-05-15,b28e5a0b50fb,low,pending,GB,2025-09-20 00:00:00,CUSTOMER_ONBOARDING_SVC
CUST004214,Karan Johnson,1990-06-30,a4356157fd4d,,verified,RU,2020-06-28 00:00:00,CUSTOMER_ONBOARDING_SVC
CUST004215,Ananya Sharma,1984-01-02,50d1426f2a52,low,verified,US,2023-09-25 00:00:00,CUSTOMER_ONBOARDING_SVC
CUST004216,Nikhil Tanaka,1959-02-26,c275fae5429a,high,verified,IN,2026-02-13 00:00:00,CUSTOMER_ONBOARDING_SVC
CUST004217,Diego Garcia,1957-06-28,4fd64924d1bd,low,verified,DE,2023-08-09 00:00:00,CUSTOMER_ONBOARDING_SVC
CUST004218,Diego Nair,1974-02-12,98d6649aa5a4,medium,pending,CA,2020-08-24 00:00:00,CUSTOMER_ONBOARDING_SVC
CUST004219,Aarav Kumar,1980-12-18,433674c6528f,low,pending,AU,2024-05-06 00:00:00,CUSTOMER_ONBOARDING_SVC
CUST004220,Rohan Reddy,1978-06-03,1612d7c5db38,low,pending,AU,2018-03-05 00:00:00,CUSTOMER_ONBOARDING_SVC
CUST004221,Ivan Davis,1959-10-03,3886a65e08ea,high,verified,DE,2019-12-02 00:00:00,CUSTOMER_ONBOARDING_SVC
CUST004222,Rahul Smith,1962-06-27,a70d9bd33617,medium,verified,CA,2018-09-20 00:00:00,CUSTOMER_ONBOARDING_SVC
CUST004223,Noah Ivanov,1961-04-14,a0bae997fc54,low,expired,AE,2025-12-08 00:00:00,CUSTOMER_ONBOARDING_SVC
CUST004224,Mason Patel,1998-03-27,1315028c8888,medium,verified,CN,2022-07-22 00:00:00,CUSTOMER_ONBOARDING_SVC
CUST004225,Yuki Tanaka,1994-03-17,4b2a76061ff1,low,verified,RU,2022-09-05 00:00:00,CUSTOMER_ONBOARDING_SVC
CUST004226,Noah Tanaka,1955-09-27,fa68f91b9f25,low,verified,SG,2021-01-24 00:00:00,CUSTOMER_ONBOARDING_SVC
CUST004227,James Khan,1992-03-26,10fc8ed36045,low,pending,NG,2026-06-28 00:00:00,CUSTOMER_ONBOARDING_SVC
CUST004228,Yuki Tanaka,1965-05-22,7164c073ffa6,medium,expired,US,2021-05-14 00:00:00,CUSTOMER_ONBOARDING_SVC
CUST004229,Priya Singh,1999-10-15,2d66f0785401,low,verified,RU,2025-07-12 00:00:00,CUSTOMER_ONBOARDING_SVC
CUST004230,Hassan Miller,1959-03-09,ecb6fe5f36a4,low,verified,SG,2020-12-11 00:00:00,CUSTOMER_ONBOARDING_SVC
CUST004231,Mei Smith,1991-04-13,d3b1a8392428,high,verified,CN,2023-07-16 00:00:00,CUSTOMER_ONBOARDING_SVC
CUST004232,Ava Kumar,1994-04-26,020cd40e0174,medium,pending,AE,2025-07-03 00:00:00,CUSTOMER_ONBOARDING_SVC
CUST004233,Mei Chen,1981-04-25,ef3807c7acfe,low,verified,IN,2019-08-09 00:00:00,CUSTOMER_ONBOARDING_SVC
CUST004234,Aarav Chen,2003-05-10,1097dfcafa01,medium,verified,DE,2018-11-18 00:00:00,CUSTOMER_ONBOARDING_SVC
CUST004235,Sophia Martinez,1968-10-30,a83288c66277,low,expired,CA,2025-07-14 00:00:00,CUSTOMER_ONBOARDING_SVC
CUST004236,Sneha Brown,1965-11-25,f9527b21974f,low,verified,GB,2023-02-24 00:00:00,CUSTOMER_ONBOARDING_SVC
CUST004237,Lucia Garcia,2003-03-02,6ee953a969d0,low,pending,US,2018-01-25 00:00:00,CUSTOMER_ONBOARDING_SVC
CUST004238,Sophia Garcia,1994-03-10,12129be5a65c,medium,pending,CA,2019-02-25 00:00:00,CUSTOMER_ONBOARDING_SVC
CUST004239,Arjun Zhang,1969-04-17,a05c39819ad8,medium,verified,US,2019-12-26 00:00:00,CUSTOMER_ONBOARDING_SVC
CUST004240,Ivan Gupta,1987-07-06,6e6178fa359d,medium,verified,US,2019-10-11 00:00:00,CUSTOMER_ONBOARDING_SVC
CUST004241,Lucia Smith,2001-12-31,374f6ae16631,medium,verified,IN,2025-08-08 00:00:00,CUSTOMER_ONBOARDING_SVC
CUST004242,Emma Johnson,1990-01-31,5afd26547602,high,expired,CA,2024-08-17 00:00:00,CUSTOMER_ONBOARDING_SVC
CUST004243,Rohan Brown,1966-07-30,a42a25376171,medium,verified,DE,2018-09-07 00:00:00,CUSTOMER_ONBOARDING_SVC
CUST004244,Meera Garcia,1958-06-15,b30fdce787cb,medium,verified,CA,2018-10-14 00:00:00,CUSTOMER_ONBOARDING_SVC
CUST004245,Sneha Mehta,1985-03-28,704ffdb03aec,low,expired,SG,2024-12-10 00:00:00,CUSTOMER_ONBOARDING_SVC
CUST004246,Vikram Davis,1968-08-10,4d5e9a0974f4,medium,verified,DE,2024-06-03 00:00:00,CUSTOMER_ONBOARDING_SVC
CUST004247,Sneha Gupta,1976-11-04,e92a98ab832e,medium,pending,SG,2022-03-19 00:00:00,CUSTOMER_ONBOARDING_SVC
CUST004248,Noah Smith,1959-02-16,efb7b18856c5,low,,SG,2024-03-01 00:00:00,CUSTOMER_ONBOARDING_SVC
CUST004249,Lucia Nair,2005-02-19,3eefedc57b9b,low,expired,AU,2023-08-02 00:00:00,CUSTOMER_ONBOARDING_SVC
CUST004250,Sneha Patel,1955-05-27,d512346d9966,medium,verified,AU,2022-11-26 00:00:00,CUSTOMER_ONBOARDING_SVC
CUST004251,Riya Zhang,1975-10-06,42d33c6e302f,low,verified,RU,2018-04-22 00:00:00,CUSTOMER_ONBOARDING_SVC
CUST004252,Mason Sharma,1999-07-18,c71d494b34c3,medium,verified,NG,2018-06-06 00:00:00,CUSTOMER_ONBOARDING_SVC
CUST004253,Aarav Johnson,1996-12-09,8f3f8c6baa45,low,verified,GB,2024-11-06 00:00:00,CUSTOMER_ONBOARDING_SVC
CUST004254,Arjun Tanaka,2002-07-12,a8d74fb6b65b,low,verified,AU,2024-06-21 00:00:00,CUSTOMER_ONBOARDING_SVC
CUST004255,Aarav Khan,1983-10-07,037ce78aed5e,low,verified,IN,2025-01-26 00:00:00,CUSTOMER_ONBOARDING_SVC
CUST004256,Ava Johnson,1973-10-26,722143287fb4,medium,verified,CA,2024-01-30 00:00:00,CUSTOMER_ONBOARDING_SVC
CUST004257,Fatima Reddy,1984-03-15,759094a92026,medium,verified,NG,2018-01-11 00:00:00,CUSTOMER_ONBOARDING_SVC
CUST004258,Layla Garcia,1983-09-03,a77c804d01cf,low,verified,US,2022-02-23 00:00:00,CUSTOMER_ONBOARDING_SVC
CUST004259,Diego Anderson,1997-07-10,41cde5dd6f00,low,verified,NG,2025-07-17 00:00:00,CUSTOMER_ONBOARDING_SVC
CUST004260,Divya Wilson,1978-12-22,a9a771dc9d55,medium,verified,AU,2018-12-26 00:00:00,CUSTOMER_ONBOARDING_SVC
CUST004261,Aarav Tanaka,1958-09-28,b3fd11f2e7d6,high,verified,GB,2021-01-30 00:00:00,CUSTOMER_ONBOARDING_SVC
CUST004262,Pooja Gupta,1991-07-13,ee57066b7195,medium,verified,CA,2025-11-07 00:00:00,CUSTOMER_ONBOARDING_SVC
CUST004263,James Chen,2000-11-02,22e54e0c2b9b,medium,verified,AE,2023-03-22 00:00:00,CUSTOMER_ONBOARDING_SVC
CUST004264,Pooja Lopez,1988-09-07,ec8bc2646dda,low,pending,IN,2018-07-29 00:00:00,CUSTOMER_ONBOARDING_SVC
CUST004265,Divya Nair,1973-05-29,24aa17c09b90,low,expired,CA,2024-11-02 00:00:00,CUSTOMER_ONBOARDING_SVC
CUST004266,Elena Mehta,1989-12-06,c69ffa94738f,low,verified,DE,2024-06-27 00:00:00,CUSTOMER_ONBOARDING_SVC
CUST004267,Aditya Singh,1982-06-22,1649bc814006,low,expired,AU,2026-04-16 00:00:00,CUSTOMER_ONBOARDING_SVC
CUST004268,Divya Garcia,2003-09-20,1e1529c0ff87,low,verified,IN,2024-07-18 00:00:00,CUSTOMER_ONBOARDING_SVC
CUST004269,Karan Anderson,2004-05-24,75396def079b,medium,pending,CA,2024-06-29 00:00:00,CUSTOMER_ONBOARDING_SVC
CUST004270,Aditya Sharma,1968-12-18,d009398dbbf0,low,verified,GB,2020-05-10 00:00:00,CUSTOMER_ONBOARDING_SVC
CUST004271,Elena Miller,1968-01-10,1b7621e31d5e,low,expired,IN,2021-08-21 00:00:00,CUSTOMER_ONBOARDING_SVC
CUST004272,Priya Johnson,2004-01-04,d82313cb1d59,medium,pending,AE,2022-11-19 00:00:00,CUSTOMER_ONBOARDING_SVC
CUST004273,Lucas Patel,1996-08-20,73c79870dcc2,medium,expired,CN,2021-07-12 00:00:00,CUSTOMER_ONBOARDING_SVC
CUST004274,Ethan Nair,1972-05-12,92863961a09f,low,expired,CA,2023-12-11 00:00:00,CUSTOMER_ONBOARDING_SVC
CUST004275,Rahul Martinez,1957-08-26,8bb085d0dab4,medium,expired,CA,2019-01-18 00:00:00,CUSTOMER_ONBOARDING_SVC
CUST004276,Lucia Garcia,2001-12-23,fc2a8640567a,medium,verified,US,2025-10-07 00:00:00,CUSTOMER_ONBOARDING_SVC
CUST004277,Mason Nair,1996-04-21,fb445ef27fe9,high,verified,DE,2023-12-01 00:00:00,CUSTOMER_ONBOARDING_SVC
CUST004278,Elena Miller,1956-03-27,e649693d1f9a,medium,expired,IN,2022-03-30 00:00:00,CUSTOMER_ONBOARDING_SVC
CUST004279,Ivan Patel,1969-08-30,0370a856aeb5,low,expired,GB,2022-02-22 00:00:00,CUSTOMER_ONBOARDING_SVC
CUST004280,Layla Singh,1995-05-03,8644d7b3e63d,low,verified,AU,2024-09-10 00:00:00,CUSTOMER_ONBOARDING_SVC
CUST004281,Chen Chen,1974-06-18,eba838913c46,low,expired,IN,2019-05-21 00:00:00,CUSTOMER_ONBOARDING_SVC
CUST004281,Chen Chen,1974-06-18,eba838913c46,low,expired,IN,2019-05-21 01:10:00,CUSTOMER_ONBOARDING_SVC
CUST004282,Ethan Ivanov,1978-02-03,8fbd3e75e446,medium,expired,GB,2023-12-14 00:00:00,CUSTOMER_ONBOARDING_SVC
CUST004283,Layla Mehta,1977-11-16,f64d78c4eed0,low,expired,AE,2022-09-02 00:00:00,CUSTOMER_ONBOARDING_SVC
CUST004284,Lucas Patel,1963-12-20,923ff012772a,low,expired,CN,2020-06-05 00:00:00,CUSTOMER_ONBOARDING_SVC
CUST004285,Olivia Patel,1997-10-02,97844f325ad6,high,verified,SG,2025-02-15 00:00:00,CUSTOMER_ONBOARDING_SVC
CUST004286,Pooja Chen,1970-07-09,853b104d7e58,low,verified,NG,2025-03-16 00:00:00,CUSTOMER_ONBOARDING_SVC
CUST004287,Omar Tanaka,1980-10-11,1c8420fc4145,low,verified,IN,2018-11-25 00:00:00,CUSTOMER_ONBOARDING_SVC
CUST004288,Diego Nair,1980-06-14,78f0748483bf,low,pending,US,2019-11-16 00:00:00,CUSTOMER_ONBOARDING_SVC
CUST004289,Chen Smith,1977-02-03,4f65e044804a,low,pending,GB,2020-03-15 00:00:00,CUSTOMER_ONBOARDING_SVC
CUST004290,Ethan Al-Sayed,1997-11-05,89a084b58651,medium,verified,RU,2022-08-01 00:00:00,CUSTOMER_ONBOARDING_SVC
CUST004291,Omar Smith,1977-09-14,e700f8c93395,low,verified,DE,2018-02-25 00:00:00,CUSTOMER_ONBOARDING_SVC
CUST004292,Chen Lopez,2000-11-04,07a7abbd0b25,low,pending,CA,2025-06-05 00:00:00,CUSTOMER_ONBOARDING_SVC
CUST004293,Olivia Gupta,1984-12-21,5b03f8588072,medium,pending,GB,2024-04-21 00:00:00,CUSTOMER_ONBOARDING_SVC
CUST004294,Lucia Reddy,1992-09-06,a2a37c711f67,medium,verified,CN,2023-04-19 00:00:00,CUSTOMER_ONBOARDING_SVC
CUST004295,James Kumar,2001-05-12,743e3aaa6162,medium,verified,AE,2019-11-02 00:00:00,CUSTOMER_ONBOARDING_SVC
CUST004296,Mei Gupta,2003-02-14,5e64ca1ddb6f,medium,expired,AE,2025-06-22 00:00:00,CUSTOMER_ONBOARDING_SVC
CUST004297,Fatima Ivanov,1971-10-02,2dae3322e5c3,medium,pending,DE,2024-04-25 00:00:00,CUSTOMER_ONBOARDING_SVC
CUST004298,Emma Al-Sayed,1959-08-25,8e8a9f38bb0d,low,verified,NG,2024-04-10 00:00:00,CUSTOMER_ONBOARDING_SVC
CUST004299,Ivan Reddy,1968-01-25,18346a03b14c,,verified,DE,2023-05-25 00:00:00,CUSTOMER_ONBOARDING_SVC
CUST004300,Amelia Davis,1990-01-08,402fda8e4b46,low,expired,GB,2025-02-20 00:00:00,CUSTOMER_ONBOARDING_SVC
CUST004301,Ananya Sharma,1964-07-17,e06a542ea62f,medium,verified,IN,2022-10-27 00:00:00,CUSTOMER_ONBOARDING_SVC
CUST004302,Olivia Ivanov,1958-06-23,f63683983449,low,pending,AE,2018-08-12 00:00:00,CUSTOMER_ONBOARDING_SVC
CUST004303,Yuki Ivanov,1969-01-07,ce467cfe04df,high,verified,GB,2018-01-18 00:00:00,CUSTOMER_ONBOARDING_SVC
CUST004304,Elena Wilson,1972-09-19,de3fa535c2a7,medium,verified,CA,2018-08-20 00:00:00,CUSTOMER_ONBOARDING_SVC
CUST004305,Mia Martinez,1959-02-11,c9ecd6f7032b,medium,verified,US,2026-05-28 00:00:00,CUSTOMER_ONBOARDING_SVC
CUST004306,Divya Tanaka,1974-02-22,5b22e5381ecd,low,verified,US,2025-07-03 00:00:00,CUSTOMER_ONBOARDING_SVC
CUST004307,Isha Gupta,1992-09-22,ec519c44bdfe,low,verified,CA,2020-11-19 00:00:00,CUSTOMER_ONBOARDING_SVC
CUST004308,Arjun Davis,1986-12-13,ae53ff358dc2,low,verified,AU,2018-09-07 00:00:00,CUSTOMER_ONBOARDING_SVC
CUST004309,Ananya Davis,1969-01-30,720abd6c8d15,low,expired,IN,2023-09-14 00:00:00,CUSTOMER_ONBOARDING_SVC
CUST004310,Hassan Anderson,1985-10-21,3de5afd720e0,medium,expired,CA,2022-01-11 00:00:00,CUSTOMER_ONBOARDING_SVC
CUST004311,James Ivanov,1985-11-19,65e1e2e62ff6,low,expired,US,2021-08-16 00:00:00,CUSTOMER_ONBOARDING_SVC
CUST004312,Karan Miller,1975-09-22,4001b15cc48a,high,verified,GB,2018-03-25 00:00:00,CUSTOMER_ONBOARDING_SVC
CUST004313,Emma Johnson,1980-10-09,921de24728d1,low,verified,AU,2020-07-19 00:00:00,CUSTOMER_ONBOARDING_SVC
CUST004314,Yuki Zhang,1980-05-01,995c36c08672,low,verified,AU,2025-12-07 00:00:00,CUSTOMER_ONBOARDING_SVC
CUST004315,Mia Ivanov,1998-02-19,9b495c0d9f7c,high,expired,GB,2019-09-08 00:00:00,CUSTOMER_ONBOARDING_SVC
CUST004316,Mason Chen,1961-09-06,0e007cf8313c,low,expired,AU,2018-03-31 00:00:00,CUSTOMER_ONBOARDING_SVC
CUST004317,Fatima Reddy,1977-03-20,32dfacadab2d,medium,verified,RU,2018-09-28 00:00:00,CUSTOMER_ONBOARDING_SVC
CUST004318,Ethan Lopez,1959-07-07,4ee1336c0591,low,,CA,2020-01-08 00:00:00,CUSTOMER_ONBOARDING_SVC
CUST004319,Elena Martinez,1987-06-12,77a2b040a50a,high,verified,US,2023-12-06 00:00:00,CUSTOMER_ONBOARDING_SVC
CUST004320,Divya Al-Sayed,1975-01-01,8aad12fa83d5,low,verified,CN,2021-03-20 00:00:00,CUSTOMER_ONBOARDING_SVC
CUST004321,Priya Davis,1974-06-02,73a0ee58bb9f,high,verified,AU,2018-10-19 00:00:00,CUSTOMER_ONBOARDING_SVC
CUST004322,Diego Anderson,1979-03-06,69a1ca8e1238,medium,verified,AU,2021-08-28 00:00:00,CUSTOMER_ONBOARDING_SVC
CUST004323,Meera Wilson,1961-07-30,a282e68286e1,low,verified,CN,2025-02-22 00:00:00,CUSTOMER_ONBOARDING_SVC
CUST004324,Fatima Singh,1977-12-20,55f28076ae48,medium,expired,SG,2020-12-11 00:00:00,CUSTOMER_ONBOARDING_SVC
CUST004325,Sneha Tanaka,1988-03-09,56916f004216,medium,verified,IN,2018-04-26 00:00:00,CUSTOMER_ONBOARDING_SVC
CUST004326,Arjun Miller,1974-06-30,2de7398368b0,medium,pending,AU,2020-01-30 00:00:00,CUSTOMER_ONBOARDING_SVC
CUST004327,Aditya Gupta,1985-01-10,310d40f2dc9e,low,verified,DE,2023-01-30 00:00:00,CUSTOMER_ONBOARDING_SVC
CUST004328,Yuki Patel,2001-01-22,16a78e24fab3,high,verified,CA,2024-12-20 00:00:00,CUSTOMER_ONBOARDING_SVC
CUST004329,Rohan Zhang,1972-02-13,d3f05d0b4c2e,medium,expired,AU,2024-12-15 00:00:00,CUSTOMER_ONBOARDING_SVC
CUST004330,Omar Johnson,1979-11-11,2b757b8f2b7b,low,expired,SG,2021-01-01 00:00:00,CUSTOMER_ONBOARDING_SVC
CUST004331,Elena Gupta,1969-11-08,fbefdf94afe6,,expired,NG,2022-06-26 00:00:00,CUSTOMER_ONBOARDING_SVC
CUST004332,Chen Ivanov,1983-02-20,0d2f2e68bc49,medium,verified,RU,2019-11-11 00:00:00,CUSTOMER_ONBOARDING_SVC
CUST004333,Karan Garcia,1984-09-27,124554d602f4,low,verified,AU,2026-03-28 00:00:00,CUSTOMER_ONBOARDING_SVC
CUST004334,Nikhil Singh,1974-02-14,a7d8ea8eeede,low,pending,AU,2025-03-11 00:00:00,CUSTOMER_ONBOARDING_SVC
CUST004335,Karan Chen,1987-05-14,24e4fd01c6e0,low,verified,DE,2025-01-26 00:00:00,CUSTOMER_ONBOARDING_SVC
CUST004336,Yuki Wilson,1982-08-09,2ff21aec7531,medium,expired,DE,2025-06-08 00:00:00,CUSTOMER_ONBOARDING_SVC
CUST004337,Lucia Patel,1986-06-29,e31d96de5b84,high,verified,IN,2019-05-10 00:00:00,CUSTOMER_ONBOARDING_SVC
CUST004338,Mason Nair,1955-04-02,43b12681ebb8,low,pending,US,2021-09-17 00:00:00,CUSTOMER_ONBOARDING_SVC
CUST004339,Hassan Chen,1970-01-19,a8ab3f7f76db,medium,verified,AU,2025-12-13 00:00:00,CUSTOMER_ONBOARDING_SVC
CUST004340,Fatima Khan,1997-09-05,8183a022b9eb,low,verified,RU,2021-07-23 00:00:00,CUSTOMER_ONBOARDING_SVC
CUST004341,Pooja Anderson,1967-01-08,50d3afab0f09,low,pending,CA,2025-05-12 00:00:00,CUSTOMER_ONBOARDING_SVC
CUST004342,Olivia Smith,1979-01-05,81468977eeaf,medium,expired,AU,2019-04-17 00:00:00,CUSTOMER_ONBOARDING_SVC
CUST004343,Lucas Reddy,1978-07-27,7325b1175bca,low,expired,AU,2025-07-03 00:00:00,CUSTOMER_ONBOARDING_SVC
CUST004344,Meera Tanaka,1961-09-05,36fef323c7b5,medium,verified,CA,2021-12-24 00:00:00,CUSTOMER_ONBOARDING_SVC
CUST004345,Sneha Brown,1964-11-07,834f35ec6640,low,verified,AU,2024-01-28 00:00:00,CUSTOMER_ONBOARDING_SVC
CUST004346,Ananya Al-Sayed,1993-12-26,10947af8e595,low,verified,NG,2023-01-30 00:00:00,CUSTOMER_ONBOARDING_SVC
CUST004347,Sophia Davis,1961-12-03,9400eb7316de,medium,pending,DE,2024-12-11 00:00:00,CUSTOMER_ONBOARDING_SVC
CUST004348,Ava Patel,1976-01-18,857c023f1ce5,,verified,GB,2021-01-19 00:00:00,CUSTOMER_ONBOARDING_SVC
CUST004349,Lucas Zhang,1996-05-25,5ecdff1e058f,medium,pending,GB,2022-02-25 00:00:00,CUSTOMER_ONBOARDING_SVC
CUST004350,Wei Tanaka,1962-07-02,772b7e97baf2,low,verified,GB,2018-08-29 00:00:00,CUSTOMER_ONBOARDING_SVC
CUST004351,Meera Mehta,1959-11-22,88af3e9234d1,low,pending,AE,2024-11-11 00:00:00,CUSTOMER_ONBOARDING_SVC
CUST004352,Priya Davis,1988-08-29,b92d1b52ee17,low,pending,US,2021-10-01 00:00:00,CUSTOMER_ONBOARDING_SVC
CUST004353,Liam Reddy,1955-01-03,038e9ab015d7,high,expired,NG,2023-07-04 00:00:00,CUSTOMER_ONBOARDING_SVC
CUST004354,Sneha Martinez,1988-11-23,e08f7bf9a02f,low,verified,AU,2019-04-02 00:00:00,CUSTOMER_ONBOARDING_SVC
CUST004355,Mia Lopez,1974-10-05,059dcdb53f2b,medium,verified,IN,2022-11-11 00:00:00,CUSTOMER_ONBOARDING_SVC
CUST004356,Elena Al-Sayed,1997-02-06,23de85638a0f,medium,pending,AU,2022-12-20 00:00:00,CUSTOMER_ONBOARDING_SVC
CUST004357,Diego Patel,1989-09-28,6a49d7273084,low,expired,RU,2025-07-20 00:00:00,CUSTOMER_ONBOARDING_SVC
CUST004358,Meera Lopez,1974-08-24,bb20ce1a0d3d,medium,pending,NG,2018-03-17 00:00:00,CUSTOMER_ONBOARDING_SVC
CUST004359,Layla Wilson,1968-09-26,ea4ecb3e597d,low,pending,NG,2020-11-14 00:00:00,CUSTOMER_ONBOARDING_SVC
CUST004360,Amelia Reddy,1977-10-03,ee5cfdb4a342,,verified,CA,2023-08-20 00:00:00,CUSTOMER_ONBOARDING_SVC
CUST004361,Vikram Brown,1998-10-16,d90ee69da486,,verified,GB,2021-09-25 00:00:00,CUSTOMER_ONBOARDING_SVC
CUST004362,Pooja Miller,1968-07-31,01a14a80012c,high,verified,CA,2026-02-25 00:00:00,CUSTOMER_ONBOARDING_SVC
CUST004363,Vikram Smith,2003-01-22,f6b8c78ac58e,medium,verified,IN,2019-10-15 00:00:00,CUSTOMER_ONBOARDING_SVC
CUST004364,Divya Al-Sayed,1995-04-26,47e49943086a,medium,verified,AE,2018-11-23 00:00:00,CUSTOMER_ONBOARDING_SVC
CUST004365,Pooja Khan,1988-07-11,c27cac7ccfd5,medium,verified,US,2024-05-23 00:00:00,CUSTOMER_ONBOARDING_SVC
CUST004366,Mei Singh,1964-07-12,74903f011c3d,high,verified,SG,2023-10-01 00:00:00,CUSTOMER_ONBOARDING_SVC
CUST004367,Emma Chen,1959-04-28,70e16ba12d96,medium,verified,RU,2021-05-29 00:00:00,CUSTOMER_ONBOARDING_SVC
CUST004368,Layla Singh,1963-10-25,97370d9b1c42,low,expired,SG,2024-10-13 00:00:00,CUSTOMER_ONBOARDING_SVC
CUST004369,Vikram Lopez,1969-05-27,24aa9e2aebfe,medium,expired,AU,2022-11-13 00:00:00,CUSTOMER_ONBOARDING_SVC
CUST004370,Sneha Al-Sayed,2001-11-20,7c2ce207abe1,low,verified,DE,2018-10-25 00:00:00,CUSTOMER_ONBOARDING_SVC
CUST004371,Lucas Kumar,1997-10-14,7780f5ebbcc9,high,verified,US,2023-03-27 00:00:00,CUSTOMER_ONBOARDING_SVC
CUST004372,Wei Patel,1957-09-03,b307e48c4ecc,high,expired,NG,2021-11-03 00:00:00,CUSTOMER_ONBOARDING_SVC
CUST004373,Aarav Smith,1998-01-11,04578c477a90,high,expired,RU,2023-06-08 00:00:00,CUSTOMER_ONBOARDING_SVC
CUST004374,Aarav Patel,1960-04-08,e2e1862b244c,low,verified,AE,2020-03-19 00:00:00,CUSTOMER_ONBOARDING_SVC
CUST004375,Ethan Martinez,1994-01-16,88bb327a382b,low,verified,NG,2019-12-31 00:00:00,CUSTOMER_ONBOARDING_SVC
CUST004376,Karan Lopez,1986-01-23,92b64ff04288,low,verified,GB,2023-09-04 00:00:00,CUSTOMER_ONBOARDING_SVC
CUST004377,Arjun Miller,1974-01-16,e779c254f1f2,medium,verified,AE,2020-12-10 00:00:00,CUSTOMER_ONBOARDING_SVC
CUST004378,Wei Patel,1984-05-15,de9b3286b17c,low,verified,NG,2024-06-22 00:00:00,CUSTOMER_ONBOARDING_SVC
CUST004379,Sophia Smith,1979-12-18,3ce3ed870d48,medium,verified,,2020-11-14 00:00:00,CUSTOMER_ONBOARDING_SVC
CUST004380,Ava Tanaka,1979-10-21,c9cf331d5fed,high,verified,DE,2019-02-13 00:00:00,CUSTOMER_ONBOARDING_SVC
CUST004381,Sophia Garcia,1969-02-03,ae8fa77af386,,verified,AE,2020-04-18 00:00:00,CUSTOMER_ONBOARDING_SVC
CUST004382,Lucia Brown,1983-09-09,dfe98aa57f68,high,verified,CN,2019-09-05 00:00:00,CUSTOMER_ONBOARDING_SVC
CUST004383,Pooja Martinez,1998-04-17,8950ac7fe5e3,medium,verified,,2024-06-17 00:00:00,CUSTOMER_ONBOARDING_SVC
CUST004384,Nikhil Garcia,1956-02-08,39918dab5e5e,high,verified,IN,2022-09-18 00:00:00,CUSTOMER_ONBOARDING_SVC
CUST004385,Olivia Wilson,1981-04-02,f7650dea0b54,medium,expired,CN,2018-06-20 00:00:00,CUSTOMER_ONBOARDING_SVC
CUST004386,Diego Ivanov,1971-12-25,f4f6151c3ca1,,pending,CN,2026-03-20 00:00:00,CUSTOMER_ONBOARDING_SVC
CUST004387,Sophia Wilson,1974-07-09,a989549159fe,low,expired,CA,2022-04-08 00:00:00,CUSTOMER_ONBOARDING_SVC
CUST004388,Mason Gupta,1962-06-02,3121aa2227f7,medium,verified,AE,2022-08-02 00:00:00,CUSTOMER_ONBOARDING_SVC
CUST004389,Diego Ivanov,1974-04-17,9f17a7d2125e,low,verified,IN,2021-05-16 00:00:00,CUSTOMER_ONBOARDING_SVC
CUST004390,Layla Wilson,1992-10-22,7f27f90fbe61,high,pending,AU,2020-05-16 00:00:00,CUSTOMER_ONBOARDING_SVC
CUST004391,Wei Sharma,1957-10-13,fdab227f195d,low,verified,NG,2025-09-28 00:00:00,CUSTOMER_ONBOARDING_SVC
CUST004392,Vikram Reddy,1975-01-03,308c6a3f3a78,medium,pending,CN,2025-05-23 00:00:00,CUSTOMER_ONBOARDING_SVC
CUST004393,Aditya Al-Sayed,1989-11-22,44c310b4d96e,low,verified,CA,2021-01-10 00:00:00,CUSTOMER_ONBOARDING_SVC
CUST004394,Rohan Gupta,2003-08-05,8459ddfd1f66,low,verified,IN,2025-05-14 00:00:00,CUSTOMER_ONBOARDING_SVC
CUST004395,Arjun Martinez,1989-09-08,f3bbb2739d90,low,expired,RU,2019-05-15 00:00:00,CUSTOMER_ONBOARDING_SVC
CUST004396,Rahul Ivanov,1973-02-27,3f95c5ab1219,medium,verified,DE,2024-10-14 00:00:00,CUSTOMER_ONBOARDING_SVC
CUST004397,Aditya Wilson,1967-08-22,b48f1e539c5b,medium,verified,CN,2018-10-17 00:00:00,CUSTOMER_ONBOARDING_SVC
CUST004398,Isha Tanaka,1988-06-26,20b2104ede49,medium,verified,NG,2025-11-11 00:00:00,CUSTOMER_ONBOARDING_SVC
CUST004399,Sophia Miller,1984-11-17,641fbc68bd07,high,pending,RU,2025-04-21 00:00:00,CUSTOMER_ONBOARDING_SVC
CUST004400,Mei Johnson,1967-07-30,780ac7f6655a,low,verified,US,2020-05-27 00:00:00,CUSTOMER_ONBOARDING_SVC
CUST004401,Aarav Khan,2001-02-24,eddcdf5175c5,medium,verified,NG,2023-10-27 00:00:00,CUSTOMER_ONBOARDING_SVC
CUST004402,Liam Lopez,1973-05-01,493bd79449fc,medium,verified,CN,2025-11-23 00:00:00,CUSTOMER_ONBOARDING_SVC
CUST004403,Ava Anderson,2000-05-11,58f694d3694a,low,verified,AU,2021-03-18 00:00:00,CUSTOMER_ONBOARDING_SVC
CUST004404,Aditya Reddy,1999-05-08,7655b753dab9,medium,verified,DE,2023-07-24 00:00:00,CUSTOMER_ONBOARDING_SVC
CUST004405,Ivan Singh,2000-03-29,508e892b3ab9,low,verified,AU,2018-08-13 00:00:00,CUSTOMER_ONBOARDING_SVC
CUST004406,Wei Martinez,1984-07-22,7396d0f7c711,medium,verified,CA,2022-03-20 00:00:00,CUSTOMER_ONBOARDING_SVC
CUST004407,Vikram Wilson,1980-01-21,5a7647244453,low,expired,CA,2023-03-11 00:00:00,CUSTOMER_ONBOARDING_SVC
CUST004408,Rohan Miller,1994-07-17,db063bd5242c,medium,verified,SG,2021-06-20 00:00:00,CUSTOMER_ONBOARDING_SVC
CUST004409,Yuki Wilson,1995-03-04,ec7e659be25d,low,verified,US,2026-06-04 00:00:00,CUSTOMER_ONBOARDING_SVC
CUST004410,Omar Anderson,1963-03-31,0e30a52536c1,medium,verified,NG,2018-11-22 00:00:00,CUSTOMER_ONBOARDING_SVC
CUST004411,James Kumar,1985-11-13,ca21a21cc3b6,medium,verified,DE,2019-06-18 00:00:00,CUSTOMER_ONBOARDING_SVC
CUST004412,Elena Garcia,1963-09-10,b2e7159ab6b5,low,verified,AE,2018-06-24 00:00:00,CUSTOMER_ONBOARDING_SVC
CUST004413,Nikhil Miller,1970-03-30,3df7bf8185fb,low,expired,AU,2019-10-02 00:00:00,CUSTOMER_ONBOARDING_SVC
CUST004414,Isha Sharma,2005-03-29,e2481b450b78,,verified,RU,2019-01-08 00:00:00,CUSTOMER_ONBOARDING_SVC
CUST004415,Lucas Singh,1991-02-25,cdcc34c2be62,medium,pending,AE,2018-05-27 00:00:00,CUSTOMER_ONBOARDING_SVC
CUST004416,Sophia Patel,2004-06-20,86a6159a2ba4,medium,verified,RU,2018-01-30 00:00:00,CUSTOMER_ONBOARDING_SVC
CUST004417,Pooja Garcia,1965-01-19,a778889b81cd,high,verified,IN,2022-07-06 00:00:00,CUSTOMER_ONBOARDING_SVC
CUST004418,Elena Smith,1965-09-21,0f567bbbb320,low,verified,DE,2023-06-11 00:00:00,CUSTOMER_ONBOARDING_SVC
CUST004419,Ava Kumar,1974-11-09,fa07b89bbc4d,low,verified,AE,2025-05-17 00:00:00,CUSTOMER_ONBOARDING_SVC
CUST004420,Ivan Gupta,1955-01-04,0a284c9e948d,low,verified,GB,2023-05-11 00:00:00,CUSTOMER_ONBOARDING_SVC
CUST004421,Mason Brown,1976-03-20,a1c11de2783a,low,verified,AE,2024-04-26 00:00:00,CUSTOMER_ONBOARDING_SVC
CUST004422,Sophia Tanaka,1972-12-30,5f290b05f8d9,medium,verified,GB,2020-06-25 00:00:00,CUSTOMER_ONBOARDING_SVC
CUST004423,Hassan Johnson,1990-02-26,306595026d6c,high,pending,US,2019-08-04 00:00:00,CUSTOMER_ONBOARDING_SVC
CUST004424,Riya Al-Sayed,1979-01-16,e53a82e4d196,low,verified,US,2022-05-22 00:00:00,CUSTOMER_ONBOARDING_SVC
CUST004425,Sophia Garcia,1981-01-21,c4c4647ba50d,high,verified,NG,2022-05-11 00:00:00,CUSTOMER_ONBOARDING_SVC
CUST004426,Chen Sharma,1974-03-01,03d16c6b55a5,low,verified,CN,2019-11-24 00:00:00,CUSTOMER_ONBOARDING_SVC
CUST004427,Chen Sharma,1956-06-02,125e53d771cb,low,pending,DE,2024-08-29 00:00:00,CUSTOMER_ONBOARDING_SVC
CUST004428,Ivan Reddy,1996-05-26,89fdacc6a09a,high,verified,DE,2023-04-23 00:00:00,CUSTOMER_ONBOARDING_SVC
CUST004429,Rohan Khan,2001-03-22,1699ad5a9f42,low,verified,CN,2025-01-13 00:00:00,CUSTOMER_ONBOARDING_SVC
CUST004430,Hassan Al-Sayed,1969-10-09,78c738603766,low,verified,CA,2018-02-11 00:00:00,CUSTOMER_ONBOARDING_SVC
CUST004431,Priya Mehta,1985-06-12,a95bb3ef38fc,low,pending,DE,2020-07-20 00:00:00,CUSTOMER_ONBOARDING_SVC
CUST004432,Wei Kumar,1994-04-13,effc9c343d98,low,verified,AU,2021-04-25 00:00:00,CUSTOMER_ONBOARDING_SVC
CUST004433,Hassan Patel,1968-01-09,22b408f5cb53,medium,verified,IN,2025-01-16 00:00:00,CUSTOMER_ONBOARDING_SVC
CUST004434,Noah Davis,1967-02-18,999b269d8c6d,high,verified,GB,2023-01-14 00:00:00,CUSTOMER_ONBOARDING_SVC
CUST004435,Mei Sharma,2001-09-18,95e7dffc88f7,low,verified,RU,2019-10-16 00:00:00,CUSTOMER_ONBOARDING_SVC
CUST004436,Olivia Chen,1968-07-14,3659e2c78d2f,medium,verified,IN,2020-03-22 00:00:00,CUSTOMER_ONBOARDING_SVC
CUST004437,Rohan Reddy,1970-03-26,439bff0edf42,low,verified,SG,2021-10-06 00:00:00,CUSTOMER_ONBOARDING_SVC
CUST004438,Mason Reddy,2003-12-25,17431f9e3397,medium,verified,CN,2018-04-26 00:00:00,CUSTOMER_ONBOARDING_SVC
CUST004439,Karan Miller,1995-04-18,c631227ac044,low,verified,AE,2024-11-20 00:00:00,CUSTOMER_ONBOARDING_SVC
CUST004440,Aditya Lopez,1973-12-15,0622bd138112,medium,pending,AE,2026-06-21 00:00:00,CUSTOMER_ONBOARDING_SVC
CUST004441,Layla Reddy,1992-12-22,058cb421973e,high,verified,RU,2025-04-23 00:00:00,CUSTOMER_ONBOARDING_SVC
CUST004442,Lucas Johnson,1979-12-03,2bb700113182,medium,pending,DE,2026-01-31 00:00:00,CUSTOMER_ONBOARDING_SVC
CUST004443,Ava Patel,1978-06-17,a204b8359525,low,verified,NG,2021-12-16 00:00:00,CUSTOMER_ONBOARDING_SVC
CUST004444,Elena Martinez,1968-12-04,0df7014c384d,medium,verified,RU,2021-12-29 00:00:00,CUSTOMER_ONBOARDING_SVC
CUST004445,Aarav Gupta,1985-11-22,c82d8dd7a017,low,verified,NG,2025-01-18 00:00:00,CUSTOMER_ONBOARDING_SVC
CUST004446,Ava Gupta,1977-01-29,46c2e931b1ec,high,expired,IN,2020-01-31 00:00:00,CUSTOMER_ONBOARDING_SVC
CUST004447,Divya Martinez,1958-03-03,3283da8f043e,low,expired,NG,2021-11-30 00:00:00,CUSTOMER_ONBOARDING_SVC
CUST004448,Ava Nair,1993-11-07,67564d0cfb44,low,verified,IN,2023-06-26 00:00:00,CUSTOMER_ONBOARDING_SVC
CUST004449,Omar Johnson,1964-05-20,7aba15642a1d,medium,pending,IN,2026-04-10 00:00:00,CUSTOMER_ONBOARDING_SVC
CUST004450,Vikram Martinez,1966-01-14,f3575f198d7d,,verified,AU,2026-03-28 00:00:00,CUSTOMER_ONBOARDING_SVC
CUST004451,Chen Garcia,1981-04-22,7a3256ce404f,,verified,CA,2021-06-09 00:00:00,CUSTOMER_ONBOARDING_SVC
CUST004452,Olivia Mehta,1995-10-14,df4b7b741814,medium,verified,NG,2022-11-13 00:00:00,CUSTOMER_ONBOARDING_SVC
CUST004453,Noah Ivanov,1992-01-25,210cf62108c9,medium,expired,SG,2023-07-22 00:00:00,CUSTOMER_ONBOARDING_SVC
CUST004454,Isha Ivanov,1975-04-30,db3df3c2565e,high,pending,DE,2019-11-04 00:00:00,CUSTOMER_ONBOARDING_SVC
CUST004455,Rahul Nair,1962-01-27,f8f2a90a9d2c,high,verified,AU,2024-05-27 00:00:00,CUSTOMER_ONBOARDING_SVC
CUST004456,Karan Smith,1975-12-15,0005a0655c0c,low,verified,US,2021-06-16 00:00:00,CUSTOMER_ONBOARDING_SVC
CUST004457,Elena Wilson,1989-07-05,38fd1b89420e,medium,verified,CA,2025-10-18 00:00:00,CUSTOMER_ONBOARDING_SVC
CUST004458,Ananya Martinez,1997-03-27,43c955fb8432,low,verified,US,2018-01-31 00:00:00,CUSTOMER_ONBOARDING_SVC
CUST004459,Pooja Chen,2002-12-01,2caac6335a5c,low,verified,AE,2018-07-05 00:00:00,CUSTOMER_ONBOARDING_SVC
CUST004460,Aditya Garcia,1998-03-15,a16b7fd32c0c,low,pending,AU,2026-01-10 00:00:00,CUSTOMER_ONBOARDING_SVC
CUST004461,Liam Chen,1970-04-21,24ce299b2a7b,medium,verified,DE,2018-04-14 00:00:00,CUSTOMER_ONBOARDING_SVC
CUST004462,Ethan Johnson,1980-03-03,f82ad50abed2,low,pending,US,2021-08-18 00:00:00,CUSTOMER_ONBOARDING_SVC
CUST004463,Karan Miller,2002-11-21,83d87ababa54,medium,verified,NG,2021-08-31 00:00:00,CUSTOMER_ONBOARDING_SVC
CUST004464,Layla Al-Sayed,1979-02-03,935421ae5754,medium,verified,NG,2020-07-04 00:00:00,CUSTOMER_ONBOARDING_SVC
CUST004465,Karan Miller,1993-11-24,93d79750b257,medium,expired,SG,2018-02-10 00:00:00,CUSTOMER_ONBOARDING_SVC
CUST004466,Vikram Wilson,1958-05-21,046a5dd98bfa,high,verified,AU,2026-06-04 00:00:00,CUSTOMER_ONBOARDING_SVC
CUST004467,Omar Reddy,1960-11-19,b22099864d79,low,verified,DE,2023-03-30 00:00:00,CUSTOMER_ONBOARDING_SVC
CUST004468,Pooja Davis,1962-01-06,5998e0ccc687,medium,verified,AE,2020-12-08 00:00:00,CUSTOMER_ONBOARDING_SVC
CUST004469,Meera Martinez,2001-08-29,401ad7003d7f,low,verified,,2026-05-08 00:00:00,CUSTOMER_ONBOARDING_SVC
CUST004470,Omar Ivanov,1979-11-13,5b22822b7614,low,verified,AE,2024-05-14 00:00:00,CUSTOMER_ONBOARDING_SVC
CUST004471,Wei Nair,1991-07-11,a5b0341a10cc,low,verified,NG,2024-03-23 00:00:00,CUSTOMER_ONBOARDING_SVC
CUST004472,Rohan Al-Sayed,2005-02-04,ee740ec62237,medium,verified,CA,2019-02-27 00:00:00,CUSTOMER_ONBOARDING_SVC
CUST004473,Fatima Anderson,1958-01-24,100d8f672ffc,low,verified,AE,2019-12-18 00:00:00,CUSTOMER_ONBOARDING_SVC
CUST004474,Fatima Johnson,1997-06-26,e2e2f193e42d,,pending,US,2023-11-05 00:00:00,CUSTOMER_ONBOARDING_SVC
CUST004475,Wei Reddy,1977-07-04,a1af018e3ce1,,verified,DE,2023-12-14 00:00:00,CUSTOMER_ONBOARDING_SVC
CUST004476,Wei Anderson,1970-07-30,f2cd4267856d,medium,verified,US,2023-12-16 00:00:00,CUSTOMER_ONBOARDING_SVC
CUST004477,Elena Mehta,2004-11-23,23dd58e7c406,low,pending,IN,2019-09-28 00:00:00,CUSTOMER_ONBOARDING_SVC
CUST004478,Riya Martinez,1976-12-26,822b88e89c26,medium,expired,SG,2022-09-24 00:00:00,CUSTOMER_ONBOARDING_SVC
CUST004479,Diego Reddy,1981-12-17,5a890cc8b59d,medium,verified,AU,2023-09-27 00:00:00,CUSTOMER_ONBOARDING_SVC
CUST004480,Rohan Mehta,1989-11-18,7a7f308c7c9a,medium,verified,IN,2023-08-04 00:00:00,CUSTOMER_ONBOARDING_SVC
CUST004481,Ananya Smith,1968-06-29,719993f112a7,low,verified,US,2024-04-18 00:00:00,CUSTOMER_ONBOARDING_SVC
CUST004482,Rahul Anderson,1992-08-30,71c84315d846,low,expired,AE,2019-06-09 00:00:00,CUSTOMER_ONBOARDING_SVC
CUST004483,Diego Anderson,2004-11-23,49a9f827dda3,high,verified,AU,2022-10-10 00:00:00,CUSTOMER_ONBOARDING_SVC
CUST004484,Lucia Davis,1992-04-27,c8365dc91a29,medium,verified,IN,2020-02-11 00:00:00,CUSTOMER_ONBOARDING_SVC
CUST004485,Ivan Patel,1987-04-10,b4ec16b57828,low,verified,DE,2023-04-28 00:00:00,CUSTOMER_ONBOARDING_SVC
CUST004486,Mason Miller,1977-02-14,55dc91470352,high,verified,AE,2023-05-03 00:00:00,CUSTOMER_ONBOARDING_SVC
CUST004487,Nikhil Brown,1995-08-19,35cd0f86f165,high,pending,CA,2023-05-27 00:00:00,CUSTOMER_ONBOARDING_SVC
CUST004488,Ava Wilson,1992-02-21,598d8655a3ac,medium,expired,AE,2018-10-29 00:00:00,CUSTOMER_ONBOARDING_SVC
CUST004489,Elena Reddy,1988-11-07,ac5c2234b88c,low,verified,AE,2018-06-03 00:00:00,CUSTOMER_ONBOARDING_SVC
CUST004490,Lucas Tanaka,1960-08-01,6edfbda2bea2,low,pending,AU,2019-09-29 00:00:00,CUSTOMER_ONBOARDING_SVC
CUST004491,Hassan Anderson,1990-09-14,05f4f4db58c3,high,verified,US,2019-03-21 00:00:00,CUSTOMER_ONBOARDING_SVC
CUST004492,Ivan Johnson,1974-12-27,5fafb59ba91f,high,verified,IN,2023-09-12 00:00:00,CUSTOMER_ONBOARDING_SVC
CUST004493,Mei Anderson,2000-12-23,a1bc125b55d7,medium,verified,IN,2026-03-14 00:00:00,CUSTOMER_ONBOARDING_SVC
CUST004494,Karan Lopez,1996-06-29,26cd7d0683cc,medium,expired,RU,2018-01-13 00:00:00,CUSTOMER_ONBOARDING_SVC
CUST004495,Mei Johnson,1969-12-07,b5d3e7094e2b,medium,verified,IN,2025-08-01 00:00:00,CUSTOMER_ONBOARDING_SVC
CUST004496,Mia Garcia,1987-09-12,390f8495e779,low,pending,CA,2022-02-03 00:00:00,CUSTOMER_ONBOARDING_SVC
CUST004497,Aarav Khan,1999-06-12,a349aa2b0be8,high,verified,AU,2025-07-05 00:00:00,CUSTOMER_ONBOARDING_SVC
CUST004498,Noah Tanaka,2001-12-14,b1febc9b7cf3,high,verified,,2026-01-16 00:00:00,CUSTOMER_ONBOARDING_SVC
CUST004499,Amelia Miller,1991-08-10,d1a3d851a671,low,verified,US,2025-07-23 00:00:00,CUSTOMER_ONBOARDING_SVC
CUST004500,Rohan Johnson,1988-08-07,9cad3c77c1f3,medium,pending,GB,2022-03-23 00:00:00,CUSTOMER_ONBOARDING_SVC
CUST004501,Lucas Lopez,1984-06-09,a375951f1edf,low,verified,CA,2023-02-20 00:00:00,CUSTOMER_ONBOARDING_SVC
CUST004502,Isha Davis,1988-06-09,97c36849cd67,low,expired,IN,2020-03-07 00:00:00,CUSTOMER_ONBOARDING_SVC
CUST004503,Amelia Martinez,1988-11-01,bd3961ea4780,low,expired,DE,2026-02-21 00:00:00,CUSTOMER_ONBOARDING_SVC
CUST004504,Fatima Chen,2001-06-06,5cfc5e9cf2fa,low,verified,SG,2024-03-27 00:00:00,CUSTOMER_ONBOARDING_SVC
CUST004505,Olivia Wilson,1978-05-02,e3619a5541ba,low,verified,CA,2021-09-28 00:00:00,CUSTOMER_ONBOARDING_SVC
CUST004506,Diego Lopez,1969-10-11,d62573aa46e1,high,expired,IN,2019-10-10 00:00:00,CUSTOMER_ONBOARDING_SVC
CUST004507,Pooja Singh,1969-08-26,62a3d3e1f57d,low,verified,AU,2018-12-14 00:00:00,CUSTOMER_ONBOARDING_SVC
CUST004508,Mei Lopez,1958-09-02,e00eadffd957,low,verified,IN,2023-05-02 00:00:00,CUSTOMER_ONBOARDING_SVC
CUST004509,Arjun Mehta,1989-03-26,627a60133caa,low,pending,IN,2025-03-09 00:00:00,CUSTOMER_ONBOARDING_SVC
CUST004510,Vikram Al-Sayed,1988-03-21,ccc98fa120f3,low,verified,AU,2019-03-24 00:00:00,CUSTOMER_ONBOARDING_SVC
CUST004511,Yuki Lopez,1973-02-05,58a1230cc445,low,verified,SG,2026-05-03 00:00:00,CUSTOMER_ONBOARDING_SVC
CUST004512,Ivan Davis,1983-02-19,5d971d3b5320,medium,expired,CA,2021-09-07 00:00:00,CUSTOMER_ONBOARDING_SVC
CUST004513,Ava Smith,1957-02-22,7a35e31b292e,medium,expired,AU,2019-10-31 00:00:00,CUSTOMER_ONBOARDING_SVC
CUST004514,Omar Gupta,1995-02-03,70b09aa4bdf7,medium,verified,DE,2022-07-12 00:00:00,CUSTOMER_ONBOARDING_SVC
CUST004515,Layla Wilson,2000-05-31,ce0f44e5f06e,medium,,DE,2024-10-11 00:00:00,CUSTOMER_ONBOARDING_SVC
CUST004516,Nikhil Martinez,1981-08-24,9e648557a22c,medium,verified,US,2019-05-16 00:00:00,CUSTOMER_ONBOARDING_SVC
CUST004517,Mei Patel,1980-04-01,2b830c2db45f,low,pending,AU,2021-04-07 00:00:00,CUSTOMER_ONBOARDING_SVC
CUST004518,Emma Brown,1998-02-06,405d33c1642b,medium,verified,CN,2024-04-15 00:00:00,CUSTOMER_ONBOARDING_SVC
CUST004519,Hassan Tanaka,1959-12-02,2cc65a7d30b8,low,verified,GB,2023-02-13 00:00:00,CUSTOMER_ONBOARDING_SVC
CUST004520,Aarav Mehta,2003-12-30,73607c538087,medium,verified,CA,2019-11-21 00:00:00,CUSTOMER_ONBOARDING_SVC
CUST004521,Divya Khan,2005-03-23,44aaf6a2b48e,high,verified,,2025-04-25 00:00:00,CUSTOMER_ONBOARDING_SVC
CUST004522,Ethan Sharma,1972-03-03,94d102eafa04,high,expired,US,2024-06-16 00:00:00,CUSTOMER_ONBOARDING_SVC
CUST004523,Mia Chen,1997-11-23,72e000803738,low,pending,RU,2025-10-03 00:00:00,CUSTOMER_ONBOARDING_SVC
CUST004524,Vikram Wilson,1971-04-07,bbb4f1d9de8a,medium,pending,DE,2022-07-23 00:00:00,CUSTOMER_ONBOARDING_SVC
CUST004525,Nikhil Mehta,1990-03-13,0ef76916b696,medium,verified,NG,2020-04-30 00:00:00,CUSTOMER_ONBOARDING_SVC
CUST004526,Arjun Johnson,2001-04-07,e1a7739cb277,low,verified,AU,2022-09-22 00:00:00,CUSTOMER_ONBOARDING_SVC
CUST004527,Elena Tanaka,1957-09-20,cd806ab50322,low,pending,CA,2021-07-05 00:00:00,CUSTOMER_ONBOARDING_SVC
CUST004528,Elena Al-Sayed,1980-10-09,969d46303814,low,verified,SG,2019-02-27 00:00:00,CUSTOMER_ONBOARDING_SVC
CUST004529,Rahul Singh,2002-08-23,b34e7e828e84,low,verified,,2024-11-27 00:00:00,CUSTOMER_ONBOARDING_SVC
CUST004530,Ivan Reddy,1986-11-18,575252f9b558,,verified,IN,2020-10-05 00:00:00,CUSTOMER_ONBOARDING_SVC
CUST004531,Mason Lopez,1958-06-10,a1cc669c0e1d,medium,verified,IN,2018-11-23 00:00:00,CUSTOMER_ONBOARDING_SVC
CUST004532,Olivia Sharma,1966-01-07,b30d9582a453,high,pending,GB,2021-07-07 00:00:00,CUSTOMER_ONBOARDING_SVC
CUST004533,Amelia Wilson,1963-05-12,494404fe58d8,low,pending,DE,2025-04-23 00:00:00,CUSTOMER_ONBOARDING_SVC
CUST004534,Aditya Mehta,1976-06-11,9c9d37c83dff,medium,expired,AE,2021-09-08 00:00:00,CUSTOMER_ONBOARDING_SVC
CUST004535,Noah Chen,1988-12-06,56c87e8f4f95,medium,verified,DE,2018-12-10 00:00:00,CUSTOMER_ONBOARDING_SVC
CUST004536,Sneha Ivanov,1980-03-29,0fe5120a3572,low,verified,DE,2018-09-25 00:00:00,CUSTOMER_ONBOARDING_SVC
CUST004537,Yuki Mehta,1971-03-15,59a925fd4cdc,medium,verified,AU,2025-02-28 00:00:00,CUSTOMER_ONBOARDING_SVC
CUST004538,Sophia Johnson,1960-09-13,d65bf4b57f16,high,verified,DE,2019-06-07 00:00:00,CUSTOMER_ONBOARDING_SVC
CUST004539,Lucia Khan,1994-01-29,a91f67d9c92d,low,verified,CN,2020-12-02 00:00:00,CUSTOMER_ONBOARDING_SVC
CUST004540,Isha Zhang,1965-04-10,115ead058302,high,verified,NG,2021-05-14 00:00:00,CUSTOMER_ONBOARDING_SVC
CUST004541,James Reddy,1993-07-22,73a8dd6f69ce,medium,pending,SG,2019-05-29 00:00:00,CUSTOMER_ONBOARDING_SVC
CUST004542,Ananya Mehta,1980-06-15,60565af53d53,medium,verified,NG,2025-12-24 00:00:00,CUSTOMER_ONBOARDING_SVC
CUST004543,Lucia Khan,1962-11-30,e1045a789f1b,,verified,GB,2023-08-23 00:00:00,CUSTOMER_ONBOARDING_SVC
CUST004544,James Patel,1983-04-14,7afac7f36132,medium,verified,SG,2021-01-08 00:00:00,CUSTOMER_ONBOARDING_SVC
CUST004545,Amelia Kumar,1986-04-16,55343ae0c189,medium,verified,US,2024-08-21 00:00:00,CUSTOMER_ONBOARDING_SVC
CUST004545,Amelia Kumar,1986-04-16,55343ae0c189,medium,verified,US,2024-08-21 00:16:00,CUSTOMER_ONBOARDING_SVC
CUST004546,Noah Anderson,1988-12-18,3d5ed028fe47,low,expired,GB,2021-06-21 00:00:00,CUSTOMER_ONBOARDING_SVC
CUST004547,Priya Zhang,1977-10-20,9b89623ad5e8,low,verified,SG,2025-07-18 00:00:00,CUSTOMER_ONBOARDING_SVC
CUST004548,Karan Martinez,1959-04-17,65975823dee1,medium,pending,SG,2023-04-19 00:00:00,CUSTOMER_ONBOARDING_SVC
CUST004549,Priya Patel,1979-05-13,46645d530598,high,verified,AE,2025-02-09 00:00:00,CUSTOMER_ONBOARDING_SVC
CUST004550,Priya Brown,1987-09-07,6f693648170b,low,verified,AU,2025-12-14 00:00:00,CUSTOMER_ONBOARDING_SVC
CUST004551,Fatima Johnson,1999-08-30,e77c34a82d25,medium,verified,RU,2022-03-02 00:00:00,CUSTOMER_ONBOARDING_SVC
CUST004552,Nikhil Lopez,1980-12-14,87dced5eee88,low,verified,AE,2020-04-30 00:00:00,CUSTOMER_ONBOARDING_SVC
CUST004553,Ethan Chen,1994-06-19,c3b1c175e44b,low,,NG,2023-12-14 00:00:00,CUSTOMER_ONBOARDING_SVC
CUST004554,Isha Ivanov,1976-09-25,cb301c6bcd0d,medium,expired,NG,2024-10-09 00:00:00,CUSTOMER_ONBOARDING_SVC
CUST004555,Amelia Garcia,2001-11-20,245a7fb1fa4f,medium,verified,AU,2021-04-12 00:00:00,CUSTOMER_ONBOARDING_SVC
CUST004556,Noah Khan,1996-12-18,abf41e72d8c7,low,verified,DE,2018-01-15 00:00:00,CUSTOMER_ONBOARDING_SVC
CUST004557,Ethan Wilson,1984-06-11,05b5e99cd511,medium,expired,CA,2018-08-07 00:00:00,CUSTOMER_ONBOARDING_SVC
CUST004558,Arjun Patel,1990-12-02,cb8513ab8a82,low,pending,GB,2024-07-25 00:00:00,CUSTOMER_ONBOARDING_SVC
CUST004559,James Anderson,1998-01-23,0184494d0e6c,low,expired,GB,2023-07-21 00:00:00,CUSTOMER_ONBOARDING_SVC
CUST004560,Emma Sharma,1997-11-08,f8ef0032f55e,high,verified,AU,2020-08-22 00:00:00,CUSTOMER_ONBOARDING_SVC
CUST004561,Aarav Kumar,1971-03-24,33bf1e2aa7fa,low,pending,US,2018-08-26 00:00:00,CUSTOMER_ONBOARDING_SVC
CUST004562,Mia Lopez,1977-09-01,3768f1345119,medium,verified,AU,2019-05-29 00:00:00,CUSTOMER_ONBOARDING_SVC
CUST004563,Emma Tanaka,1957-08-14,d560f370b9f3,high,expired,US,2023-06-25 00:00:00,CUSTOMER_ONBOARDING_SVC
CUST004564,Priya Anderson,1964-07-18,6ac3e58ee68c,low,verified,AE,2025-09-05 00:00:00,CUSTOMER_ONBOARDING_SVC
CUST004565,Omar Mehta,1963-02-16,d5bcce37109d,low,expired,CN,2021-09-15 00:00:00,CUSTOMER_ONBOARDING_SVC
CUST004566,Lucas Miller,1973-11-29,2016a7d95606,,pending,GB,2018-06-04 00:00:00,CUSTOMER_ONBOARDING_SVC
CUST004567,Karan Miller,1967-08-03,ff2db53d82ce,low,verified,CA,2020-05-19 00:00:00,CUSTOMER_ONBOARDING_SVC
CUST004568,Rahul Miller,1990-04-19,0b53fee7a12d,medium,pending,IN,2018-09-09 00:00:00,CUSTOMER_ONBOARDING_SVC
CUST004569,Mei Reddy,1977-12-07,4c7cc40d24d4,medium,verified,US,2019-05-16 00:00:00,CUSTOMER_ONBOARDING_SVC
CUST004570,James Tanaka,2002-10-28,6de7cadb9e79,low,verified,RU,2026-01-28 00:00:00,CUSTOMER_ONBOARDING_SVC
CUST004571,Emma Chen,1993-06-13,a6f8b7f604ec,low,expired,AU,2026-04-20 00:00:00,CUSTOMER_ONBOARDING_SVC
CUST004572,Nikhil Ivanov,1990-09-30,5a14f23bc564,medium,verified,AE,2025-01-18 00:00:00,CUSTOMER_ONBOARDING_SVC
CUST004573,Chen Singh,1974-07-05,a0ca32cc77a7,medium,expired,IN,2026-04-29 00:00:00,CUSTOMER_ONBOARDING_SVC
CUST004574,Rahul Anderson,1980-12-05,c0f98b2aca99,low,verified,IN,2021-07-17 00:00:00,CUSTOMER_ONBOARDING_SVC
CUST004575,Isha Sharma,1957-11-23,7f3a4857fadf,low,verified,CA,2018-01-09 00:00:00,CUSTOMER_ONBOARDING_SVC
CUST004576,Ethan Nair,1993-12-13,910873e475bf,high,verified,RU,2021-04-05 00:00:00,CUSTOMER_ONBOARDING_SVC
CUST004577,Wei Gupta,1973-02-24,f8b02ad5732a,low,verified,AU,2018-08-04 00:00:00,CUSTOMER_ONBOARDING_SVC
CUST004578,Lucas Mehta,1977-04-07,165b3fc3e20f,medium,verified,AU,2018-04-30 00:00:00,CUSTOMER_ONBOARDING_SVC
CUST004579,Aarav Anderson,1993-07-05,318bf67398d8,low,verified,NG,2025-10-16 00:00:00,CUSTOMER_ONBOARDING_SVC
CUST004580,Nikhil Patel,1983-07-31,d766c428e63d,medium,pending,DE,2025-08-23 00:00:00,CUSTOMER_ONBOARDING_SVC
CUST004581,Omar Kumar,2005-08-29,d2833fb8305a,low,pending,IN,2023-12-15 00:00:00,CUSTOMER_ONBOARDING_SVC
CUST004582,Arjun Singh,1968-08-28,1f92fadb0369,medium,verified,SG,2022-09-10 00:00:00,CUSTOMER_ONBOARDING_SVC
CUST004583,Aarav Miller,1991-10-27,60fd60d2fc9d,high,pending,NG,2023-11-25 00:00:00,CUSTOMER_ONBOARDING_SVC
CUST004584,Wei Mehta,1982-11-21,be10cfa0960c,medium,expired,SG,2022-10-18 00:00:00,CUSTOMER_ONBOARDING_SVC
CUST004585,Isha Brown,1994-11-09,6b21f39e326e,medium,expired,CA,2022-04-05 00:00:00,CUSTOMER_ONBOARDING_SVC
CUST004586,Nikhil Khan,1988-07-18,7c1ef1dc41bc,medium,pending,RU,2018-12-29 00:00:00,CUSTOMER_ONBOARDING_SVC
CUST004587,Wei Ivanov,1963-12-16,2abff33d2ec4,high,verified,IN,2020-12-21 00:00:00,CUSTOMER_ONBOARDING_SVC
CUST004588,Diego Al-Sayed,1986-07-03,9000f2c54525,low,expired,US,2025-03-23 00:00:00,CUSTOMER_ONBOARDING_SVC
CUST004589,Meera Mehta,1982-07-16,aac9c1d4a78e,medium,verified,IN,2023-06-21 00:00:00,CUSTOMER_ONBOARDING_SVC
CUST004590,Chen Zhang,1975-08-18,86c5b48b4ce0,medium,verified,SG,2020-07-31 00:00:00,CUSTOMER_ONBOARDING_SVC
CUST004591,Ivan Khan,1993-12-21,d9eabde93c56,medium,expired,IN,2020-01-29 00:00:00,CUSTOMER_ONBOARDING_SVC
CUST004592,Aditya Sharma,2003-01-04,abee8166955e,low,verified,RU,2018-08-26 00:00:00,CUSTOMER_ONBOARDING_SVC
CUST004593,Elena Nair,1977-05-26,77a4d370f416,medium,expired,DE,2021-08-10 00:00:00,CUSTOMER_ONBOARDING_SVC
CUST004594,Riya Johnson,1968-01-03,3608c421570f,high,verified,CA,2021-04-22 00:00:00,CUSTOMER_ONBOARDING_SVC
CUST004595,Layla Tanaka,1976-08-28,5e1f57ae4b53,medium,pending,GB,2018-03-26 00:00:00,CUSTOMER_ONBOARDING_SVC
CUST004596,Mia Wilson,1982-01-29,40809d2be654,medium,verified,AE,2023-11-11 00:00:00,CUSTOMER_ONBOARDING_SVC
CUST004597,Karan Davis,1970-02-21,29b850e16160,high,expired,AU,2024-04-13 00:00:00,CUSTOMER_ONBOARDING_SVC
CUST004598,Lucas Gupta,1997-10-10,05f80e29509a,low,verified,CA,2020-04-22 00:00:00,CUSTOMER_ONBOARDING_SVC
CUST004599,Hassan Chen,1991-02-07,b266f745c531,low,verified,DE,2020-07-02 00:00:00,CUSTOMER_ONBOARDING_SVC
CUST004600,James Smith,1993-02-27,202a22c905ee,high,verified,CA,2021-10-29 00:00:00,CUSTOMER_ONBOARDING_SVC
CUST004601,Omar Brown,1991-12-25,24e3c5e76809,low,verified,US,2024-08-24 00:00:00,CUSTOMER_ONBOARDING_SVC
CUST004602,Meera Al-Sayed,1981-08-26,40400c4dca5b,,pending,NG,2021-09-04 00:00:00,CUSTOMER_ONBOARDING_SVC
CUST004603,Ethan Chen,1984-10-31,e69d9f7fd734,medium,verified,GB,2025-12-14 00:00:00,CUSTOMER_ONBOARDING_SVC
CUST004604,Divya Mehta,1977-05-27,3e4de7bdd915,low,pending,NG,2019-05-03 00:00:00,CUSTOMER_ONBOARDING_SVC
CUST004605,Chen Johnson,1970-10-31,512db98651d3,low,verified,NG,2025-02-22 00:00:00,CUSTOMER_ONBOARDING_SVC
CUST004606,Layla Kumar,1956-05-21,ae4f664f4efd,low,verified,DE,2025-06-10 00:00:00,CUSTOMER_ONBOARDING_SVC
CUST004607,Ethan Johnson,1964-07-26,c4719b6d0854,low,verified,DE,2020-12-09 00:00:00,CUSTOMER_ONBOARDING_SVC
CUST004608,Liam Khan,1974-12-14,40684a385a2e,high,verified,CA,2024-05-16 00:00:00,CUSTOMER_ONBOARDING_SVC
CUST004609,Noah Wilson,1980-04-10,da3d67b6fa55,high,verified,GB,2024-04-12 00:00:00,CUSTOMER_ONBOARDING_SVC
CUST004610,Diego Tanaka,1983-11-11,7d23a6c479d0,high,expired,US,2022-04-27 00:00:00,CUSTOMER_ONBOARDING_SVC
CUST004610,Diego Tanaka,1983-11-11,7d23a6c479d0,high,expired,US,2022-04-27 01:16:00,CUSTOMER_ONBOARDING_SVC
CUST004611,Karan Khan,1980-04-12,80e5855d1117,medium,expired,CA,2021-01-16 00:00:00,CUSTOMER_ONBOARDING_SVC
CUST004611,Karan Khan,1980-04-12,80e5855d1117,medium,expired,CA,2021-01-16 00:25:00,CUSTOMER_ONBOARDING_SVC
CUST004612,Priya Anderson,1969-05-09,ce8926ff189b,medium,verified,RU,2019-11-14 00:00:00,CUSTOMER_ONBOARDING_SVC
CUST004613,Lucas Brown,1981-07-03,8772f259f342,low,expired,NG,2018-05-15 00:00:00,CUSTOMER_ONBOARDING_SVC
CUST004614,Noah Anderson,1966-08-14,8b60aec753d7,low,verified,CA,2023-11-20 00:00:00,CUSTOMER_ONBOARDING_SVC
CUST004615,Mason Patel,2004-09-27,cd5257bc8c72,low,expired,IN,2018-02-03 00:00:00,CUSTOMER_ONBOARDING_SVC
CUST004616,Hassan Wilson,1955-08-15,52c2e510e5b9,,verified,IN,2025-11-03 00:00:00,CUSTOMER_ONBOARDING_SVC
CUST004617,Mia Wilson,1969-05-18,6a781743d54f,high,verified,CA,2026-02-15 00:00:00,CUSTOMER_ONBOARDING_SVC
CUST004618,Sneha Anderson,1993-01-17,ce79b6478d77,high,verified,US,2024-05-28 00:00:00,CUSTOMER_ONBOARDING_SVC
CUST004619,Mia Reddy,1987-11-11,5fc8ae7f0732,low,verified,US,2021-01-07 00:00:00,CUSTOMER_ONBOARDING_SVC
CUST004620,Sneha Chen,1966-05-20,575028722ce9,high,verified,IN,2023-02-04 00:00:00,CUSTOMER_ONBOARDING_SVC
CUST004621,Meera Khan,1991-09-07,34a32171bda5,low,expired,NG,2020-06-06 00:00:00,CUSTOMER_ONBOARDING_SVC
CUST004622,Lucas Nair,2003-07-02,e6be2698d75b,high,verified,NG,2023-06-20 00:00:00,CUSTOMER_ONBOARDING_SVC
CUST004623,Nikhil Mehta,1987-08-03,ba620b926a96,medium,verified,SG,2023-11-19 00:00:00,CUSTOMER_ONBOARDING_SVC
CUST004624,James Miller,1974-05-04,d6d4fd9db60a,medium,expired,AU,2025-04-06 00:00:00,CUSTOMER_ONBOARDING_SVC
CUST004625,Noah Anderson,1987-10-22,c334171cabc5,low,verified,CA,2020-05-01 00:00:00,CUSTOMER_ONBOARDING_SVC
CUST004626,Sneha Khan,1981-09-14,5ec5ea1ee43d,medium,pending,RU,2018-09-22 00:00:00,CUSTOMER_ONBOARDING_SVC
CUST004627,Lucia Lopez,1963-08-08,8ca5d7fc86ff,low,verified,NG,2021-01-30 00:00:00,CUSTOMER_ONBOARDING_SVC
CUST004628,Divya Tanaka,1969-07-05,3008166395c3,low,verified,AU,2023-10-04 00:00:00,CUSTOMER_ONBOARDING_SVC
CUST004629,James Patel,1970-08-21,ddbeb39570f7,low,expired,IN,2022-09-20 00:00:00,CUSTOMER_ONBOARDING_SVC
CUST004630,Priya Tanaka,1971-08-20,eee9e57953e4,low,expired,AU,2018-03-29 00:00:00,CUSTOMER_ONBOARDING_SVC
CUST004631,Elena Tanaka,1973-11-13,50ee00595bc5,high,verified,GB,2025-05-17 00:00:00,CUSTOMER_ONBOARDING_SVC
CUST004632,Ava Garcia,1992-10-30,0ebc206d0bdc,low,expired,SG,2023-08-11 00:00:00,CUSTOMER_ONBOARDING_SVC
CUST004632,Ava Garcia,1992-10-30,0ebc206d0bdc,low,expired,SG,2023-08-11 00:44:00,CUSTOMER_ONBOARDING_SVC
CUST004633,Hassan Kumar,1973-12-08,c5ae54e55ced,low,verified,CN,2022-04-07 00:00:00,CUSTOMER_ONBOARDING_SVC
CUST004634,Wei Khan,1955-06-02,df9ddbd352e0,low,verified,IN,2019-07-09 00:00:00,CUSTOMER_ONBOARDING_SVC
CUST004635,Arjun Johnson,1993-02-15,57d1a8b973ef,medium,verified,GB,2018-07-27 00:00:00,CUSTOMER_ONBOARDING_SVC
CUST004636,Liam Anderson,1998-06-16,50938ff20729,medium,pending,CA,2021-03-29 00:00:00,CUSTOMER_ONBOARDING_SVC
CUST004637,Pooja Brown,1966-11-05,d67b4b1d9e67,,expired,CA,2025-07-04 00:00:00,CUSTOMER_ONBOARDING_SVC
CUST004638,Rahul Zhang,1977-05-31,32bf3bd6b76b,high,pending,DE,2020-12-29 00:00:00,CUSTOMER_ONBOARDING_SVC
CUST004639,James Gupta,1968-10-24,6930d743318a,low,verified,IN,2019-10-05 00:00:00,CUSTOMER_ONBOARDING_SVC
CUST004640,Riya Nair,2004-10-24,ce0dcf8388ea,low,expired,DE,2025-04-26 00:00:00,CUSTOMER_ONBOARDING_SVC
CUST004641,Ethan Garcia,1984-10-09,be21dc934339,medium,expired,CN,2023-09-16 00:00:00,CUSTOMER_ONBOARDING_SVC
CUST004642,Amelia Miller,1999-12-11,baee9699cc45,medium,verified,GB,2023-05-08 00:00:00,CUSTOMER_ONBOARDING_SVC
CUST004643,Nikhil Patel,1959-10-28,a3cce70eb55a,low,verified,IN,2019-12-21 00:00:00,CUSTOMER_ONBOARDING_SVC
CUST004644,Liam Chen,2000-09-23,22e6c3f5732b,low,expired,RU,2021-12-01 00:00:00,CUSTOMER_ONBOARDING_SVC
CUST004645,Aarav Johnson,1982-12-07,a10048121129,low,verified,US,2022-03-04 00:00:00,CUSTOMER_ONBOARDING_SVC
CUST004646,Amelia Lopez,1964-07-02,f4dc996478bb,medium,verified,SG,2018-09-26 00:00:00,CUSTOMER_ONBOARDING_SVC
CUST004647,Sophia Al-Sayed,1986-03-30,e041371d2e69,medium,verified,RU,2021-08-27 00:00:00,CUSTOMER_ONBOARDING_SVC
CUST004648,Riya Al-Sayed,1980-11-28,6aee488912f6,medium,expired,CN,2018-11-10 00:00:00,CUSTOMER_ONBOARDING_SVC
CUST004649,Omar Sharma,1988-11-10,80ab5d0844d0,high,pending,US,2022-12-14 00:00:00,CUSTOMER_ONBOARDING_SVC
CUST004650,Layla Lopez,2001-08-18,2f79edc3799c,medium,verified,IN,2021-09-21 00:00:00,CUSTOMER_ONBOARDING_SVC
CUST004651,Emma Tanaka,1973-06-08,a46b9143e727,low,pending,GB,2025-02-17 00:00:00,CUSTOMER_ONBOARDING_SVC
CUST004652,Fatima Davis,1990-01-28,2ac66c8307ca,high,verified,US,2025-02-01 00:00:00,CUSTOMER_ONBOARDING_SVC
CUST004653,Olivia Ivanov,2001-12-19,a830684ccb9a,low,expired,SG,2025-07-23 00:00:00,CUSTOMER_ONBOARDING_SVC
CUST004654,Rohan Ivanov,1995-02-08,d1745f7f44a0,high,verified,US,2024-04-30 00:00:00,CUSTOMER_ONBOARDING_SVC
CUST004655,Arjun Davis,1988-03-28,d82fd0adb956,high,pending,IN,2021-07-28 00:00:00,CUSTOMER_ONBOARDING_SVC
CUST004656,Olivia Brown,1987-12-16,312a37dd9064,medium,pending,RU,2024-01-12 00:00:00,CUSTOMER_ONBOARDING_SVC
CUST004657,Rohan Davis,1963-02-12,f032904f17da,low,pending,NG,2020-07-19 00:00:00,CUSTOMER_ONBOARDING_SVC
CUST004658,Riya Garcia,1982-07-19,a716973be8bc,low,verified,RU,2019-03-23 00:00:00,CUSTOMER_ONBOARDING_SVC
CUST004659,Aditya Reddy,2001-04-28,b03d8408bbf6,high,verified,SG,2018-08-17 00:00:00,CUSTOMER_ONBOARDING_SVC
CUST004660,Lucas Reddy,1979-03-23,fd040547d7e0,low,verified,CA,2020-04-30 00:00:00,CUSTOMER_ONBOARDING_SVC
CUST004661,Aditya Gupta,1959-11-28,e42864e3f017,low,verified,CA,2019-09-23 00:00:00,CUSTOMER_ONBOARDING_SVC
CUST004662,Vikram Patel,1955-04-05,88505e0b777b,medium,pending,DE,2025-01-29 00:00:00,CUSTOMER_ONBOARDING_SVC
CUST004663,Mason Sharma,1988-09-03,d88f00b44f1a,low,verified,CN,2020-05-02 00:00:00,CUSTOMER_ONBOARDING_SVC
CUST004664,Hassan Khan,1958-05-21,6d96628c9321,low,verified,CA,2019-12-02 00:00:00,CUSTOMER_ONBOARDING_SVC
CUST004665,Nikhil Garcia,1997-08-07,745c370588bb,high,verified,US,2019-06-20 00:00:00,CUSTOMER_ONBOARDING_SVC
CUST004666,Olivia Anderson,1970-03-16,74905c4f92a2,low,verified,SG,2022-05-11 00:00:00,CUSTOMER_ONBOARDING_SVC
CUST004667,Meera Reddy,1958-03-10,1923d3ced7e0,high,verified,GB,2021-08-01 00:00:00,CUSTOMER_ONBOARDING_SVC
CUST004668,Vikram Kumar,1956-07-11,8632a4398fe1,low,verified,AE,2018-01-18 00:00:00,CUSTOMER_ONBOARDING_SVC
CUST004669,Rohan Nair,1959-08-15,19cdb84149b1,medium,verified,GB,2023-09-06 00:00:00,CUSTOMER_ONBOARDING_SVC
CUST004670,Nikhil Mehta,1987-11-01,829c4e9d11aa,medium,verified,SG,2022-01-05 00:00:00,CUSTOMER_ONBOARDING_SVC
CUST004671,Hassan Smith,2005-08-01,a5473e794d8f,low,expired,AE,2022-12-03 00:00:00,CUSTOMER_ONBOARDING_SVC
CUST004672,Sophia Tanaka,1973-02-28,c6c7c027a3e4,low,pending,AE,2023-11-19 00:00:00,CUSTOMER_ONBOARDING_SVC
CUST004673,Aarav Martinez,1980-12-02,926be49d63fc,low,verified,AU,2018-02-11 00:00:00,CUSTOMER_ONBOARDING_SVC
CUST004674,Noah Sharma,1991-12-30,77d44c6c4a74,medium,verified,SG,2025-08-14 00:00:00,CUSTOMER_ONBOARDING_SVC
CUST004675,Rahul Al-Sayed,1983-12-26,835964b91289,medium,expired,DE,2023-12-31 00:00:00,CUSTOMER_ONBOARDING_SVC
CUST004676,Aditya Reddy,1971-04-20,259dd131d4ed,,verified,GB,2018-06-22 00:00:00,CUSTOMER_ONBOARDING_SVC
CUST004677,Rahul Davis,1997-02-08,70a8b4fd2ddb,high,verified,RU,2019-02-17 00:00:00,CUSTOMER_ONBOARDING_SVC
CUST004678,Ananya Johnson,1959-06-08,e8586c98e80e,medium,pending,CN,2019-09-23 00:00:00,CUSTOMER_ONBOARDING_SVC
CUST004679,Divya Smith,1966-10-22,e53011195125,low,verified,IN,2025-02-18 00:00:00,CUSTOMER_ONBOARDING_SVC
CUST004680,Liam Mehta,1968-05-03,94ee78880916,high,verified,IN,2020-08-05 00:00:00,CUSTOMER_ONBOARDING_SVC
CUST004681,Diego Wilson,1970-05-15,391fb2c8c37a,high,verified,RU,2024-02-09 00:00:00,CUSTOMER_ONBOARDING_SVC
CUST004682,Yuki Martinez,1975-12-07,0cf6a1a9c647,low,verified,US,2021-10-06 00:00:00,CUSTOMER_ONBOARDING_SVC
CUST004683,Mason Reddy,1980-03-07,df70b10151cf,high,expired,RU,2026-04-05 00:00:00,CUSTOMER_ONBOARDING_SVC
CUST004684,Layla Lopez,1996-02-14,74fd074944ee,low,verified,,2024-07-03 00:00:00,CUSTOMER_ONBOARDING_SVC
CUST004685,Lucia Patel,1959-10-28,5757f0f61098,low,verified,RU,2022-05-26 00:00:00,CUSTOMER_ONBOARDING_SVC
CUST004686,Ava Davis,1969-09-13,d35f1acc5c6e,low,pending,CA,2022-09-23 00:00:00,CUSTOMER_ONBOARDING_SVC
CUST004687,Meera Johnson,2003-11-30,7696f6d466d2,medium,pending,SG,2024-06-01 00:00:00,CUSTOMER_ONBOARDING_SVC
CUST004688,Olivia Nair,1969-01-05,39678adc56a8,low,pending,NG,2018-09-20 00:00:00,CUSTOMER_ONBOARDING_SVC
CUST004689,Omar Mehta,2001-11-01,382405e4e24c,low,verified,AE,2026-01-31 00:00:00,CUSTOMER_ONBOARDING_SVC
CUST004690,Ava Lopez,1989-07-09,d118a1805be2,medium,verified,IN,2019-08-16 00:00:00,CUSTOMER_ONBOARDING_SVC
CUST004691,Rahul Ivanov,1963-08-09,8b855e4333ae,low,verified,AU,2021-02-12 00:00:00,CUSTOMER_ONBOARDING_SVC
CUST004692,Meera Smith,1989-10-18,ab8d3b042ca2,high,verified,SG,2022-12-19 00:00:00,CUSTOMER_ONBOARDING_SVC
CUST004693,Nikhil Zhang,1986-04-06,1be0137e46ec,low,pending,AU,2018-05-22 00:00:00,CUSTOMER_ONBOARDING_SVC
CUST004694,Lucia Smith,1986-08-13,ee6105c88d57,low,expired,US,2020-03-16 00:00:00,CUSTOMER_ONBOARDING_SVC
CUST004695,Omar Chen,1987-10-07,5b70406fe0b2,,expired,NG,2024-12-31 00:00:00,CUSTOMER_ONBOARDING_SVC
CUST004696,Emma Brown,1998-04-06,deb4997d265d,medium,verified,NG,2022-01-20 00:00:00,CUSTOMER_ONBOARDING_SVC
CUST004697,Wei Gupta,1971-04-27,25bb84fe35c6,,verified,AE,2026-04-24 00:00:00,CUSTOMER_ONBOARDING_SVC
CUST004698,Vikram Anderson,1982-03-25,f602f308b5fb,low,pending,DE,2023-08-23 00:00:00,CUSTOMER_ONBOARDING_SVC
CUST004699,Rohan Ivanov,1963-10-16,7b28507c05f7,medium,verified,RU,2021-01-06 00:00:00,CUSTOMER_ONBOARDING_SVC
CUST004700,Hassan Al-Sayed,1967-03-27,cc95321fcfe2,low,pending,DE,2025-06-15 00:00:00,CUSTOMER_ONBOARDING_SVC
CUST004701,Ava Gupta,1988-02-07,630aaaa235c2,high,verified,AU,2025-02-14 00:00:00,CUSTOMER_ONBOARDING_SVC
CUST004702,Sophia Garcia,1970-12-18,4a2720cb1c10,low,verified,DE,2025-04-30 00:00:00,CUSTOMER_ONBOARDING_SVC
CUST004703,Fatima Sharma,1978-10-20,5b94bbc23a6d,high,verified,AU,2018-07-22 00:00:00,CUSTOMER_ONBOARDING_SVC
CUST004704,Emma Reddy,1984-02-24,a918ea9e84b0,,verified,GB,2020-03-24 00:00:00,CUSTOMER_ONBOARDING_SVC
CUST004705,Arjun Davis,1961-01-09,4d628ee4f025,low,verified,AU,2021-04-23 00:00:00,CUSTOMER_ONBOARDING_SVC
CUST004706,Pooja Tanaka,1985-12-21,8af9e268ea6c,high,verified,US,2019-09-04 00:00:00,CUSTOMER_ONBOARDING_SVC
CUST004707,Mason Anderson,1957-09-15,d67d2738bb8d,high,verified,AE,2024-12-10 00:00:00,CUSTOMER_ONBOARDING_SVC
CUST004708,Rohan Garcia,1991-01-19,b40ed948c44f,medium,pending,CN,2021-02-03 00:00:00,CUSTOMER_ONBOARDING_SVC
CUST004709,Lucas Johnson,1969-08-26,33666ff602c8,medium,verified,GB,2023-09-05 00:00:00,CUSTOMER_ONBOARDING_SVC
CUST004710,Ananya Ivanov,1961-03-17,dab9576ebba4,low,verified,IN,2026-03-23 00:00:00,CUSTOMER_ONBOARDING_SVC
CUST004711,Aarav Garcia,1981-09-03,49f55242e8ae,low,verified,DE,2019-06-12 00:00:00,CUSTOMER_ONBOARDING_SVC
CUST004712,Priya Smith,1961-03-29,f3da4902e2fb,high,verified,GB,2018-08-12 00:00:00,CUSTOMER_ONBOARDING_SVC
CUST004713,Liam Martinez,1957-10-05,e40f8f085e0b,medium,expired,CN,2021-03-06 00:00:00,CUSTOMER_ONBOARDING_SVC
CUST004714,James Singh,1961-08-01,342d12fab36d,medium,verified,CN,2018-08-30 00:00:00,CUSTOMER_ONBOARDING_SVC
CUST004715,Ethan Garcia,1974-06-21,676bd993aefe,low,expired,IN,2018-12-28 00:00:00,CUSTOMER_ONBOARDING_SVC
CUST004716,Amelia Chen,1965-05-21,03e3f7c159d5,low,verified,SG,2020-12-30 00:00:00,CUSTOMER_ONBOARDING_SVC
CUST004717,Elena Garcia,1978-11-06,851c37c6c347,low,pending,US,2026-01-25 00:00:00,CUSTOMER_ONBOARDING_SVC
CUST004718,Layla Miller,1964-05-24,f5933b41e424,low,verified,US,2021-10-03 00:00:00,CUSTOMER_ONBOARDING_SVC
CUST004719,Karan Smith,1988-03-05,51e6222e79d1,low,verified,AE,2024-11-29 00:00:00,CUSTOMER_ONBOARDING_SVC
CUST004720,Noah Sharma,1977-11-08,32ded38b9cba,medium,verified,AU,2025-10-28 00:00:00,CUSTOMER_ONBOARDING_SVC
CUST004721,Yuki Nair,1961-09-03,d1d91028eb17,low,verified,CA,2020-02-05 00:00:00,CUSTOMER_ONBOARDING_SVC
CUST004722,Olivia Brown,1981-12-21,d60aad658988,medium,expired,CN,2018-03-23 00:00:00,CUSTOMER_ONBOARDING_SVC
CUST004723,Ivan Gupta,1975-08-28,937f3472e8ea,medium,,SG,2020-08-19 00:00:00,CUSTOMER_ONBOARDING_SVC
CUST004724,Mei Martinez,1961-09-03,f3e083df5b57,low,verified,AE,2024-08-16 00:00:00,CUSTOMER_ONBOARDING_SVC
CUST004725,Divya Reddy,1995-07-10,9b93ac562bb7,low,expired,RU,2025-12-07 00:00:00,CUSTOMER_ONBOARDING_SVC
CUST004726,Omar Chen,1961-11-24,0f8daa3f6b0e,high,expired,GB,2021-10-05 00:00:00,CUSTOMER_ONBOARDING_SVC
CUST004727,Aditya Johnson,1958-12-11,978e97130a4f,medium,pending,SG,2019-09-01 00:00:00,CUSTOMER_ONBOARDING_SVC
CUST004728,Amelia Al-Sayed,1990-04-28,2f91a824def2,low,expired,RU,2022-11-27 00:00:00,CUSTOMER_ONBOARDING_SVC
CUST004729,Rohan Martinez,1967-03-04,872e0c6daa0a,medium,verified,AU,2025-11-02 00:00:00,CUSTOMER_ONBOARDING_SVC
CUST004730,Yuki Lopez,1975-12-15,6b9accb90b21,medium,pending,NG,2025-06-09 00:00:00,CUSTOMER_ONBOARDING_SVC
CUST004731,Arjun Smith,2000-02-26,27299f4ae60a,low,verified,IN,2024-11-02 00:00:00,CUSTOMER_ONBOARDING_SVC
CUST004732,Karan Garcia,1971-01-03,97fcacbe32f6,medium,verified,CA,2018-08-13 00:00:00,CUSTOMER_ONBOARDING_SVC
CUST004733,Lucas Al-Sayed,1956-06-13,974b3aea9b7e,medium,verified,CN,2018-12-04 00:00:00,CUSTOMER_ONBOARDING_SVC
CUST004734,Lucas Al-Sayed,1960-03-13,7641750a3220,medium,pending,DE,2025-08-25 00:00:00,CUSTOMER_ONBOARDING_SVC
CUST004735,Priya Anderson,1955-02-23,7f1c9ccba5a2,,expired,GB,2025-07-21 00:00:00,CUSTOMER_ONBOARDING_SVC
CUST004736,Wei Miller,1974-05-30,0cc66c350e03,medium,verified,CA,2026-06-30 00:00:00,CUSTOMER_ONBOARDING_SVC
CUST004737,Ivan Lopez,1986-01-30,08b610980def,medium,pending,AU,2018-06-30 00:00:00,CUSTOMER_ONBOARDING_SVC
CUST004737,Ivan Lopez,1986-01-30,08b610980def,medium,pending,AU,2018-06-30 00:44:00,CUSTOMER_ONBOARDING_SVC
CUST004738,Ethan Sharma,1957-05-18,97e3d8cd2242,low,verified,NG,2025-04-10 00:00:00,CUSTOMER_ONBOARDING_SVC
CUST004739,Rahul Davis,1971-10-05,b55d394f308a,low,expired,AU,2022-01-17 00:00:00,CUSTOMER_ONBOARDING_SVC
CUST004740,Sophia Davis,1982-12-16,9bfc1dcc1043,medium,expired,GB,2018-11-15 00:00:00,CUSTOMER_ONBOARDING_SVC
CUST004741,Mason Singh,1959-04-28,b8cc798a41e4,low,verified,DE,2022-03-03 00:00:00,CUSTOMER_ONBOARDING_SVC
CUST004742,Diego Miller,1965-07-22,af9948de5f9d,medium,verified,US,2025-01-25 00:00:00,CUSTOMER_ONBOARDING_SVC
CUST004743,Mason Tanaka,1978-08-23,667ca4a67c2c,low,verified,NG,2024-11-03 00:00:00,CUSTOMER_ONBOARDING_SVC
CUST004744,Ananya Kumar,1994-01-24,4bd0e8bce4e4,,verified,CA,2022-12-03 00:00:00,CUSTOMER_ONBOARDING_SVC
CUST004745,Aditya Tanaka,1972-11-10,e5154a6e31b0,low,verified,SG,2026-04-11 00:00:00,CUSTOMER_ONBOARDING_SVC
CUST004746,Isha Lopez,1959-09-15,f5307d156e24,medium,verified,SG,2026-01-12 00:00:00,CUSTOMER_ONBOARDING_SVC
CUST004747,Sneha Nair,1999-06-22,bdecc276fc02,medium,pending,DE,2021-04-07 00:00:00,CUSTOMER_ONBOARDING_SVC
CUST004748,Pooja Brown,1983-04-21,b454ebff20f1,low,pending,US,2020-10-14 00:00:00,CUSTOMER_ONBOARDING_SVC
CUST004748,Pooja Brown,1983-04-21,b454ebff20f1,low,pending,US,2020-10-14 00:14:00,CUSTOMER_ONBOARDING_SVC
CUST004749,Rohan Patel,2003-12-16,b8c20346e5b4,high,verified,CA,2018-07-03 00:00:00,CUSTOMER_ONBOARDING_SVC
CUST004750,Riya Al-Sayed,1955-06-30,44649fa45980,low,verified,CN,2023-08-22 00:00:00,CUSTOMER_ONBOARDING_SVC
CUST004750,Riya Al-Sayed,1955-06-30,44649fa45980,low,verified,CN,2023-08-22 01:28:00,CUSTOMER_ONBOARDING_SVC
CUST004751,Mei Sharma,1996-08-18,c43d019217a8,medium,expired,RU,2021-11-24 00:00:00,CUSTOMER_ONBOARDING_SVC
CUST004752,Ananya Martinez,1999-09-27,d9e4729c1674,low,verified,IN,2022-06-12 00:00:00,CUSTOMER_ONBOARDING_SVC
CUST004753,Liam Ivanov,1990-10-07,1f13c62d6a4f,low,pending,AU,2026-01-17 00:00:00,CUSTOMER_ONBOARDING_SVC
CUST004754,Diego Gupta,1964-05-22,5da56bd79b4b,low,verified,DE,2018-03-18 00:00:00,CUSTOMER_ONBOARDING_SVC
CUST004755,Lucas Sharma,2001-12-09,01b6a812b4ee,low,pending,CN,2025-04-15 00:00:00,CUSTOMER_ONBOARDING_SVC
CUST004756,Omar Martinez,1989-05-14,8ab820a398ed,medium,pending,SG,2024-01-25 00:00:00,CUSTOMER_ONBOARDING_SVC
CUST004757,Aditya Khan,1995-05-09,7d8befde03f2,low,verified,RU,2021-01-29 00:00:00,CUSTOMER_ONBOARDING_SVC
CUST004758,Layla Johnson,1994-07-22,2f596c530e2a,low,verified,NG,2022-08-09 00:00:00,CUSTOMER_ONBOARDING_SVC
CUST004759,Diego Mehta,1958-04-27,b42549062b4a,low,expired,DE,2024-12-16 00:00:00,CUSTOMER_ONBOARDING_SVC
CUST004760,Olivia Chen,1974-05-21,4e3f9c5a0583,medium,verified,DE,2019-03-05 00:00:00,CUSTOMER_ONBOARDING_SVC
CUST004761,Liam Martinez,1998-09-16,9be77da45512,low,verified,CN,2024-01-10 00:00:00,CUSTOMER_ONBOARDING_SVC
CUST004762,Noah Singh,1964-12-28,04acede54559,medium,,CN,2026-06-22 00:00:00,CUSTOMER_ONBOARDING_SVC
CUST004763,Rahul Singh,1988-12-02,6a9dd80d87a4,low,expired,IN,2022-10-16 00:00:00,CUSTOMER_ONBOARDING_SVC
CUST004764,Arjun Ivanov,1992-10-26,d572db0c74d5,medium,verified,SG,2022-01-16 00:00:00,CUSTOMER_ONBOARDING_SVC
CUST004765,Rahul Al-Sayed,1981-12-18,b575dff25f0b,,verified,AU,2026-02-04 00:00:00,CUSTOMER_ONBOARDING_SVC
CUST004766,Omar Nair,1988-10-27,e272e55b275e,medium,verified,GB,2022-05-17 00:00:00,CUSTOMER_ONBOARDING_SVC
CUST004767,Rahul Gupta,1991-04-14,038d5af5ae3a,low,verified,RU,2021-09-16 00:00:00,CUSTOMER_ONBOARDING_SVC
CUST004768,Aditya Sharma,1956-06-29,6d224a997944,medium,verified,CA,2023-03-25 00:00:00,CUSTOMER_ONBOARDING_SVC
CUST004769,Omar Davis,1961-10-16,7f44d740fc86,low,expired,IN,2022-01-10 00:00:00,CUSTOMER_ONBOARDING_SVC
CUST004770,Emma Brown,1971-02-02,1bc5a46f240d,medium,verified,US,2024-10-18 00:00:00,CUSTOMER_ONBOARDING_SVC
CUST004771,Ananya Wilson,1972-11-17,a4e7c75be6c4,medium,expired,AE,2023-07-26 00:00:00,CUSTOMER_ONBOARDING_SVC
CUST004772,Meera Garcia,1996-01-29,f4d8a5bd2533,low,expired,IN,2021-06-17 00:00:00,CUSTOMER_ONBOARDING_SVC
CUST004773,Sneha Al-Sayed,1994-10-08,ff4151eed09b,medium,pending,,2023-09-14 00:00:00,CUSTOMER_ONBOARDING_SVC
CUST004774,Aditya Ivanov,1998-06-09,044eea894efa,high,pending,SG,2025-02-22 00:00:00,CUSTOMER_ONBOARDING_SVC
CUST004775,Pooja Miller,1979-02-22,ce13bcc6e473,low,pending,US,2020-01-11 00:00:00,CUSTOMER_ONBOARDING_SVC
CUST004776,Amelia Ivanov,1968-06-10,991c7a2edbef,low,pending,AE,2024-11-27 00:00:00,CUSTOMER_ONBOARDING_SVC
CUST004777,Rohan Zhang,1976-09-19,1b1c9c2da8df,low,expired,GB,2022-09-03 00:00:00,CUSTOMER_ONBOARDING_SVC
CUST004778,Sophia Ivanov,1997-07-13,783e935a0673,low,pending,CA,2020-04-11 00:00:00,CUSTOMER_ONBOARDING_SVC
CUST004779,James Singh,1988-11-24,54ab2fc9343c,low,verified,RU,2021-06-09 00:00:00,CUSTOMER_ONBOARDING_SVC
CUST004780,Fatima Nair,1984-08-11,a4a78edd77dd,high,pending,AU,2024-09-25 00:00:00,CUSTOMER_ONBOARDING_SVC
CUST004781,Hassan Tanaka,1997-12-06,23623f63acc9,,verified,CA,2022-04-16 00:00:00,CUSTOMER_ONBOARDING_SVC
CUST004782,Divya Johnson,1965-04-09,2985ec0872e0,medium,,SG,2020-03-02 00:00:00,CUSTOMER_ONBOARDING_SVC
CUST004783,Rohan Davis,1993-09-18,42a324f9b3b2,low,expired,SG,2021-11-01 00:00:00,CUSTOMER_ONBOARDING_SVC
CUST004784,Lucia Garcia,1985-08-06,5bfc4be69ec5,low,verified,GB,2025-07-24 00:00:00,CUSTOMER_ONBOARDING_SVC
CUST004785,Elena Mehta,1995-04-11,27712c2e7345,medium,verified,RU,2022-01-19 00:00:00,CUSTOMER_ONBOARDING_SVC
CUST004786,Isha Khan,1978-07-04,8be22cd97e11,low,verified,IN,2022-11-30 00:00:00,CUSTOMER_ONBOARDING_SVC
CUST004787,Aditya Lopez,1956-01-02,2eb3eae9c20d,medium,pending,AU,2018-10-06 00:00:00,CUSTOMER_ONBOARDING_SVC
CUST004788,Sneha Smith,2000-11-18,8e85b863bd97,low,verified,AE,2024-01-22 00:00:00,CUSTOMER_ONBOARDING_SVC
CUST004789,Omar Mehta,1978-11-29,90c817902f09,low,verified,GB,2020-07-09 00:00:00,CUSTOMER_ONBOARDING_SVC
CUST004790,Riya Anderson,1982-11-17,8c9ab39d8042,low,verified,SG,2021-01-12 00:00:00,CUSTOMER_ONBOARDING_SVC
CUST004791,Layla Sharma,1993-01-24,c45507d434d9,medium,pending,GB,2023-10-13 00:00:00,CUSTOMER_ONBOARDING_SVC
CUST004792,Mei Patel,1995-06-30,cf3a0e1ec826,low,verified,NG,2022-06-29 00:00:00,CUSTOMER_ONBOARDING_SVC
CUST004793,Lucia Kumar,1986-06-27,d78e975d7e15,medium,pending,US,2022-12-30 00:00:00,CUSTOMER_ONBOARDING_SVC
CUST004794,Mason Kumar,1969-01-26,e8d214af19b6,high,pending,DE,2018-09-24 00:00:00,CUSTOMER_ONBOARDING_SVC
CUST004795,Omar Ivanov,1972-09-19,6872aa994b7d,low,verified,CA,2018-09-16 00:00:00,CUSTOMER_ONBOARDING_SVC
CUST004796,Divya Miller,1992-04-07,83a5cd534ff9,low,pending,DE,2026-01-21 00:00:00,CUSTOMER_ONBOARDING_SVC
CUST004797,Layla Wilson,1993-09-20,95792a4c035c,medium,verified,RU,2023-05-19 00:00:00,CUSTOMER_ONBOARDING_SVC
CUST004798,Elena Al-Sayed,1971-04-09,372739a07e8c,low,pending,AU,2019-05-31 00:00:00,CUSTOMER_ONBOARDING_SVC
CUST004799,Rahul Khan,1964-03-12,d0d5112088bf,medium,verified,CA,2022-05-27 00:00:00,CUSTOMER_ONBOARDING_SVC
CUST004800,Meera Brown,2003-02-27,ea2225afd2db,high,verified,CA,2022-02-26 00:00:00,CUSTOMER_ONBOARDING_SVC
CUST004801,Priya Lopez,1981-03-23,d59e9c583235,low,pending,AE,2018-10-15 00:00:00,CUSTOMER_ONBOARDING_SVC
CUST004802,Karan Singh,1983-03-26,14e9825e3df3,low,verified,SG,2023-10-23 00:00:00,CUSTOMER_ONBOARDING_SVC
CUST004803,Diego Singh,1955-03-05,45018f6e6969,low,pending,RU,2023-01-22 00:00:00,CUSTOMER_ONBOARDING_SVC
CUST004804,Divya Nair,1990-02-04,a06f06b2a63d,low,verified,US,2021-05-04 00:00:00,CUSTOMER_ONBOARDING_SVC
CUST004805,Noah Sharma,1987-05-13,ed451388f8d8,low,verified,AE,2020-09-29 00:00:00,CUSTOMER_ONBOARDING_SVC
CUST004806,Olivia Zhang,1995-06-23,4b3258eceb91,medium,verified,DE,2021-09-03 00:00:00,CUSTOMER_ONBOARDING_SVC
CUST004807,Diego Tanaka,1975-11-09,9f757cf8bab4,,pending,IN,2019-01-26 00:00:00,CUSTOMER_ONBOARDING_SVC
CUST004808,Hassan Nair,1958-09-09,ca1c68780aa3,low,verified,CN,2018-10-02 00:00:00,CUSTOMER_ONBOARDING_SVC
CUST004809,Mia Tanaka,2000-10-12,8605a5bc73c3,high,verified,RU,2023-10-13 00:00:00,CUSTOMER_ONBOARDING_SVC
CUST004810,Olivia Khan,1982-10-05,4ff4c19da07e,medium,verified,GB,2024-07-01 00:00:00,CUSTOMER_ONBOARDING_SVC
CUST004811,Mason Chen,2005-08-24,b068d2c93d3f,high,verified,AE,2019-07-26 00:00:00,CUSTOMER_ONBOARDING_SVC
CUST004812,Ivan Johnson,1967-07-29,a9c00e5ef405,low,verified,CN,2026-06-25 00:00:00,CUSTOMER_ONBOARDING_SVC
CUST004813,Ava Patel,1998-05-12,f29f2d8dfc33,low,verified,DE,2024-01-27 00:00:00,CUSTOMER_ONBOARDING_SVC
CUST004814,Divya Kumar,1956-08-29,bb372aeb0c87,medium,verified,CN,2020-06-01 00:00:00,CUSTOMER_ONBOARDING_SVC
CUST004815,Chen Patel,1988-02-11,bf485c7e45f8,high,verified,US,2018-01-11 00:00:00,CUSTOMER_ONBOARDING_SVC
CUST004816,Amelia Anderson,1989-10-31,487c729c9d85,low,verified,IN,2023-10-02 00:00:00,CUSTOMER_ONBOARDING_SVC
CUST004816,Amelia Anderson,1989-10-31,487c729c9d85,low,verified,IN,2023-10-02 00:42:00,CUSTOMER_ONBOARDING_SVC
CUST004817,Emma Davis,1956-07-09,1a1cbb465249,high,verified,NG,2018-11-21 00:00:00,CUSTOMER_ONBOARDING_SVC
CUST004818,Mason Sharma,1999-04-14,106b362e367f,low,verified,SG,2020-12-09 00:00:00,CUSTOMER_ONBOARDING_SVC
CUST004819,Emma Martinez,1966-09-01,43ddf56b8f3f,low,pending,SG,2024-06-25 00:00:00,CUSTOMER_ONBOARDING_SVC
CUST004820,Mei Khan,1960-12-17,a51fb652e169,medium,verified,IN,2020-08-20 00:00:00,CUSTOMER_ONBOARDING_SVC
CUST004821,Arjun Sharma,1982-02-24,a4f348fb4a0e,high,verified,SG,2024-01-30 00:00:00,CUSTOMER_ONBOARDING_SVC
CUST004822,Vikram Davis,1956-03-21,83a689c2e874,low,verified,NG,2019-03-16 00:00:00,CUSTOMER_ONBOARDING_SVC
CUST004823,Priya Lopez,1981-03-12,540953d98a3a,medium,verified,DE,2020-05-11 00:00:00,CUSTOMER_ONBOARDING_SVC
CUST004824,Chen Tanaka,1966-04-25,cd1330f27189,low,expired,AE,2018-08-29 00:00:00,CUSTOMER_ONBOARDING_SVC
CUST004825,Priya Garcia,1971-01-24,d0f294f5dc86,medium,verified,AE,2021-11-09 00:00:00,CUSTOMER_ONBOARDING_SVC
CUST004826,Hassan Al-Sayed,1956-07-25,b30bc73881e0,medium,pending,NG,2021-05-15 00:00:00,CUSTOMER_ONBOARDING_SVC
CUST004827,Noah Garcia,1991-04-17,dd0385c0fb6d,high,verified,US,2024-05-24 00:00:00,CUSTOMER_ONBOARDING_SVC
CUST004828,Diego Khan,1963-12-13,e7ea2991c9d2,high,expired,GB,2018-11-26 00:00:00,CUSTOMER_ONBOARDING_SVC
CUST004828,Diego Khan,1963-12-13,e7ea2991c9d2,high,expired,GB,2018-11-26 01:06:00,CUSTOMER_ONBOARDING_SVC
CUST004829,Ivan Singh,1990-12-02,17129006f08f,medium,verified,DE,2023-08-01 00:00:00,CUSTOMER_ONBOARDING_SVC
CUST004830,Fatima Brown,2000-03-29,d0065a1b9f3d,medium,verified,AU,2022-04-01 00:00:00,CUSTOMER_ONBOARDING_SVC
CUST004831,Aarav Patel,2002-08-24,7ca8436a15b7,low,verified,NG,2024-08-01 00:00:00,CUSTOMER_ONBOARDING_SVC
CUST004832,Fatima Nair,2003-11-01,044ef6058b7d,,pending,RU,2018-07-04 00:00:00,CUSTOMER_ONBOARDING_SVC
CUST004833,Sneha Garcia,2004-10-15,fbc502756dec,medium,verified,NG,2022-08-05 00:00:00,CUSTOMER_ONBOARDING_SVC
CUST004834,Lucia Anderson,1971-12-11,d223e811c5dc,low,expired,US,2020-11-15 00:00:00,CUSTOMER_ONBOARDING_SVC
CUST004835,Sneha Ivanov,2004-08-29,1ec61d4c4dd9,low,pending,,2019-02-18 00:00:00,CUSTOMER_ONBOARDING_SVC
CUST004836,Fatima Garcia,1964-10-16,87df064d5c9a,high,verified,GB,2026-02-12 00:00:00,CUSTOMER_ONBOARDING_SVC
CUST004837,Ivan Johnson,1984-03-10,bbe93786247d,low,verified,AU,2019-11-09 00:00:00,CUSTOMER_ONBOARDING_SVC
CUST004838,Sophia Davis,1979-05-13,b356bc62cd16,low,verified,US,2021-01-06 00:00:00,CUSTOMER_ONBOARDING_SVC
CUST004839,Elena Anderson,1960-06-29,ff42b618d04b,low,expired,CA,2018-09-14 00:00:00,CUSTOMER_ONBOARDING_SVC
CUST004840,Karan Tanaka,1964-10-31,e20f763b8378,low,verified,DE,2019-03-30 00:00:00,CUSTOMER_ONBOARDING_SVC
CUST004841,Chen Miller,1967-02-27,35e1fcf42ed9,medium,verified,SG,2025-08-04 00:00:00,CUSTOMER_ONBOARDING_SVC
CUST004842,Elena Johnson,1962-11-24,910642eb0ff2,,verified,NG,2025-11-18 00:00:00,CUSTOMER_ONBOARDING_SVC
CUST004843,Priya Kumar,1995-10-19,d7ddbbbada33,medium,verified,DE,2024-07-02 00:00:00,CUSTOMER_ONBOARDING_SVC
CUST004844,Riya Reddy,2004-03-12,d35b42c7f59b,high,verified,AE,2026-02-25 00:00:00,CUSTOMER_ONBOARDING_SVC
CUST004845,Mia Reddy,2000-05-01,82d474a799a9,high,pending,CN,2018-04-03 00:00:00,CUSTOMER_ONBOARDING_SVC
CUST004846,Fatima Khan,1956-03-22,b06834712354,high,expired,RU,2021-11-04 00:00:00,CUSTOMER_ONBOARDING_SVC
CUST004847,Emma Reddy,1961-02-28,7a0555fa0f0b,medium,verified,NG,2022-11-21 00:00:00,CUSTOMER_ONBOARDING_SVC
CUST004848,Priya Zhang,1999-01-01,0ff1ffbd7746,medium,verified,NG,2020-01-28 00:00:00,CUSTOMER_ONBOARDING_SVC
CUST004849,Ivan Singh,1996-04-26,f5d0f6170d18,medium,verified,SG,2024-06-03 00:00:00,CUSTOMER_ONBOARDING_SVC
CUST004850,Sophia Reddy,1993-01-20,c730e7b178e4,low,verified,RU,2020-11-14 00:00:00,CUSTOMER_ONBOARDING_SVC
CUST004851,Meera Smith,1998-01-08,ff3cade1e6bb,high,verified,NG,2025-03-19 00:00:00,CUSTOMER_ONBOARDING_SVC
CUST004852,Mei Singh,1996-03-05,9509c5bf31d2,medium,verified,AU,2019-12-07 00:00:00,CUSTOMER_ONBOARDING_SVC
CUST004853,Rahul Johnson,1985-02-09,d5402f220587,medium,verified,AU,2023-07-03 00:00:00,CUSTOMER_ONBOARDING_SVC
CUST004854,Lucas Gupta,1975-05-18,ac2a44f346e2,low,verified,SG,2018-09-06 00:00:00,CUSTOMER_ONBOARDING_SVC
CUST004855,Divya Kumar,1960-11-29,e41ad4d39cb1,medium,verified,AE,2021-02-27 00:00:00,CUSTOMER_ONBOARDING_SVC
CUST004856,Wei Wilson,1957-06-29,66bfaf24c9a9,low,expired,AU,2022-03-01 00:00:00,CUSTOMER_ONBOARDING_SVC
CUST004857,Arjun Davis,1982-06-07,295599df9ec9,medium,pending,IN,2024-04-26 00:00:00,CUSTOMER_ONBOARDING_SVC
CUST004858,Omar Chen,1986-07-16,275201241717,high,expired,CN,2022-07-09 00:00:00,CUSTOMER_ONBOARDING_SVC
CUST004859,Aarav Chen,1981-01-05,dd18816613bf,medium,pending,DE,2024-12-06 00:00:00,CUSTOMER_ONBOARDING_SVC
CUST004860,Elena Davis,1957-05-11,f8b5ce53fbee,medium,verified,NG,2018-06-14 00:00:00,CUSTOMER_ONBOARDING_SVC
CUST004861,Ethan Al-Sayed,1966-06-30,fa8b2f7889de,low,verified,CN,2018-07-06 00:00:00,CUSTOMER_ONBOARDING_SVC
CUST004862,Aarav Ivanov,1967-10-10,c0f4c619fd69,high,verified,GB,2019-06-11 00:00:00,CUSTOMER_ONBOARDING_SVC
CUST004863,Arjun Nair,1962-09-09,852ca7768553,low,verified,NG,2021-06-01 00:00:00,CUSTOMER_ONBOARDING_SVC
CUST004864,Mia Ivanov,1997-04-25,15d635dbe5fe,high,verified,RU,2021-06-13 00:00:00,CUSTOMER_ONBOARDING_SVC
CUST004865,Divya Lopez,1984-08-25,15f86b31d507,low,verified,NG,2018-10-06 00:00:00,CUSTOMER_ONBOARDING_SVC
CUST004866,Sneha Nair,1965-07-15,d6dac63b5480,high,verified,CA,2021-08-11 00:00:00,CUSTOMER_ONBOARDING_SVC
CUST004867,Arjun Nair,1970-12-12,c014cd5c7585,low,verified,DE,2026-02-13 00:00:00,CUSTOMER_ONBOARDING_SVC
CUST004868,Ivan Nair,1961-03-17,9df5dbc7176e,medium,expired,CA,2021-02-25 00:00:00,CUSTOMER_ONBOARDING_SVC
CUST004869,Lucia Al-Sayed,1961-01-20,165a3cc8d09b,medium,verified,US,2023-08-01 00:00:00,CUSTOMER_ONBOARDING_SVC
CUST004870,James Wilson,1977-12-02,3804e075e502,low,verified,RU,2019-11-28 00:00:00,CUSTOMER_ONBOARDING_SVC
CUST004871,Amelia Patel,1982-10-09,18a7f4b75888,medium,pending,GB,2024-01-16 00:00:00,CUSTOMER_ONBOARDING_SVC
CUST004872,Rohan Ivanov,1994-07-10,2d82537706b2,low,verified,CA,2025-03-25 00:00:00,CUSTOMER_ONBOARDING_SVC
CUST004873,Omar Ivanov,1988-08-19,03dc33b1df97,low,pending,GB,2025-11-08 00:00:00,CUSTOMER_ONBOARDING_SVC
CUST004874,Karan Al-Sayed,2001-08-25,5854ac480fba,low,pending,NG,2019-03-05 00:00:00,CUSTOMER_ONBOARDING_SVC
CUST004875,Ava Smith,1986-07-28,9f85d5bee5e3,high,pending,AU,2021-11-08 00:00:00,CUSTOMER_ONBOARDING_SVC
CUST004876,Sneha Tanaka,1959-12-17,f8bbd1898382,high,verified,CA,2021-06-18 00:00:00,CUSTOMER_ONBOARDING_SVC
CUST004877,Aditya Kumar,1964-05-11,008dbfac0fcc,medium,verified,GB,2019-09-12 00:00:00,CUSTOMER_ONBOARDING_SVC
CUST004878,Hassan Garcia,1995-03-05,b141cc270308,low,verified,DE,2025-09-29 00:00:00,CUSTOMER_ONBOARDING_SVC
CUST004879,Rohan Brown,1999-09-07,eaed2352cbd9,low,expired,US,2023-04-06 00:00:00,CUSTOMER_ONBOARDING_SVC
CUST004880,Meera Ivanov,1974-05-19,2de35c0accd1,low,verified,GB,2022-11-29 00:00:00,CUSTOMER_ONBOARDING_SVC
CUST004881,Sneha Smith,1955-04-26,1eca26c5e977,low,expired,US,2022-09-10 00:00:00,CUSTOMER_ONBOARDING_SVC
CUST004882,Sneha Khan,1979-12-29,15acfba626df,medium,pending,US,2023-10-05 00:00:00,CUSTOMER_ONBOARDING_SVC
CUST004883,Sophia Patel,1976-05-29,eedfc2ff6252,low,expired,IN,2019-10-21 00:00:00,CUSTOMER_ONBOARDING_SVC
CUST004884,Isha Patel,1955-02-05,7d9f5a27f2f5,high,verified,SG,2022-09-27 00:00:00,CUSTOMER_ONBOARDING_SVC
CUST004885,Ava Anderson,1977-09-26,20fc9640cffa,high,verified,NG,2021-01-21 00:00:00,CUSTOMER_ONBOARDING_SVC
CUST004886,Karan Ivanov,1957-12-25,4f0b7292ec4f,low,verified,IN,2025-08-06 00:00:00,CUSTOMER_ONBOARDING_SVC
CUST004887,Sneha Davis,1976-12-22,7fd2383ee72c,low,verified,CN,2020-02-03 00:00:00,CUSTOMER_ONBOARDING_SVC
CUST004888,Lucas Tanaka,1971-01-16,99cebc413b84,medium,verified,RU,2024-06-19 00:00:00,CUSTOMER_ONBOARDING_SVC
CUST004889,Pooja Smith,1971-02-07,14f69b555e55,medium,verified,CN,2018-05-15 00:00:00,CUSTOMER_ONBOARDING_SVC
CUST004890,Lucia Chen,1969-11-21,12af6bbb3628,medium,pending,CN,2019-08-11 00:00:00,CUSTOMER_ONBOARDING_SVC
CUST004891,Fatima Martinez,1990-11-27,adb8f7638652,low,verified,AE,2023-06-17 00:00:00,CUSTOMER_ONBOARDING_SVC
CUST004892,Wei Khan,1995-05-23,7a5138506ffd,medium,expired,NG,2020-05-24 00:00:00,CUSTOMER_ONBOARDING_SVC
CUST004893,Ethan Reddy,1968-06-29,9fde953bfd96,medium,verified,AU,2020-05-01 00:00:00,CUSTOMER_ONBOARDING_SVC
CUST004894,Ava Patel,1980-09-14,c32365fc6460,low,pending,GB,2023-11-18 00:00:00,CUSTOMER_ONBOARDING_SVC
CUST004895,Mei Miller,1977-06-17,3e17c651f751,low,verified,NG,2022-08-06 00:00:00,CUSTOMER_ONBOARDING_SVC
CUST004896,Mia Ivanov,1984-02-23,4e435a60468a,low,verified,SG,2025-01-28 00:00:00,CUSTOMER_ONBOARDING_SVC
CUST004897,Sneha Gupta,1981-09-20,d9ea3e3d5adf,medium,verified,US,2025-07-08 00:00:00,CUSTOMER_ONBOARDING_SVC
CUST004898,Wei Khan,1961-07-15,cd312b2e3a9e,low,expired,DE,2018-07-26 00:00:00,CUSTOMER_ONBOARDING_SVC
CUST004899,James Johnson,1958-12-29,8fd23c5b194d,low,pending,US,2020-12-22 00:00:00,CUSTOMER_ONBOARDING_SVC
CUST004900,Rahul Brown,1973-06-11,c7fc952a54b1,medium,verified,IN,2021-08-09 00:00:00,CUSTOMER_ONBOARDING_SVC
CUST004901,Mia Khan,1984-03-14,38100301d88a,low,verified,GB,2022-06-16 00:00:00,CUSTOMER_ONBOARDING_SVC
CUST004902,Ivan Martinez,1991-04-19,f2dea6e7898f,medium,verified,IN,2021-08-04 00:00:00,CUSTOMER_ONBOARDING_SVC
CUST004903,Divya Singh,2000-08-20,8010a9ac7dc9,low,verified,CA,2021-10-11 00:00:00,CUSTOMER_ONBOARDING_SVC
CUST004904,Ivan Singh,1981-02-14,7d5f1f4a0eb5,low,verified,DE,2019-07-26 00:00:00,CUSTOMER_ONBOARDING_SVC
CUST004905,James Singh,1994-10-01,6846451c8d4d,medium,pending,NG,2021-09-15 00:00:00,CUSTOMER_ONBOARDING_SVC
CUST004906,James Garcia,2001-09-10,937281c51704,,pending,NG,2020-08-22 00:00:00,CUSTOMER_ONBOARDING_SVC
CUST004907,Liam Patel,1973-01-13,a54045d97161,low,pending,NG,2026-03-22 00:00:00,CUSTOMER_ONBOARDING_SVC
CUST004908,Elena Reddy,1992-03-14,07e54ede3464,medium,pending,DE,2023-11-10 00:00:00,CUSTOMER_ONBOARDING_SVC
CUST004909,Sophia Davis,1976-05-27,82ca14fb5de3,low,verified,SG,2018-07-28 00:00:00,CUSTOMER_ONBOARDING_SVC
CUST004910,Aditya Zhang,1956-05-31,2215326fff74,medium,verified,DE,2021-02-24 00:00:00,CUSTOMER_ONBOARDING_SVC
CUST004911,Ananya Smith,1964-12-31,60f27f7db580,medium,verified,CN,2020-06-03 00:00:00,CUSTOMER_ONBOARDING_SVC
CUST004912,Isha Al-Sayed,1991-07-28,7f59db167a65,high,expired,CN,2026-02-12 00:00:00,CUSTOMER_ONBOARDING_SVC
CUST004913,Mason Ivanov,1977-02-07,a7418b6c500c,high,verified,CN,2026-03-05 00:00:00,CUSTOMER_ONBOARDING_SVC
CUST004914,Meera Johnson,1997-04-14,e4bdb4116af3,medium,verified,IN,2019-12-14 00:00:00,CUSTOMER_ONBOARDING_SVC
CUST004915,Mason Singh,1999-12-18,3e64aa45b0e8,medium,expired,AU,2018-04-15 00:00:00,CUSTOMER_ONBOARDING_SVC
CUST004916,James Sharma,1973-08-25,299f03d7970f,medium,verified,RU,2020-08-04 00:00:00,CUSTOMER_ONBOARDING_SVC
CUST004917,Arjun Reddy,1987-03-30,17706cbee456,low,verified,CA,2024-10-02 00:00:00,CUSTOMER_ONBOARDING_SVC
CUST004918,Wei Reddy,1968-04-01,1ece1b0e45f6,low,verified,CN,2019-02-22 00:00:00,CUSTOMER_ONBOARDING_SVC
CUST004919,Ivan Nair,2005-11-03,5e753ca12edc,low,verified,CN,2022-12-18 00:00:00,CUSTOMER_ONBOARDING_SVC
CUST004920,Vikram Davis,2004-01-16,3ca9dc4b3f49,low,verified,IN,2022-06-23 00:00:00,CUSTOMER_ONBOARDING_SVC
CUST004921,Ivan Davis,1955-06-02,0f8e52b78a07,low,pending,DE,2026-04-01 00:00:00,CUSTOMER_ONBOARDING_SVC
CUST004922,Olivia Tanaka,1963-05-22,e4e205537505,low,verified,,2023-09-29 00:00:00,CUSTOMER_ONBOARDING_SVC
CUST004923,Elena Kumar,1962-10-30,0bc5eb26df0f,low,pending,RU,2024-01-10 00:00:00,CUSTOMER_ONBOARDING_SVC
CUST004924,Pooja Davis,2000-08-17,c48ffa0eb753,low,pending,RU,2021-10-25 00:00:00,CUSTOMER_ONBOARDING_SVC
CUST004925,Ethan Lopez,1961-10-01,ba7b8019eec0,medium,pending,RU,2024-09-11 00:00:00,CUSTOMER_ONBOARDING_SVC
CUST004926,Lucas Smith,1986-03-04,37481d453589,low,verified,GB,2025-09-12 00:00:00,CUSTOMER_ONBOARDING_SVC
CUST004927,James Gupta,1964-04-17,4dd985264051,low,pending,GB,2022-09-09 00:00:00,CUSTOMER_ONBOARDING_SVC
CUST004928,Emma Gupta,1968-01-08,c133ecc2948a,low,verified,CN,2019-02-09 00:00:00,CUSTOMER_ONBOARDING_SVC
CUST004929,Wei Nair,1963-04-24,45228f372fd9,,expired,NG,2025-06-29 00:00:00,CUSTOMER_ONBOARDING_SVC
CUST004930,Noah Kumar,1970-11-06,0675792a0920,low,expired,IN,2024-08-17 00:00:00,CUSTOMER_ONBOARDING_SVC
CUST004931,Riya Reddy,1964-01-27,0507e366e2f3,low,verified,CA,2018-04-10 00:00:00,CUSTOMER_ONBOARDING_SVC
CUST004932,Amelia Ivanov,1981-06-11,588f5b61bdc2,low,pending,AE,2020-07-11 00:00:00,CUSTOMER_ONBOARDING_SVC
CUST004933,Lucas Mehta,1986-03-30,b8d8686435b5,medium,verified,AE,2020-12-05 00:00:00,CUSTOMER_ONBOARDING_SVC
CUST004934,Fatima Reddy,1982-02-26,27fa377d207c,medium,pending,SG,2019-03-18 00:00:00,CUSTOMER_ONBOARDING_SVC
CUST004935,Mia Anderson,1977-11-07,7a80d1bd4fea,medium,verified,CN,2021-10-28 00:00:00,CUSTOMER_ONBOARDING_SVC
CUST004936,Hassan Davis,1963-12-21,297a82cdb103,medium,expired,RU,2026-06-26 00:00:00,CUSTOMER_ONBOARDING_SVC
CUST004937,Chen Lopez,1964-07-30,78fd91f8bb14,low,verified,AE,2021-05-23 00:00:00,CUSTOMER_ONBOARDING_SVC
CUST004938,Amelia Kumar,1992-03-01,79e94bff6441,high,verified,AE,2023-03-24 00:00:00,CUSTOMER_ONBOARDING_SVC
CUST004939,Noah Smith,1975-04-28,74202bf221b3,high,verified,AE,2023-01-29 00:00:00,CUSTOMER_ONBOARDING_SVC
CUST004940,Wei Singh,1999-09-10,b62c9933f102,,pending,CN,2025-11-10 00:00:00,CUSTOMER_ONBOARDING_SVC
CUST004941,Riya Singh,1964-09-09,7f13935ec1c5,medium,,CN,2023-02-01 00:00:00,CUSTOMER_ONBOARDING_SVC
CUST004942,Diego Gupta,1993-03-27,439bae3437bd,low,verified,RU,2023-01-03 00:00:00,CUSTOMER_ONBOARDING_SVC
CUST004943,Mei Kumar,1988-10-28,fac51af79904,medium,pending,AU,2022-12-23 00:00:00,CUSTOMER_ONBOARDING_SVC
CUST004944,Yuki Smith,1965-07-01,5e9b3aa9d3fb,low,verified,IN,2024-10-24 00:00:00,CUSTOMER_ONBOARDING_SVC
CUST004945,Aarav Smith,1964-03-22,fba3bcac4c1b,low,verified,DE,2022-11-15 00:00:00,CUSTOMER_ONBOARDING_SVC
CUST004946,Sneha Mehta,1996-10-23,44129131be7a,medium,pending,RU,2019-05-30 00:00:00,CUSTOMER_ONBOARDING_SVC
CUST004947,Sneha Martinez,1962-12-26,a4b57822e6ce,low,verified,GB,2020-11-22 00:00:00,CUSTOMER_ONBOARDING_SVC
CUST004948,Mason Khan,1974-07-25,df25e7e362e7,low,verified,IN,2023-09-18 00:00:00,CUSTOMER_ONBOARDING_SVC
CUST004949,Pooja Gupta,1993-05-09,515832cca9ab,medium,verified,RU,2023-06-15 00:00:00,CUSTOMER_ONBOARDING_SVC
CUST004950,Sophia Lopez,1964-09-11,f64d832ac87c,medium,pending,RU,2024-10-20 00:00:00,CUSTOMER_ONBOARDING_SVC
CUST004951,Elena Gupta,1984-12-21,4ec62a47299f,high,verified,CN,2025-12-28 00:00:00,CUSTOMER_ONBOARDING_SVC
CUST004952,Fatima Tanaka,1961-11-22,67df3350b5ba,low,pending,US,2023-03-06 00:00:00,CUSTOMER_ONBOARDING_SVC
CUST004953,Ava Garcia,1979-03-01,5a59fc728f3e,low,pending,AE,2022-02-21 00:00:00,CUSTOMER_ONBOARDING_SVC
CUST004954,Arjun Lopez,2003-04-12,e06d7dbf4520,low,verified,GB,2022-08-19 00:00:00,CUSTOMER_ONBOARDING_SVC
CUST004955,Noah Zhang,1979-10-29,30929b2bf6b2,medium,expired,AU,2019-05-13 00:00:00,CUSTOMER_ONBOARDING_SVC
CUST004956,Ananya Johnson,1965-08-25,c16032218470,low,verified,RU,2020-12-14 00:00:00,CUSTOMER_ONBOARDING_SVC
CUST004957,Ivan Miller,1989-12-07,97d9920f2fca,low,verified,CA,2019-08-26 00:00:00,CUSTOMER_ONBOARDING_SVC
CUST004958,Priya Garcia,1998-07-02,5932b3e2e399,high,pending,CN,2025-02-20 00:00:00,CUSTOMER_ONBOARDING_SVC
CUST004959,Lucia Davis,1975-10-07,e84dfd9093ee,medium,pending,DE,2018-07-24 00:00:00,CUSTOMER_ONBOARDING_SVC
CUST004960,Aarav Martinez,1990-06-16,767d0cabd723,high,verified,IN,2025-11-23 00:00:00,CUSTOMER_ONBOARDING_SVC
CUST004961,Priya Tanaka,1975-07-01,8a7197c891aa,medium,verified,CN,2021-02-22 00:00:00,CUSTOMER_ONBOARDING_SVC
CUST004962,Yuki Patel,1968-09-20,2f6e6c4485d8,low,verified,NG,2024-04-27 00:00:00,CUSTOMER_ONBOARDING_SVC
CUST004963,Pooja Lopez,1955-05-24,1954a30fb864,medium,verified,IN,2020-01-05 00:00:00,CUSTOMER_ONBOARDING_SVC
CUST004964,Diego Reddy,1959-12-02,e0fdeb4425b8,low,verified,RU,2025-12-11 00:00:00,CUSTOMER_ONBOARDING_SVC
CUST004965,Priya Smith,1999-05-14,17cfb842b5e4,medium,verified,RU,2021-11-13 00:00:00,CUSTOMER_ONBOARDING_SVC
CUST004966,Lucas Mehta,1973-11-27,38d7db0d93a8,high,expired,AE,2020-10-03 00:00:00,CUSTOMER_ONBOARDING_SVC
CUST004967,Vikram Martinez,1973-08-02,ed3efaa051be,low,expired,IN,2025-12-30 00:00:00,CUSTOMER_ONBOARDING_SVC
CUST004968,Rahul Kumar,1959-05-26,8bf6614c3110,high,verified,DE,2022-07-20 00:00:00,CUSTOMER_ONBOARDING_SVC
CUST004969,Sophia Al-Sayed,1976-10-22,4fce1f3a0d95,low,pending,RU,2021-04-05 00:00:00,CUSTOMER_ONBOARDING_SVC
CUST004970,Liam Zhang,1975-12-20,144b04271504,high,verified,AU,2026-06-03 00:00:00,CUSTOMER_ONBOARDING_SVC
CUST004971,Hassan Ivanov,1963-12-17,c6a23e0e3684,medium,verified,CN,2025-01-06 00:00:00,CUSTOMER_ONBOARDING_SVC
CUST004972,Aditya Martinez,1974-09-18,030a5622a6e2,medium,pending,CN,2018-10-02 00:00:00,CUSTOMER_ONBOARDING_SVC
CUST004973,Priya Anderson,1968-11-02,7191815976c7,medium,expired,IN,2020-08-22 00:00:00,CUSTOMER_ONBOARDING_SVC
CUST004974,Aarav Khan,1986-12-05,ddd423bdba0b,medium,verified,CN,2023-01-17 00:00:00,CUSTOMER_ONBOARDING_SVC
CUST004975,Vikram Lopez,1971-12-24,ad0463168224,low,pending,AU,2021-11-29 00:00:00,CUSTOMER_ONBOARDING_SVC
CUST004976,Mia Reddy,1956-06-29,c56e2953f279,low,verified,GB,2025-06-10 00:00:00,CUSTOMER_ONBOARDING_SVC
CUST004977,Vikram Tanaka,1985-12-14,35e9b0d78de2,low,verified,AU,2024-12-26 00:00:00,CUSTOMER_ONBOARDING_SVC
CUST004978,Aditya Lopez,1987-10-07,11cbfe627fcb,low,expired,AU,2023-05-18 00:00:00,CUSTOMER_ONBOARDING_SVC
CUST004979,Ananya Sharma,1998-02-19,b68579cbcfad,low,verified,DE,2020-07-16 00:00:00,CUSTOMER_ONBOARDING_SVC
CUST004980,Pooja Johnson,1959-09-16,5a2445ac47d8,high,verified,NG,2019-12-31 00:00:00,CUSTOMER_ONBOARDING_SVC
CUST004981,Riya Anderson,2004-02-24,c461ebc3a7fa,high,verified,,2021-11-14 00:00:00,CUSTOMER_ONBOARDING_SVC
CUST004982,Sophia Khan,1982-02-28,db981ed446a5,medium,verified,GB,2021-06-16 00:00:00,CUSTOMER_ONBOARDING_SVC
CUST004983,Karan Ivanov,1996-10-29,25ca5f9b09a7,low,verified,NG,2018-02-27 00:00:00,CUSTOMER_ONBOARDING_SVC
CUST004984,Mei Patel,1985-11-24,d04135a30453,high,expired,CN,2020-10-25 00:00:00,CUSTOMER_ONBOARDING_SVC
CUST004985,Pooja Reddy,1979-08-11,dc4191562bad,high,verified,IN,2019-03-10 00:00:00,CUSTOMER_ONBOARDING_SVC
CUST004986,Meera Lopez,1970-06-17,d12d0f9e73ca,low,pending,CA,2024-09-04 00:00:00,CUSTOMER_ONBOARDING_SVC
CUST004987,Pooja Chen,1960-01-02,b90542fd333b,medium,pending,IN,2023-07-16 00:00:00,CUSTOMER_ONBOARDING_SVC
CUST004988,Priya Reddy,1986-04-22,0ad7af5a25a5,medium,pending,CN,2019-02-28 00:00:00,CUSTOMER_ONBOARDING_SVC
CUST004989,Rohan Tanaka,1992-06-28,5c9874bff0bc,low,verified,GB,2019-10-19 00:00:00,CUSTOMER_ONBOARDING_SVC
CUST004990,Isha Al-Sayed,1987-12-22,3bb1ccb84138,low,pending,RU,2022-06-18 00:00:00,CUSTOMER_ONBOARDING_SVC
CUST004991,Noah Lopez,2005-11-07,6a56be66978b,low,verified,IN,2021-05-29 00:00:00,CUSTOMER_ONBOARDING_SVC
CUST004992,Amelia Nair,2004-11-06,c7c77bb26453,low,verified,CA,2025-12-18 00:00:00,CUSTOMER_ONBOARDING_SVC
CUST004993,Amelia Johnson,1994-03-15,d2bd7871a1af,medium,verified,CA,2022-09-07 00:00:00,CUSTOMER_ONBOARDING_SVC
CUST004994,Noah Kumar,1991-07-02,d09ebda501d2,low,pending,NG,2022-02-05 00:00:00,CUSTOMER_ONBOARDING_SVC
CUST004995,Ava Singh,1988-07-23,5a32de8f9b46,high,verified,US,2024-07-27 00:00:00,CUSTOMER_ONBOARDING_SVC
CUST004996,Fatima Chen,1982-11-06,174cc5b9fd2a,medium,verified,IN,2019-11-10 00:00:00,CUSTOMER_ONBOARDING_SVC
CUST004997,Layla Patel,1990-08-27,e443d849aa22,low,pending,GB,2022-07-27 00:00:00,CUSTOMER_ONBOARDING_SVC
CUST004998,Sophia Patel,1964-03-03,bc90f18bafa9,low,pending,GB,2022-09-07 00:00:00,CUSTOMER_ONBOARDING_SVC
CUST004999,Mei Reddy,1985-01-08,97dae79cd570,low,verified,CN,2019-12-17 00:00:00,CUSTOMER_ONBOARDING_SVC
CUST005000,Liam Smith,1967-01-22,788dd7eaaf68,medium,verified,DE,2023-07-11 00:00:00,CUSTOMER_ONBOARDING_SVC
CUST005001,Lucia Smith,1997-04-13,8cc28a9fa0e6,low,verified,RU,2025-01-24 00:00:00,CUSTOMER_ONBOARDING_SVC
CUST005002,Sophia Anderson,1976-07-26,8d4d7ead0986,medium,verified,RU,2026-03-10 00:00:00,CUSTOMER_ONBOARDING_SVC
CUST005003,Liam Martinez,1960-12-20,db60e9f93083,medium,verified,RU,2022-11-10 00:00:00,CUSTOMER_ONBOARDING_SVC
CUST005004,Ava Gupta,2004-05-09,7a562da21684,medium,verified,CN,2026-01-09 00:00:00,CUSTOMER_ONBOARDING_SVC
CUST005005,Hassan Singh,1982-02-01,6f9679f0b16e,medium,pending,CA,2026-06-16 00:00:00,CUSTOMER_ONBOARDING_SVC
CUST005006,Amelia Mehta,1993-01-02,43c73a7427ad,medium,expired,AE,2018-04-15 00:00:00,CUSTOMER_ONBOARDING_SVC
CUST005007,Aarav Johnson,1983-11-28,1a2c28cb982d,medium,verified,AU,2024-10-14 00:00:00,CUSTOMER_ONBOARDING_SVC
CUST005008,Priya Zhang,1999-01-10,205a2c92cd36,medium,verified,SG,2022-02-12 00:00:00,CUSTOMER_ONBOARDING_SVC
CUST005009,Emma Reddy,1956-06-23,c18c6d681f93,,verified,US,2026-01-12 00:00:00,CUSTOMER_ONBOARDING_SVC
CUST005010,Fatima Reddy,1991-07-09,dc98f57d039d,low,expired,NG,2021-08-05 00:00:00,CUSTOMER_ONBOARDING_SVC
CUST005011,Rahul Zhang,1982-11-20,54d7d413d69a,low,verified,SG,2019-05-05 00:00:00,CUSTOMER_ONBOARDING_SVC
CUST005012,Lucia Sharma,1989-01-03,186fea3cbc7a,low,pending,CA,2025-05-16 00:00:00,CUSTOMER_ONBOARDING_SVC
CUST005013,Sophia Kumar,2003-08-16,5ef99f0190bf,medium,verified,CN,2020-12-11 00:00:00,CUSTOMER_ONBOARDING_SVC
CUST005014,Ivan Garcia,1969-05-13,b41ef4b10c00,medium,verified,NG,2023-06-08 00:00:00,CUSTOMER_ONBOARDING_SVC
CUST005015,Mason Lopez,1964-11-27,4953769150ef,medium,expired,AU,2022-03-15 00:00:00,CUSTOMER_ONBOARDING_SVC
CUST005016,Priya Wilson,1970-12-23,f4897ad0ed0b,,verified,AU,2023-07-31 00:00:00,CUSTOMER_ONBOARDING_SVC
CUST005017,Arjun Sharma,1978-03-22,e4e4967d236d,medium,pending,RU,2022-02-05 00:00:00,CUSTOMER_ONBOARDING_SVC
CUST005018,James Lopez,1972-06-19,78f36634bed4,low,pending,GB,2024-04-22 00:00:00,CUSTOMER_ONBOARDING_SVC
CUST005019,Emma Martinez,1976-10-11,155eda4985d8,medium,pending,US,2026-03-19 00:00:00,CUSTOMER_ONBOARDING_SVC
CUST005020,Omar Singh,1962-11-04,f70871e5cfd6,high,verified,AU,2019-05-07 00:00:00,CUSTOMER_ONBOARDING_SVC
CUST005021,Rohan Nair,1963-05-31,b59de36c48be,low,verified,AE,2020-12-25 00:00:00,CUSTOMER_ONBOARDING_SVC
CUST005022,Karan Gupta,2000-02-23,f7ce990c2128,medium,pending,CA,2023-06-11 00:00:00,CUSTOMER_ONBOARDING_SVC
CUST005023,Rahul Wilson,1972-03-22,d2bc5e42f2c8,low,verified,US,2025-07-28 00:00:00,CUSTOMER_ONBOARDING_SVC
CUST005024,Sneha Johnson,2001-07-26,5a77b44ba75b,high,verified,GB,2021-04-18 00:00:00,CUSTOMER_ONBOARDING_SVC
CUST005025,Hassan Kumar,1977-11-30,6d5fee3fd049,low,pending,DE,2024-07-28 00:00:00,CUSTOMER_ONBOARDING_SVC
CUST005026,Ava Lopez,1956-07-12,07418bb7216e,high,verified,RU,2018-03-02 00:00:00,CUSTOMER_ONBOARDING_SVC
CUST005027,Rahul Zhang,2003-05-16,821a32b081f3,low,verified,US,2025-04-30 00:00:00,CUSTOMER_ONBOARDING_SVC
CUST005028,Nikhil Patel,1997-06-08,424f309ec421,low,verified,SG,2024-06-08 00:00:00,CUSTOMER_ONBOARDING_SVC
CUST005029,Ethan Wilson,1975-11-15,da361d866285,medium,verified,US,2022-08-01 00:00:00,CUSTOMER_ONBOARDING_SVC
CUST005030,Meera Lopez,1992-07-16,c00a03167e76,low,verified,CA,2024-03-15 00:00:00,CUSTOMER_ONBOARDING_SVC
CUST005031,Sneha Davis,1958-11-28,6a8ca213cbe0,low,verified,CN,2023-10-07 00:00:00,CUSTOMER_ONBOARDING_SVC
CUST005032,Lucas Davis,1985-04-23,fd2f8ca78955,low,pending,GB,2025-06-28 00:00:00,CUSTOMER_ONBOARDING_SVC
CUST005033,Ava Patel,1964-01-04,7e5061b947f4,low,verified,AU,2019-03-06 00:00:00,CUSTOMER_ONBOARDING_SVC
CUST005034,Ivan Brown,1966-11-23,afc01009b3c8,low,expired,IN,2024-04-26 00:00:00,CUSTOMER_ONBOARDING_SVC
CUST005035,Emma Khan,1979-12-10,3bb5fc6c81ef,medium,pending,RU,2026-03-31 00:00:00,CUSTOMER_ONBOARDING_SVC
CUST005036,Sneha Johnson,1977-06-29,8dccfe545a88,low,verified,CA,2021-06-09 00:00:00,CUSTOMER_ONBOARDING_SVC
CUST005037,Aarav Smith,1984-03-17,344533d7a336,low,verified,DE,2019-02-18 00:00:00,CUSTOMER_ONBOARDING_SVC
CUST005038,Omar Singh,1983-07-19,73792bcc679a,low,verified,GB,2019-10-18 00:00:00,CUSTOMER_ONBOARDING_SVC
CUST005039,Mia Johnson,1983-07-13,e3f2bd303666,medium,expired,DE,2018-03-12 00:00:00,CUSTOMER_ONBOARDING_SVC
CUST005040,Hassan Johnson,1961-11-09,23e35531be75,medium,verified,CN,2020-08-31 00:00:00,CUSTOMER_ONBOARDING_SVC
CUST005041,Ava Smith,1974-08-18,272e3d395c46,low,pending,NG,2024-11-25 00:00:00,CUSTOMER_ONBOARDING_SVC
CUST005042,Diego Ivanov,1987-06-25,def1172c1438,low,verified,US,2020-10-26 00:00:00,CUSTOMER_ONBOARDING_SVC
CUST005043,Aarav Zhang,2002-04-14,2ace80f9a850,low,verified,AE,2025-08-06 00:00:00,CUSTOMER_ONBOARDING_SVC
CUST005044,Lucia Gupta,1994-11-18,1db95b266560,low,expired,IN,2021-05-03 00:00:00,CUSTOMER_ONBOARDING_SVC
CUST005045,Sneha Davis,1969-06-18,d68ac8d6c209,medium,expired,AE,2020-08-19 00:00:00,CUSTOMER_ONBOARDING_SVC
CUST005046,Pooja Mehta,1969-04-16,3550707b91e1,low,expired,SG,2019-02-02 00:00:00,CUSTOMER_ONBOARDING_SVC
CUST005047,Ethan Khan,1971-01-29,e6d3ffa7ae4f,low,verified,NG,2022-08-28 00:00:00,CUSTOMER_ONBOARDING_SVC
CUST005048,Sophia Kumar,2004-12-13,154cca8b47ed,low,expired,IN,2023-11-14 00:00:00,CUSTOMER_ONBOARDING_SVC
CUST005049,Ananya Wilson,1963-12-12,986a2014d912,medium,verified,US,2024-09-30 00:00:00,CUSTOMER_ONBOARDING_SVC
CUST005050,Riya Johnson,1955-03-09,60284d0ac2f0,low,verified,CN,2022-08-14 00:00:00,CUSTOMER_ONBOARDING_SVC
CUST005051,Noah Brown,1982-09-11,4ea393e25721,low,verified,AE,2020-03-11 00:00:00,CUSTOMER_ONBOARDING_SVC
CUST005052,Arjun Al-Sayed,1979-04-05,22ff0dad03af,medium,verified,IN,2018-07-26 00:00:00,CUSTOMER_ONBOARDING_SVC
CUST005053,Rahul Sharma,1962-04-09,71f4b44c5ef4,high,pending,RU,2025-08-20 00:00:00,CUSTOMER_ONBOARDING_SVC
CUST005054,Nikhil Sharma,2001-04-09,24bb0e7d5223,high,pending,AU,2025-05-08 00:00:00,CUSTOMER_ONBOARDING_SVC
CUST005055,Elena Ivanov,1998-08-06,d809335d81f4,low,verified,IN,2019-05-02 00:00:00,CUSTOMER_ONBOARDING_SVC
CUST005056,Ivan Davis,1962-01-03,fe1874831a9e,low,verified,RU,2018-07-24 00:00:00,CUSTOMER_ONBOARDING_SVC
CUST005057,Isha Tanaka,1980-03-17,8e45d3ca92fd,high,expired,CN,2021-04-06 00:00:00,CUSTOMER_ONBOARDING_SVC
CUST005058,Vikram Garcia,2003-06-26,bc0904118358,low,verified,CN,2020-05-12 00:00:00,CUSTOMER_ONBOARDING_SVC
CUST005059,Karan Davis,1987-02-22,f929f95ad8d4,low,expired,DE,2018-08-19 00:00:00,CUSTOMER_ONBOARDING_SVC
CUST005060,Meera Chen,1989-12-22,7b571411a8a1,low,verified,CA,2018-08-31 00:00:00,CUSTOMER_ONBOARDING_SVC
CUST005061,Ananya Sharma,1956-09-25,5fabe7dbedd7,medium,pending,IN,2020-06-02 00:00:00,CUSTOMER_ONBOARDING_SVC
CUST005062,Wei Al-Sayed,2004-03-23,35cd0fe2d643,medium,verified,AE,2021-01-11 00:00:00,CUSTOMER_ONBOARDING_SVC
CUST005063,Vikram Miller,1959-04-05,8d07ab3a4cbf,low,verified,AE,2019-12-24 00:00:00,CUSTOMER_ONBOARDING_SVC
CUST005064,Wei Gupta,1965-02-26,e9cb39f1c8b4,low,expired,SG,2019-01-18 00:00:00,CUSTOMER_ONBOARDING_SVC
CUST005065,Ananya Patel,1989-02-24,814c0f22f705,,pending,CN,2019-09-19 00:00:00,CUSTOMER_ONBOARDING_SVC
CUST005066,Hassan Ivanov,1986-06-09,8011bfaeeecc,low,expired,CN,2019-10-18 00:00:00,CUSTOMER_ONBOARDING_SVC
CUST005067,Emma Tanaka,1974-12-19,0f198571d4ba,medium,expired,DE,2018-11-11 00:00:00,CUSTOMER_ONBOARDING_SVC
CUST005068,Sneha Nair,1985-05-09,1b1c203e9ec3,low,verified,DE,2020-07-11 00:00:00,CUSTOMER_ONBOARDING_SVC
CUST005069,James Davis,1995-07-17,3bdf99bded5a,high,verified,DE,2022-04-22 00:00:00,CUSTOMER_ONBOARDING_SVC
CUST005070,Olivia Al-Sayed,1956-01-24,68fce9a8fc65,low,verified,CA,2021-02-10 00:00:00,CUSTOMER_ONBOARDING_SVC
CUST005071,Rahul Garcia,1993-04-15,177f6bb0c576,low,verified,RU,2020-12-03 00:00:00,CUSTOMER_ONBOARDING_SVC
CUST005072,Wei Singh,1990-09-20,f0465653ca0e,high,verified,RU,2018-06-13 00:00:00,CUSTOMER_ONBOARDING_SVC
CUST005073,Nikhil Singh,1993-06-01,6f7f73f849c0,low,verified,US,2018-07-10 00:00:00,CUSTOMER_ONBOARDING_SVC
CUST005074,Sophia Reddy,1963-08-08,27a760ddaaf8,high,verified,,2026-04-28 00:00:00,CUSTOMER_ONBOARDING_SVC
CUST005075,James Nair,1996-09-29,603a1fbb997b,low,expired,AU,2024-11-07 00:00:00,CUSTOMER_ONBOARDING_SVC
CUST005076,Ava Wilson,1986-08-09,6b8e1fd7324b,high,verified,SG,2023-08-21 00:00:00,CUSTOMER_ONBOARDING_SVC
CUST005077,Mei Chen,2005-09-13,c6e15514879a,medium,verified,RU,2025-12-23 00:00:00,CUSTOMER_ONBOARDING_SVC
CUST005078,Sneha Ivanov,1974-02-09,09aaf9d326a5,medium,verified,GB,2022-04-25 00:00:00,CUSTOMER_ONBOARDING_SVC
CUST005079,Yuki Khan,1984-05-29,3bfff2a671c3,high,pending,NG,2018-09-10 00:00:00,CUSTOMER_ONBOARDING_SVC
CUST005080,Isha Brown,1960-02-02,d520502f760d,low,verified,AE,2023-09-27 00:00:00,CUSTOMER_ONBOARDING_SVC
CUST005081,Chen Smith,1964-09-19,006027109a6f,medium,verified,SG,2019-03-17 00:00:00,CUSTOMER_ONBOARDING_SVC
CUST005082,Vikram Al-Sayed,2005-06-25,28b1a8aa715b,medium,verified,AU,2024-12-01 00:00:00,CUSTOMER_ONBOARDING_SVC
CUST005083,Aarav Ivanov,1988-01-11,47ee5f2120a5,high,pending,CN,2024-11-13 00:00:00,CUSTOMER_ONBOARDING_SVC
CUST005084,Ethan Chen,1987-11-09,078b38d37286,low,verified,IN,2020-04-15 00:00:00,CUSTOMER_ONBOARDING_SVC
CUST005085,Priya Singh,1982-12-20,d7c311a00c03,low,verified,GB,2022-07-27 00:00:00,CUSTOMER_ONBOARDING_SVC
CUST005086,Liam Singh,1960-02-23,fb256365bee9,medium,pending,AU,2020-05-15 00:00:00,CUSTOMER_ONBOARDING_SVC
CUST005087,Nikhil Gupta,1978-11-17,6d872219d8cb,low,verified,NG,2018-06-13 00:00:00,CUSTOMER_ONBOARDING_SVC
CUST005088,Yuki Sharma,1996-04-05,99554ed32ce7,medium,verified,RU,2019-02-20 00:00:00,CUSTOMER_ONBOARDING_SVC
CUST005089,Nikhil Tanaka,1964-06-21,6e1669a87296,medium,verified,AE,2022-09-01 00:00:00,CUSTOMER_ONBOARDING_SVC
CUST005090,Sneha Singh,1956-06-15,6609304dd999,high,expired,IN,2022-06-26 00:00:00,CUSTOMER_ONBOARDING_SVC
CUST005091,Chen Zhang,1959-12-09,e917094283a6,medium,verified,CA,2018-09-16 00:00:00,CUSTOMER_ONBOARDING_SVC
CUST005092,Vikram Anderson,1988-11-26,e4cddf463c91,low,expired,IN,2019-01-20 00:00:00,CUSTOMER_ONBOARDING_SVC
CUST005093,Yuki Patel,1963-12-29,7903c959f7ca,low,verified,IN,2018-01-26 00:00:00,CUSTOMER_ONBOARDING_SVC
CUST005094,Pooja Lopez,1983-08-02,85e5e59f005b,high,verified,IN,2019-01-28 00:00:00,CUSTOMER_ONBOARDING_SVC
CUST005095,Layla Singh,2005-10-21,fbb0c563c5de,low,expired,DE,2020-03-13 00:00:00,CUSTOMER_ONBOARDING_SVC
CUST005096,Omar Tanaka,1958-07-23,d3073eaa2ae8,low,expired,US,2019-03-27 00:00:00,CUSTOMER_ONBOARDING_SVC
CUST005097,Amelia Mehta,2005-02-12,66a301c44b35,high,verified,CN,2019-09-06 00:00:00,CUSTOMER_ONBOARDING_SVC
CUST005098,Ivan Brown,1989-08-23,8d79164230ef,medium,pending,NG,2019-05-13 00:00:00,CUSTOMER_ONBOARDING_SVC
CUST005099,Meera Brown,1982-01-16,5fb7852474b5,medium,verified,GB,2024-09-03 00:00:00,CUSTOMER_ONBOARDING_SVC
CUST005100,Rohan Zhang,2001-06-30,40c0d77eb9c7,low,verified,US,2025-06-10 00:00:00,CUSTOMER_ONBOARDING_SVC
CUST005101,Lucia Garcia,1984-06-27,7c14dec8757b,low,verified,RU,2018-01-09 00:00:00,CUSTOMER_ONBOARDING_SVC
CUST005102,Riya Garcia,1975-05-19,2f34c5be1bbc,high,pending,CN,2019-04-18 00:00:00,CUSTOMER_ONBOARDING_SVC
CUST005103,Aditya Gupta,1968-11-12,9b08e3391add,medium,verified,IN,2018-03-10 00:00:00,CUSTOMER_ONBOARDING_SVC
CUST005104,Karan Wilson,1995-05-03,efb06134dadf,high,pending,DE,2022-10-09 00:00:00,CUSTOMER_ONBOARDING_SVC
CUST005105,Yuki Anderson,1999-10-08,08dc59021743,medium,verified,IN,2020-03-10 00:00:00,CUSTOMER_ONBOARDING_SVC
CUST005106,Rahul Zhang,1989-09-10,6fdb19164d1f,medium,pending,RU,2022-09-06 00:00:00,CUSTOMER_ONBOARDING_SVC
CUST005107,Rohan Zhang,1993-12-13,d5e4fb412e1c,low,expired,RU,2025-04-19 00:00:00,CUSTOMER_ONBOARDING_SVC
CUST005108,Yuki Kumar,1981-09-19,0524993b0eb9,low,verified,DE,2024-09-04 00:00:00,CUSTOMER_ONBOARDING_SVC
CUST005109,Olivia Davis,1996-12-19,c11fa09b8275,high,verified,SG,2023-03-07 00:00:00,CUSTOMER_ONBOARDING_SVC
CUST005110,Aditya Smith,1996-10-08,0778b58222d2,high,expired,CN,2023-08-19 00:00:00,CUSTOMER_ONBOARDING_SVC
CUST005111,Pooja Gupta,1997-01-09,744a5aff1b59,medium,verified,CN,2022-03-27 00:00:00,CUSTOMER_ONBOARDING_SVC
CUST005112,Olivia Lopez,1993-06-06,f2f3ccf4f1b0,low,verified,GB,2025-09-21 00:00:00,CUSTOMER_ONBOARDING_SVC
CUST005113,Priya Gupta,1963-12-25,66ffc8147e81,low,pending,AU,2021-05-14 00:00:00,CUSTOMER_ONBOARDING_SVC
CUST005114,Ethan Nair,2004-08-16,22d72a647df6,low,verified,NG,2019-12-07 00:00:00,CUSTOMER_ONBOARDING_SVC
CUST005115,Pooja Garcia,1992-06-06,72fcb28dec3e,low,verified,DE,2023-10-10 00:00:00,CUSTOMER_ONBOARDING_SVC
CUST005116,Sophia Tanaka,1988-01-25,ad6ae22287dd,medium,verified,AU,2021-05-27 00:00:00,CUSTOMER_ONBOARDING_SVC
CUST005117,Mei Anderson,1965-02-21,9dd9c4d9fc44,low,pending,IN,2020-04-06 00:00:00,CUSTOMER_ONBOARDING_SVC
CUST005118,Lucia Tanaka,1963-11-28,37339b426ae5,low,verified,IN,2021-06-26 00:00:00,CUSTOMER_ONBOARDING_SVC
CUST005119,Lucas Gupta,1961-03-15,f60a4ce46e61,low,expired,AE,2021-12-19 00:00:00,CUSTOMER_ONBOARDING_SVC
CUST005120,Mia Brown,1960-10-04,d6fa8c0c646e,low,expired,IN,2022-03-22 00:00:00,CUSTOMER_ONBOARDING_SVC
CUST005121,Chen Gupta,1988-04-02,a9d998bd4589,low,expired,US,2018-09-21 00:00:00,CUSTOMER_ONBOARDING_SVC
CUST005122,James Johnson,1956-05-10,e9a83d0168dc,low,pending,AE,2018-05-26 00:00:00,CUSTOMER_ONBOARDING_SVC
CUST005123,Mia Martinez,1968-02-07,56f87cb21eca,high,pending,GB,2023-01-03 00:00:00,CUSTOMER_ONBOARDING_SVC
CUST005124,Lucas Nair,1990-04-23,6eba46bdc88e,medium,verified,CN,2022-12-29 00:00:00,CUSTOMER_ONBOARDING_SVC
CUST005125,Sneha Chen,1975-07-08,c3928dc2d362,medium,pending,SG,2024-09-10 00:00:00,CUSTOMER_ONBOARDING_SVC
CUST005126,Isha Davis,1967-01-09,357915a1697c,low,verified,GB,2024-08-21 00:00:00,CUSTOMER_ONBOARDING_SVC
CUST005127,Divya Johnson,2000-05-31,d088671c1dd0,low,expired,AE,2026-03-25 00:00:00,CUSTOMER_ONBOARDING_SVC
CUST005128,Arjun Zhang,1983-01-29,d149c2e9b5fa,low,verified,NG,2021-06-26 00:00:00,CUSTOMER_ONBOARDING_SVC
CUST005129,Ivan Johnson,1985-02-23,545464d3ae88,medium,expired,CA,2019-07-02 00:00:00,CUSTOMER_ONBOARDING_SVC
CUST005130,Chen Chen,2004-11-13,8621b84be950,medium,verified,RU,2024-08-12 00:00:00,CUSTOMER_ONBOARDING_SVC
CUST005131,Priya Ivanov,1980-01-30,d36548d65ea6,,verified,AU,2019-09-13 00:00:00,CUSTOMER_ONBOARDING_SVC
CUST005132,Divya Tanaka,2002-04-04,07c9dc70d855,low,verified,CA,2021-08-10 00:00:00,CUSTOMER_ONBOARDING_SVC
CUST005133,Diego Zhang,2004-01-08,03063cf6db36,medium,verified,RU,2022-04-07 00:00:00,CUSTOMER_ONBOARDING_SVC
CUST005134,Riya Martinez,1976-08-22,f6aca7ea3ee4,low,verified,SG,2026-03-14 00:00:00,CUSTOMER_ONBOARDING_SVC
CUST005135,Ethan Nair,1985-01-09,19c3726ea65e,low,verified,RU,2025-05-22 00:00:00,CUSTOMER_ONBOARDING_SVC
CUST005136,Pooja Kumar,1987-03-11,a77716c4cbfa,low,verified,CN,2019-10-10 00:00:00,CUSTOMER_ONBOARDING_SVC
CUST005137,Karan Ivanov,1960-08-10,856438e78971,low,verified,US,2022-12-28 00:00:00,CUSTOMER_ONBOARDING_SVC
CUST005138,Meera Johnson,1970-10-27,697e8abd5759,low,verified,RU,2019-05-25 00:00:00,CUSTOMER_ONBOARDING_SVC
CUST005139,Hassan Tanaka,1996-01-20,e6aff693cd74,low,verified,US,2018-10-08 00:00:00,CUSTOMER_ONBOARDING_SVC
CUST005140,Fatima Khan,1962-07-09,cfb07d139491,low,verified,RU,2018-08-20 00:00:00,CUSTOMER_ONBOARDING_SVC
CUST005141,Rohan Ivanov,1974-02-07,ca8cd3a2edf8,medium,verified,CA,2024-11-07 00:00:00,CUSTOMER_ONBOARDING_SVC
CUST005142,Meera Sharma,1967-09-01,803d94802d40,medium,expired,AU,2024-02-29 00:00:00,CUSTOMER_ONBOARDING_SVC
CUST005143,Wei Tanaka,1964-03-25,a0ff8e53a8a0,low,pending,SG,2021-07-12 00:00:00,CUSTOMER_ONBOARDING_SVC
CUST005144,Ethan Patel,1988-09-08,0d63f075a2e1,medium,verified,DE,2024-11-27 00:00:00,CUSTOMER_ONBOARDING_SVC
CUST005145,Mia Wilson,2005-09-21,f289b5f8947f,low,verified,SG,2021-02-01 00:00:00,CUSTOMER_ONBOARDING_SVC
CUST005146,Ananya Singh,1989-03-24,d4cf2ddbe69a,high,expired,SG,2026-06-27 00:00:00,CUSTOMER_ONBOARDING_SVC
CUST005147,Arjun Kumar,1958-09-14,e8e7d65afa96,high,verified,NG,2022-05-30 00:00:00,CUSTOMER_ONBOARDING_SVC
CUST005148,Sophia Ivanov,2004-04-30,240790846019,low,verified,US,2021-08-25 00:00:00,CUSTOMER_ONBOARDING_SVC
CUST005149,Aditya Zhang,1994-06-29,da90b6a1560b,low,expired,IN,2026-03-29 00:00:00,CUSTOMER_ONBOARDING_SVC
CUST005150,Liam Khan,1979-04-23,f08a2749ec28,,verified,SG,2021-06-15 00:00:00,CUSTOMER_ONBOARDING_SVC
CUST005151,Diego Ivanov,1997-01-24,d1a11622adb3,low,verified,CA,2021-04-06 00:00:00,CUSTOMER_ONBOARDING_SVC
CUST005152,Karan Wilson,1963-09-17,95940b869aae,low,verified,AE,2022-07-03 00:00:00,CUSTOMER_ONBOARDING_SVC
CUST005153,Riya Zhang,1972-08-29,b2662159760f,low,pending,DE,2018-06-12 00:00:00,CUSTOMER_ONBOARDING_SVC
CUST005154,Sneha Chen,1971-10-06,108c5df33dfa,low,pending,IN,2021-10-10 00:00:00,CUSTOMER_ONBOARDING_SVC
CUST005155,Elena Al-Sayed,1987-01-15,3db537d09315,medium,verified,AU,2018-03-20 00:00:00,CUSTOMER_ONBOARDING_SVC
CUST005156,Mei Davis,1986-01-20,1d292aa56601,low,verified,SG,2026-03-31 00:00:00,CUSTOMER_ONBOARDING_SVC
CUST005157,James Singh,1979-05-28,ef99a57ff815,high,verified,CN,2018-02-27 00:00:00,CUSTOMER_ONBOARDING_SVC
CUST005158,Noah Martinez,1959-06-30,390f3a1b4fcc,low,verified,,2018-01-30 00:00:00,CUSTOMER_ONBOARDING_SVC
CUST005159,Karan Miller,1974-06-11,19d385863928,medium,verified,AU,2023-12-16 00:00:00,CUSTOMER_ONBOARDING_SVC
CUST005160,Wei Singh,1963-07-13,78aec3464292,medium,expired,RU,2023-09-04 00:00:00,CUSTOMER_ONBOARDING_SVC
CUST005161,Layla Tanaka,1966-07-15,1fdb8b62a2b6,,verified,RU,2019-01-30 00:00:00,CUSTOMER_ONBOARDING_SVC
CUST005162,Sophia Chen,1955-09-18,0ada7c9b6a2a,medium,verified,DE,2019-02-25 00:00:00,CUSTOMER_ONBOARDING_SVC
CUST005163,Arjun Gupta,1966-10-08,2d48b5fccd72,medium,verified,DE,2021-06-08 00:00:00,CUSTOMER_ONBOARDING_SVC
CUST005164,Karan Miller,1985-03-26,0be2184e420f,low,pending,DE,2026-05-28 00:00:00,CUSTOMER_ONBOARDING_SVC
CUST005165,Lucia Johnson,1977-01-25,f703845ba3c8,low,verified,RU,2019-04-19 00:00:00,CUSTOMER_ONBOARDING_SVC
CUST005166,Amelia Reddy,1985-09-29,071598d517d8,low,pending,SG,2024-12-01 00:00:00,CUSTOMER_ONBOARDING_SVC
CUST005167,Arjun Brown,1993-01-10,07b51ca5d6cf,low,verified,DE,2025-01-08 00:00:00,CUSTOMER_ONBOARDING_SVC
CUST005168,Ava Smith,1972-06-06,446f330e387b,low,expired,NG,2022-08-21 00:00:00,CUSTOMER_ONBOARDING_SVC
CUST005169,Nikhil Brown,1971-11-07,c45e04f2114b,,pending,IN,2020-04-06 00:00:00,CUSTOMER_ONBOARDING_SVC
CUST005170,Fatima Chen,1994-12-31,121df8390be6,high,verified,SG,2021-05-20 00:00:00,CUSTOMER_ONBOARDING_SVC
CUST005171,Divya Wilson,1974-07-12,3c85d99b0a9e,medium,verified,CA,2024-11-23 00:00:00,CUSTOMER_ONBOARDING_SVC
CUST005172,Layla Tanaka,1980-01-28,d550c6f88799,low,verified,CA,2018-06-13 00:00:00,CUSTOMER_ONBOARDING_SVC
CUST005173,Lucas Garcia,2003-12-08,52b4e80f9ed0,high,pending,IN,2025-11-26 00:00:00,CUSTOMER_ONBOARDING_SVC
CUST005174,Nikhil Anderson,1978-11-28,130709ed6acc,medium,pending,CA,2021-04-15 00:00:00,CUSTOMER_ONBOARDING_SVC
CUST005175,Omar Zhang,1977-05-01,ade32af7851a,low,verified,AU,2020-12-15 00:00:00,CUSTOMER_ONBOARDING_SVC
CUST005176,Mei Chen,1989-04-23,f0dbc776165a,medium,verified,DE,2022-02-10 00:00:00,CUSTOMER_ONBOARDING_SVC
CUST005177,Sneha Mehta,1975-11-30,bd807a3587ce,medium,pending,RU,2020-05-26 00:00:00,CUSTOMER_ONBOARDING_SVC
CUST005178,Rahul Ivanov,2005-02-13,29cbee0654e8,low,expired,AU,2020-10-28 00:00:00,CUSTOMER_ONBOARDING_SVC
CUST005179,Isha Zhang,1956-02-06,5ce5f37969bc,high,verified,IN,2020-06-11 00:00:00,CUSTOMER_ONBOARDING_SVC
CUST005180,Isha Tanaka,1965-03-03,49453e8a036e,low,verified,AU,2023-06-13 00:00:00,CUSTOMER_ONBOARDING_SVC
CUST005181,Amelia Miller,1980-04-01,89ec0e3f3367,high,verified,DE,2022-11-20 00:00:00,CUSTOMER_ONBOARDING_SVC
CUST005182,Fatima Tanaka,1996-11-23,24ee2382777b,medium,expired,AU,2023-11-25 00:00:00,CUSTOMER_ONBOARDING_SVC
CUST005183,Yuki Lopez,1996-09-27,37248411f171,medium,pending,SG,2025-11-09 00:00:00,CUSTOMER_ONBOARDING_SVC
CUST005184,Chen Johnson,1961-01-05,75d17aac15b1,medium,verified,DE,2025-04-05 00:00:00,CUSTOMER_ONBOARDING_SVC
CUST005185,Nikhil Al-Sayed,1986-10-16,d15ff107ab44,low,expired,RU,2019-01-30 00:00:00,CUSTOMER_ONBOARDING_SVC
CUST005186,Pooja Gupta,2001-05-11,23a32ec082e1,medium,expired,CA,2022-06-18 00:00:00,CUSTOMER_ONBOARDING_SVC
CUST005187,Omar Johnson,1956-08-04,cce92c03e5e9,low,verified,CN,2018-03-27 00:00:00,CUSTOMER_ONBOARDING_SVC
CUST005188,Sneha Brown,1978-06-18,5b81c38d90a4,low,verified,CN,2019-01-20 00:00:00,CUSTOMER_ONBOARDING_SVC
CUST005189,Karan Mehta,1985-04-05,09d831d4bab0,medium,verified,AE,2019-12-30 00:00:00,CUSTOMER_ONBOARDING_SVC
CUST005190,Elena Davis,1957-09-19,ae4bc544a7bd,low,expired,US,2024-01-21 00:00:00,CUSTOMER_ONBOARDING_SVC
CUST005191,Noah Nair,1993-01-19,102f6b504b36,medium,pending,NG,2024-02-02 00:00:00,CUSTOMER_ONBOARDING_SVC
CUST005192,Lucas Gupta,1972-08-06,b0c3c19f63e8,low,verified,US,2021-10-05 00:00:00,CUSTOMER_ONBOARDING_SVC
CUST005193,Divya Garcia,2000-12-10,3054ea55de91,low,verified,AE,2025-01-11 00:00:00,CUSTOMER_ONBOARDING_SVC
CUST005194,Sophia Mehta,1970-12-28,5be064ea3ec2,low,expired,US,2018-07-26 00:00:00,CUSTOMER_ONBOARDING_SVC
CUST005195,Priya Reddy,1964-04-30,b5e96debe839,medium,verified,GB,2025-08-06 00:00:00,CUSTOMER_ONBOARDING_SVC
CUST005196,Yuki Ivanov,1974-07-14,e0d56006ce52,low,verified,AE,2018-11-14 00:00:00,CUSTOMER_ONBOARDING_SVC
CUST005197,Diego Kumar,1998-04-10,238aa6f22450,low,verified,NG,2022-05-31 00:00:00,CUSTOMER_ONBOARDING_SVC
CUST005198,Liam Ivanov,1970-12-09,eb3bc1c42bde,low,verified,CN,2019-02-08 00:00:00,CUSTOMER_ONBOARDING_SVC
CUST005199,Ananya Zhang,1962-10-18,1a19fb42ef77,low,verified,SG,2023-05-21 00:00:00,CUSTOMER_ONBOARDING_SVC
CUST005200,Nikhil Gupta,1960-06-01,a58b8fe35d97,high,verified,GB,2025-06-06 00:00:00,CUSTOMER_ONBOARDING_SVC
CUST005201,Noah Singh,1990-07-25,c81f690b0067,low,pending,RU,2022-05-26 00:00:00,CUSTOMER_ONBOARDING_SVC
CUST005202,Layla Zhang,2000-07-10,0eea4ef28750,low,verified,DE,2022-11-21 00:00:00,CUSTOMER_ONBOARDING_SVC
CUST005203,Lucia Kumar,1960-11-27,4c25f56aba9a,medium,expired,CN,2024-06-14 00:00:00,CUSTOMER_ONBOARDING_SVC
CUST005204,Ananya Tanaka,1997-11-28,d0baa7c93533,high,,DE,2018-01-05 00:00:00,CUSTOMER_ONBOARDING_SVC
CUST005205,Amelia Reddy,1982-06-17,c65a49a6bfe5,low,pending,GB,2021-10-11 00:00:00,CUSTOMER_ONBOARDING_SVC
CUST005205,Amelia Reddy,1982-06-17,c65a49a6bfe5,low,pending,GB,2021-10-11 00:02:00,CUSTOMER_ONBOARDING_SVC
CUST005206,Nikhil Lopez,1999-08-02,b9e4468e602b,high,verified,NG,2023-08-13 00:00:00,CUSTOMER_ONBOARDING_SVC
CUST005207,Ava Martinez,1962-11-13,7bbc24e0d95f,medium,pending,GB,2025-05-21 00:00:00,CUSTOMER_ONBOARDING_SVC
CUST005208,Fatima Tanaka,1972-05-08,62ec9d16b190,low,verified,GB,2025-11-02 00:00:00,CUSTOMER_ONBOARDING_SVC
CUST005209,Mia Wilson,1957-04-19,de29f8e286bb,high,verified,CA,2025-04-08 00:00:00,CUSTOMER_ONBOARDING_SVC
CUST005210,Layla Garcia,1984-05-25,426cebc697d7,high,pending,GB,2023-06-06 00:00:00,CUSTOMER_ONBOARDING_SVC
CUST005211,Mason Johnson,1956-08-14,123507ec1e1b,low,verified,AE,2023-09-01 00:00:00,CUSTOMER_ONBOARDING_SVC
CUST005212,James Singh,1969-09-05,a400807f5547,medium,verified,CN,2022-09-23 00:00:00,CUSTOMER_ONBOARDING_SVC
CUST005213,Elena Smith,1988-03-07,87d895fbbf27,high,pending,SG,2026-04-16 00:00:00,CUSTOMER_ONBOARDING_SVC
CUST005214,Amelia Davis,1968-01-20,a13dd0e505d1,low,,CN,2025-05-17 00:00:00,CUSTOMER_ONBOARDING_SVC
CUST005215,Fatima Patel,1961-04-21,f4880f1e8520,low,verified,CA,2018-09-07 00:00:00,CUSTOMER_ONBOARDING_SVC
CUST005216,Amelia Smith,1996-04-02,15be4914af4d,medium,verified,US,2025-05-07 00:00:00,CUSTOMER_ONBOARDING_SVC
CUST005217,Nikhil Lopez,1977-01-18,1237f6426a01,low,verified,AE,2023-09-02 00:00:00,CUSTOMER_ONBOARDING_SVC
CUST005218,Mia Wilson,2002-06-27,e93bf586803c,low,expired,RU,2019-09-05 00:00:00,CUSTOMER_ONBOARDING_SVC
CUST005219,Layla Kumar,1986-04-10,5458870e94f5,high,verified,DE,2020-01-10 00:00:00,CUSTOMER_ONBOARDING_SVC
CUST005220,Mei Mehta,2003-10-02,862c07999aae,low,verified,CA,2023-07-03 00:00:00,CUSTOMER_ONBOARDING_SVC
CUST005221,Omar Smith,1991-03-27,95b048229361,high,verified,RU,2018-05-05 00:00:00,CUSTOMER_ONBOARDING_SVC
CUST005222,Mei Ivanov,1960-02-28,b27b0ccce20f,medium,pending,SG,2024-01-26 00:00:00,CUSTOMER_ONBOARDING_SVC
CUST005223,Isha Anderson,1960-01-28,8012c2c6f9ca,medium,pending,US,2023-01-16 00:00:00,CUSTOMER_ONBOARDING_SVC
CUST005224,Mason Chen,1975-07-16,58d1855cd72f,medium,pending,AU,2025-11-12 00:00:00,CUSTOMER_ONBOARDING_SVC
CUST005225,Elena Chen,1993-08-05,f2d5d1c29dcf,medium,expired,GB,2023-08-16 00:00:00,CUSTOMER_ONBOARDING_SVC
CUST005226,Rahul Khan,1969-02-27,e02bc8ec264a,low,pending,DE,2020-11-15 00:00:00,CUSTOMER_ONBOARDING_SVC
CUST005227,Hassan Zhang,1999-09-08,95cf992f57f5,medium,verified,CA,2020-02-09 00:00:00,CUSTOMER_ONBOARDING_SVC
CUST005228,Layla Davis,1962-04-10,5410bd739993,low,expired,DE,2020-05-16 00:00:00,CUSTOMER_ONBOARDING_SVC
CUST005229,Isha Smith,1991-02-25,2ad8f1922ce2,medium,expired,CA,2020-04-15 00:00:00,CUSTOMER_ONBOARDING_SVC
CUST005230,Omar Brown,1956-01-04,4758c8b6a65f,low,expired,IN,2023-03-20 00:00:00,CUSTOMER_ONBOARDING_SVC
CUST005231,Ethan Wilson,1957-06-04,0c7859064414,medium,expired,IN,2024-06-29 00:00:00,CUSTOMER_ONBOARDING_SVC
CUST005232,Elena Reddy,1983-01-30,c8cfb18d7e0d,low,verified,GB,2025-09-27 00:00:00,CUSTOMER_ONBOARDING_SVC
CUST005233,Lucia Ivanov,1985-12-05,65d13cabe844,medium,pending,AE,2026-01-31 00:00:00,CUSTOMER_ONBOARDING_SVC
CUST005234,Riya Miller,2005-09-19,b31e05df0f9d,low,verified,GB,2022-05-24 00:00:00,CUSTOMER_ONBOARDING_SVC
CUST005235,Lucia Gupta,1969-06-01,91a6262badd6,high,pending,CN,2019-08-03 00:00:00,CUSTOMER_ONBOARDING_SVC
CUST005236,Noah Mehta,1958-01-23,10ee362af034,,pending,AE,2018-02-12 00:00:00,CUSTOMER_ONBOARDING_SVC
CUST005237,Wei Davis,1997-03-14,6b1b1f070bae,medium,expired,RU,2025-10-09 00:00:00,CUSTOMER_ONBOARDING_SVC
CUST005238,James Garcia,2004-09-16,7108c1dc25d1,high,expired,AE,2022-03-26 00:00:00,CUSTOMER_ONBOARDING_SVC
CUST005239,Vikram Gupta,1999-09-04,5ba7d58ad06c,,verified,IN,2021-11-01 00:00:00,CUSTOMER_ONBOARDING_SVC
CUST005240,Ananya Garcia,2002-07-11,b399bd69b325,medium,verified,SG,2021-11-19 00:00:00,CUSTOMER_ONBOARDING_SVC
CUST005241,James Smith,1986-12-06,9e3543e92308,low,verified,SG,2022-11-22 00:00:00,CUSTOMER_ONBOARDING_SVC
CUST005242,Mei Johnson,1962-07-12,d0dfdb1069c1,medium,expired,GB,2020-02-16 00:00:00,CUSTOMER_ONBOARDING_SVC
CUST005243,Chen Nair,1959-08-25,ffe24f35a736,medium,verified,AE,2020-09-03 00:00:00,CUSTOMER_ONBOARDING_SVC
CUST005244,Aarav Garcia,1994-01-21,7771ee18dbc5,,verified,AU,2024-09-14 00:00:00,CUSTOMER_ONBOARDING_SVC
CUST005245,Divya Al-Sayed,1967-07-30,1e9b24df98d4,medium,verified,US,2023-10-27 00:00:00,CUSTOMER_ONBOARDING_SVC
CUST005246,Aditya Sharma,1988-09-16,5bc14b9f767f,medium,verified,AU,2024-06-25 00:00:00,CUSTOMER_ONBOARDING_SVC
CUST005247,Diego Wilson,2005-09-12,34ed4ffdba09,low,expired,,2022-06-13 00:00:00,CUSTOMER_ONBOARDING_SVC
CUST005248,Hassan Johnson,1987-05-09,ae316503701f,low,expired,IN,2019-08-15 00:00:00,CUSTOMER_ONBOARDING_SVC
CUST005249,Aditya Ivanov,1963-08-11,80e8ce9e14bd,high,pending,US,2019-09-06 00:00:00,CUSTOMER_ONBOARDING_SVC
CUST005250,Omar Martinez,1984-03-29,af6e8f9517fa,medium,expired,DE,2020-12-15 00:00:00,CUSTOMER_ONBOARDING_SVC
CUST005251,Riya Anderson,1986-09-08,9c373b78a0ed,medium,verified,DE,2021-06-14 00:00:00,CUSTOMER_ONBOARDING_SVC
CUST005252,Sneha Khan,1977-09-28,d476b77a7ea2,medium,verified,SG,2023-09-22 00:00:00,CUSTOMER_ONBOARDING_SVC
CUST005253,Priya Ivanov,1988-05-01,645ee6cfc53d,low,expired,IN,2022-05-27 00:00:00,CUSTOMER_ONBOARDING_SVC
CUST005254,Sophia Sharma,1967-06-06,9dc0a3148601,high,verified,US,2025-07-18 00:00:00,CUSTOMER_ONBOARDING_SVC
CUST005255,Lucas Davis,1987-04-22,e0ee3f2528cf,,expired,IN,2018-04-30 00:00:00,CUSTOMER_ONBOARDING_SVC
CUST005256,Lucia Davis,1998-06-26,a8a32e112057,medium,verified,SG,2024-01-12 00:00:00,CUSTOMER_ONBOARDING_SVC
CUST005257,Karan Lopez,1998-09-26,31b8f3746e4e,low,pending,GB,2020-12-27 00:00:00,CUSTOMER_ONBOARDING_SVC
CUST005258,Noah Gupta,2005-10-28,665ce2d3abd3,medium,verified,US,2026-03-17 00:00:00,CUSTOMER_ONBOARDING_SVC
CUST005259,Emma Tanaka,1982-09-04,4122b2b67c05,low,verified,US,2020-02-07 00:00:00,CUSTOMER_ONBOARDING_SVC
CUST005260,Arjun Davis,1992-05-14,75c7ccd4841b,low,verified,AU,2025-07-22 00:00:00,CUSTOMER_ONBOARDING_SVC
CUST005261,Nikhil Mehta,2003-03-14,57da4abcc344,low,verified,IN,2020-09-23 00:00:00,CUSTOMER_ONBOARDING_SVC
CUST005262,Aarav Nair,1989-08-14,f6f92c73714d,low,verified,GB,2020-06-07 00:00:00,CUSTOMER_ONBOARDING_SVC
CUST005263,Noah Miller,1990-03-25,76bdb0f7e060,medium,verified,NG,2022-08-23 00:00:00,CUSTOMER_ONBOARDING_SVC
CUST005264,Sneha Zhang,2004-11-23,b08ab33f3cbc,high,verified,SG,2024-06-16 00:00:00,CUSTOMER_ONBOARDING_SVC
CUST005265,Wei Garcia,1963-04-21,aa97903affdc,low,verified,IN,2021-07-10 00:00:00,CUSTOMER_ONBOARDING_SVC
CUST005266,Lucia Anderson,2005-03-23,c49ed5d5ab1f,low,pending,US,2025-02-16 00:00:00,CUSTOMER_ONBOARDING_SVC
CUST005267,Karan Johnson,2001-08-13,8dce84dd7962,low,verified,NG,2019-04-14 00:00:00,CUSTOMER_ONBOARDING_SVC
CUST005268,Chen Brown,1964-11-30,eb5961de516a,,verified,GB,2023-02-04 00:00:00,CUSTOMER_ONBOARDING_SVC
CUST005269,Meera Miller,1993-06-01,aad446c19021,medium,verified,DE,2024-01-06 00:00:00,CUSTOMER_ONBOARDING_SVC
CUST005270,Mia Mehta,1999-07-11,70ed3d892d66,medium,verified,CA,2022-10-10 00:00:00,CUSTOMER_ONBOARDING_SVC
CUST005271,Nikhil Smith,1966-11-29,6d3882c60b93,medium,verified,GB,2020-08-12 00:00:00,CUSTOMER_ONBOARDING_SVC
CUST005272,Fatima Johnson,1964-08-30,e09a9476a3ae,high,pending,RU,2023-11-27 00:00:00,CUSTOMER_ONBOARDING_SVC
CUST005273,Mia Nair,2003-03-22,d642c3a71f1d,high,verified,SG,2018-09-02 00:00:00,CUSTOMER_ONBOARDING_SVC
CUST005274,Aditya Singh,1972-09-02,505a069dd345,medium,verified,AU,2021-11-16 00:00:00,CUSTOMER_ONBOARDING_SVC
CUST005275,Fatima Johnson,1971-11-02,3cf5e66cbcf6,low,pending,CA,2021-05-01 00:00:00,CUSTOMER_ONBOARDING_SVC
CUST005276,Isha Mehta,1964-11-21,c24150f629f7,medium,verified,RU,2023-05-31 00:00:00,CUSTOMER_ONBOARDING_SVC
CUST005277,Rohan Garcia,2004-01-04,456c9127d16a,high,expired,NG,2021-10-29 00:00:00,CUSTOMER_ONBOARDING_SVC
CUST005278,Pooja Al-Sayed,1999-06-18,01400b342e67,low,expired,SG,2021-05-31 00:00:00,CUSTOMER_ONBOARDING_SVC
CUST005279,Mei Tanaka,1992-09-01,ecfcc83099d1,high,pending,CN,2019-03-04 00:00:00,CUSTOMER_ONBOARDING_SVC
CUST005280,Sneha Miller,2000-06-19,79509ca4024c,high,verified,US,2020-09-21 00:00:00,CUSTOMER_ONBOARDING_SVC
CUST005281,Noah Smith,1983-02-06,df8ba27680cb,medium,verified,SG,2018-11-16 00:00:00,CUSTOMER_ONBOARDING_SVC
CUST005282,Riya Johnson,1977-07-12,09a964304c81,low,pending,NG,2018-01-25 00:00:00,CUSTOMER_ONBOARDING_SVC
CUST005283,Lucas Smith,1965-07-10,821fe22fff4b,low,verified,RU,2021-05-31 00:00:00,CUSTOMER_ONBOARDING_SVC
CUST005284,Isha Sharma,1987-03-31,36427b2eb8ff,medium,verified,US,2022-04-11 00:00:00,CUSTOMER_ONBOARDING_SVC
CUST005285,Olivia Singh,1997-07-12,8b1164e07426,low,pending,SG,2020-07-22 00:00:00,CUSTOMER_ONBOARDING_SVC
CUST005286,Ananya Nair,1961-06-07,4296f4487411,medium,expired,GB,2025-01-21 00:00:00,CUSTOMER_ONBOARDING_SVC
CUST005287,Wei Al-Sayed,1981-10-31,9cc6a5f26234,low,verified,US,2021-11-13 00:00:00,CUSTOMER_ONBOARDING_SVC
CUST005288,Ethan Brown,1971-12-30,09d9193b308c,medium,verified,NG,2024-02-01 00:00:00,CUSTOMER_ONBOARDING_SVC
CUST005289,Mia Davis,2001-06-04,3519377b7713,medium,verified,US,2018-07-23 00:00:00,CUSTOMER_ONBOARDING_SVC
CUST005290,Layla Johnson,1967-07-21,b2def1f9e486,high,verified,NG,2023-04-03 00:00:00,CUSTOMER_ONBOARDING_SVC
CUST005291,Rahul Chen,1982-12-19,33a63e77bb19,medium,,IN,2026-02-11 00:00:00,CUSTOMER_ONBOARDING_SVC
CUST005291,Rahul Chen,1982-12-19,33a63e77bb19,medium,,IN,2026-02-11 01:26:00,CUSTOMER_ONBOARDING_SVC
CUST005292,Aarav Smith,1966-02-27,11e30543bde0,medium,expired,SG,2025-07-24 00:00:00,CUSTOMER_ONBOARDING_SVC
CUST005293,Sneha Sharma,1999-03-24,dbbb90cb1154,medium,verified,CN,2025-02-26 00:00:00,CUSTOMER_ONBOARDING_SVC
CUST005294,Pooja Tanaka,1993-04-13,8b386a63c6bb,low,verified,AE,2024-11-16 00:00:00,CUSTOMER_ONBOARDING_SVC
CUST005295,Rahul Brown,1959-04-25,9a6259b1ae10,medium,verified,RU,2020-12-02 00:00:00,CUSTOMER_ONBOARDING_SVC
CUST005296,Sophia Smith,1973-06-26,1661cb192d69,low,verified,RU,2018-08-03 00:00:00,CUSTOMER_ONBOARDING_SVC
CUST005297,Sophia Kumar,1986-02-08,0ca32b3ebb0f,medium,pending,AE,2024-11-22 00:00:00,CUSTOMER_ONBOARDING_SVC
CUST005298,Priya Lopez,1996-02-15,1c7295aca489,medium,verified,NG,2019-10-03 00:00:00,CUSTOMER_ONBOARDING_SVC
CUST005299,Riya Kumar,1981-02-07,23c69d9c955c,low,expired,DE,2019-01-09 00:00:00,CUSTOMER_ONBOARDING_SVC
CUST005300,Olivia Zhang,1969-01-11,5b8ad99b3dde,low,verified,IN,2025-10-30 00:00:00,CUSTOMER_ONBOARDING_SVC
CUST005301,Layla Al-Sayed,1971-06-07,19a035fa9969,low,expired,RU,2019-11-17 00:00:00,CUSTOMER_ONBOARDING_SVC
CUST005302,Aditya Anderson,1983-08-21,63f26eefa826,low,verified,AU,2024-06-05 00:00:00,CUSTOMER_ONBOARDING_SVC
CUST005303,Wei Smith,1983-11-23,653be73a0c57,medium,verified,CA,2019-12-22 00:00:00,CUSTOMER_ONBOARDING_SVC
CUST005304,Rohan Wilson,1984-11-19,ed801cadeef4,low,expired,NG,2022-11-20 00:00:00,CUSTOMER_ONBOARDING_SVC
CUST005305,Sneha Nair,1955-04-17,1e63857283fe,low,verified,US,2018-11-17 00:00:00,CUSTOMER_ONBOARDING_SVC
CUST005306,Omar Tanaka,1973-11-10,f87af30de3a8,high,verified,SG,2025-03-10 00:00:00,CUSTOMER_ONBOARDING_SVC
CUST005307,Ava Johnson,1984-09-29,9c228c8d4990,medium,verified,AU,2026-06-18 00:00:00,CUSTOMER_ONBOARDING_SVC
CUST005308,Omar Nair,1966-05-30,bf1ae795d7d0,low,verified,NG,2022-01-22 00:00:00,CUSTOMER_ONBOARDING_SVC
CUST005309,Ava Zhang,1985-06-20,541e120a677e,low,verified,AE,2019-12-10 00:00:00,CUSTOMER_ONBOARDING_SVC
CUST005310,Mason Sharma,2002-10-12,7aa98c324cb4,medium,expired,DE,2026-02-12 00:00:00,CUSTOMER_ONBOARDING_SVC
CUST005311,Wei Kumar,1997-09-08,67ce804e6e35,,verified,SG,2021-08-07 00:00:00,CUSTOMER_ONBOARDING_SVC
CUST005312,Pooja Sharma,1971-02-08,b8ffa91bafe6,high,verified,CN,2019-02-25 00:00:00,CUSTOMER_ONBOARDING_SVC
CUST005313,Mason Lopez,1975-02-20,f35083b22251,low,verified,NG,2019-07-13 00:00:00,CUSTOMER_ONBOARDING_SVC
CUST005314,Rohan Davis,1966-12-09,799386e62c12,high,verified,AE,2022-08-17 00:00:00,CUSTOMER_ONBOARDING_SVC
CUST005315,Ava Al-Sayed,1978-12-04,46ed544383bd,low,expired,IN,2021-08-11 00:00:00,CUSTOMER_ONBOARDING_SVC
CUST005316,Rahul Singh,1966-03-08,49df537e2135,low,expired,AU,2025-03-01 00:00:00,CUSTOMER_ONBOARDING_SVC
CUST005317,Isha Zhang,1990-04-12,4e2f2f9a7c5c,low,verified,AU,2020-02-18 00:00:00,CUSTOMER_ONBOARDING_SVC
CUST005318,Lucas Ivanov,1971-11-22,6111f26dc939,low,verified,RU,2018-12-21 00:00:00,CUSTOMER_ONBOARDING_SVC
CUST005319,Hassan Kumar,1981-04-24,f0e59c697fef,low,verified,SG,2021-10-27 00:00:00,CUSTOMER_ONBOARDING_SVC
CUST005320,Rohan Al-Sayed,1955-08-05,272863fef92d,low,verified,DE,2020-01-17 00:00:00,CUSTOMER_ONBOARDING_SVC
CUST005321,Mei Lopez,2002-11-30,a226b69cb6dc,medium,expired,RU,2022-11-11 00:00:00,CUSTOMER_ONBOARDING_SVC
CUST005322,Hassan Davis,1990-03-02,5d039bc5ef37,medium,expired,CA,2024-05-21 00:00:00,CUSTOMER_ONBOARDING_SVC
CUST005323,Divya Al-Sayed,1981-01-19,6975625d20cd,high,pending,RU,2024-04-20 00:00:00,CUSTOMER_ONBOARDING_SVC
CUST005324,Chen Zhang,1955-10-15,46373149a3cc,low,verified,AU,2018-05-28 00:00:00,CUSTOMER_ONBOARDING_SVC
CUST005325,Omar Miller,1995-08-25,cfa44a5ea418,low,verified,AE,2020-05-13 00:00:00,CUSTOMER_ONBOARDING_SVC
CUST005326,Ivan Lopez,1991-08-22,dcb71fc41f79,medium,pending,DE,2022-11-15 00:00:00,CUSTOMER_ONBOARDING_SVC
CUST005327,Emma Nair,1962-12-22,c9e18f914b5e,low,verified,US,2022-04-27 00:00:00,CUSTOMER_ONBOARDING_SVC
CUST005328,Ananya Johnson,1977-09-14,31382ac0d0c7,low,expired,RU,2023-03-06 00:00:00,CUSTOMER_ONBOARDING_SVC
CUST005329,Aditya Singh,1985-06-30,a99ed10cc5b7,medium,pending,IN,2021-12-19 00:00:00,CUSTOMER_ONBOARDING_SVC
CUST005330,Meera Chen,1992-03-04,d3885173cb9a,medium,expired,SG,2018-06-19 00:00:00,CUSTOMER_ONBOARDING_SVC
CUST005331,Chen Nair,2001-10-11,4f4430d35235,low,verified,SG,2021-05-11 00:00:00,CUSTOMER_ONBOARDING_SVC
CUST005332,Ava Reddy,1970-02-22,d3ca4e4c6579,high,expired,US,2021-11-16 00:00:00,CUSTOMER_ONBOARDING_SVC
CUST005333,Mei Wilson,2004-06-25,6e6cc0270e61,high,verified,US,2018-07-02 00:00:00,CUSTOMER_ONBOARDING_SVC
CUST005334,Mei Martinez,1983-06-09,4655f39ac87d,low,verified,US,2019-05-24 00:00:00,CUSTOMER_ONBOARDING_SVC
CUST005335,Ananya Zhang,1978-11-20,d1d066e3bf8e,high,verified,AE,2023-05-17 00:00:00,CUSTOMER_ONBOARDING_SVC
CUST005336,Mason Smith,1971-05-21,bf28306631db,medium,verified,US,2019-12-05 00:00:00,CUSTOMER_ONBOARDING_SVC
CUST005337,Elena Ivanov,1980-08-08,c192e2c19686,low,expired,CN,2021-10-26 00:00:00,CUSTOMER_ONBOARDING_SVC
CUST005338,Priya Anderson,1995-09-09,0bfaf0df5892,high,verified,US,2021-03-05 00:00:00,CUSTOMER_ONBOARDING_SVC
CUST005339,Mia Wilson,1985-04-09,03c0ae5b3c90,high,verified,AU,2026-06-06 00:00:00,CUSTOMER_ONBOARDING_SVC
CUST005340,Isha Sharma,1963-10-13,df47f349f5bc,high,expired,RU,2024-02-23 00:00:00,CUSTOMER_ONBOARDING_SVC
CUST005341,Lucas Kumar,1969-04-25,32d5d6a39c37,low,,,2024-01-09 00:00:00,CUSTOMER_ONBOARDING_SVC
CUST005342,Lucia Martinez,1994-01-20,f6a4dfd0451e,low,verified,IN,2025-07-24 00:00:00,CUSTOMER_ONBOARDING_SVC
CUST005343,Vikram Singh,1985-08-23,0b75d3ca9416,low,verified,CA,2025-04-13 00:00:00,CUSTOMER_ONBOARDING_SVC
CUST005344,Pooja Mehta,1997-07-09,dac5b24fe53b,medium,pending,CA,2018-01-07 00:00:00,CUSTOMER_ONBOARDING_SVC
CUST005345,Ethan Anderson,1971-02-26,56177579e130,low,pending,CA,2022-02-15 00:00:00,CUSTOMER_ONBOARDING_SVC
CUST005346,Riya Mehta,1955-08-31,06e8b8afbef5,low,verified,IN,2020-03-28 00:00:00,CUSTOMER_ONBOARDING_SVC
CUST005347,James Singh,1976-02-29,7e0dbad25ecd,low,verified,AE,2018-10-14 00:00:00,CUSTOMER_ONBOARDING_SVC
CUST005348,Layla Zhang,1969-03-01,3156c14ac5c9,medium,pending,GB,2019-08-01 00:00:00,CUSTOMER_ONBOARDING_SVC
CUST005349,Mei Sharma,1982-12-01,43b4375353e4,medium,verified,AE,2025-10-03 00:00:00,CUSTOMER_ONBOARDING_SVC
CUST005350,Lucas Davis,1962-11-22,033fd6537443,medium,verified,CA,2020-04-28 00:00:00,CUSTOMER_ONBOARDING_SVC
CUST005351,Olivia Brown,1971-06-27,279d3c03e535,high,verified,CN,2023-10-11 00:00:00,CUSTOMER_ONBOARDING_SVC
CUST005352,Fatima Khan,1971-10-10,9d7cf6fc22a8,medium,pending,SG,2026-01-14 00:00:00,CUSTOMER_ONBOARDING_SVC
CUST005353,Mason Garcia,1995-12-01,e06d83df68da,medium,verified,CA,2021-07-15 00:00:00,CUSTOMER_ONBOARDING_SVC
CUST005354,Yuki Sharma,1989-10-08,3261ba709716,low,pending,AU,2021-04-20 00:00:00,CUSTOMER_ONBOARDING_SVC
CUST005355,Vikram Brown,1958-09-02,423c27dd70dc,low,verified,,2019-09-30 00:00:00,CUSTOMER_ONBOARDING_SVC
CUST005356,Ava Sharma,1990-11-16,9a659fad8743,low,pending,US,2020-03-17 00:00:00,CUSTOMER_ONBOARDING_SVC
CUST005357,James Kumar,1986-01-23,df73e98a9364,medium,expired,IN,2019-05-29 00:00:00,CUSTOMER_ONBOARDING_SVC
CUST005358,Rohan Chen,1961-08-26,b0b15f5037a2,medium,verified,CN,2020-02-07 00:00:00,CUSTOMER_ONBOARDING_SVC
CUST005359,Fatima Al-Sayed,1993-11-21,e2fcbd63919f,high,verified,CA,2023-05-16 00:00:00,CUSTOMER_ONBOARDING_SVC
CUST005360,Fatima Davis,1955-06-06,fde1a96286ff,high,verified,AE,2018-12-31 00:00:00,CUSTOMER_ONBOARDING_SVC
CUST005361,Hassan Gupta,1995-07-27,dfe8ce9da283,low,pending,US,2018-01-05 00:00:00,CUSTOMER_ONBOARDING_SVC
CUST005362,Liam Lopez,1963-06-08,5139d7df8e5d,low,verified,GB,2024-01-22 00:00:00,CUSTOMER_ONBOARDING_SVC
CUST005363,Mason Ivanov,1973-09-26,2105f2540d02,low,expired,IN,2024-02-10 00:00:00,CUSTOMER_ONBOARDING_SVC
CUST005364,Mason Wilson,1969-02-23,9276b39aa9f6,medium,expired,CN,2023-08-18 00:00:00,CUSTOMER_ONBOARDING_SVC
CUST005365,Aarav Martinez,1989-04-26,d52548a22c6f,high,verified,DE,2018-10-14 00:00:00,CUSTOMER_ONBOARDING_SVC
CUST005366,Diego Wilson,1959-02-15,c89c9aed56f8,medium,verified,RU,2024-02-20 00:00:00,CUSTOMER_ONBOARDING_SVC
CUST005367,Nikhil Johnson,1961-05-21,c8c9da5afac0,low,verified,CA,2018-11-17 00:00:00,CUSTOMER_ONBOARDING_SVC
CUST005368,Nikhil Wilson,1987-07-14,529910b21a77,medium,verified,AU,2025-02-28 00:00:00,CUSTOMER_ONBOARDING_SVC
CUST005369,Meera Patel,1968-09-04,853b64735c24,low,verified,CA,2019-08-26 00:00:00,CUSTOMER_ONBOARDING_SVC
CUST005370,Nikhil Martinez,1987-03-29,f1ae5db06fdc,low,verified,NG,2018-10-04 00:00:00,CUSTOMER_ONBOARDING_SVC
CUST005371,Wei Mehta,1996-01-24,2a0eb8fd332f,low,pending,NG,2024-09-30 00:00:00,CUSTOMER_ONBOARDING_SVC
CUST005372,Rohan Mehta,1955-09-09,69675122d2b1,medium,verified,DE,2025-02-13 00:00:00,CUSTOMER_ONBOARDING_SVC
CUST005373,Mason Brown,1982-04-29,77a3042c8e62,high,verified,US,2020-11-13 00:00:00,CUSTOMER_ONBOARDING_SVC
CUST005374,Mia Gupta,1989-04-13,514e23783514,low,verified,IN,2023-12-03 00:00:00,CUSTOMER_ONBOARDING_SVC
CUST005375,Elena Lopez,1966-01-25,00faaeb76193,medium,pending,AU,2024-08-03 00:00:00,CUSTOMER_ONBOARDING_SVC
CUST005376,Pooja Sharma,2001-06-12,601a2f6fc475,low,verified,IN,2021-01-17 00:00:00,CUSTOMER_ONBOARDING_SVC
CUST005377,Hassan Kumar,1994-04-18,f2bcf5349024,medium,verified,US,2024-08-17 00:00:00,CUSTOMER_ONBOARDING_SVC
CUST005377,Hassan Kumar,1994-04-18,f2bcf5349024,medium,verified,US,2024-08-17 00:59:00,CUSTOMER_ONBOARDING_SVC
CUST005378,Emma Martinez,1959-09-27,80328737ddff,low,verified,SG,2021-03-02 00:00:00,CUSTOMER_ONBOARDING_SVC
CUST005379,Rohan Martinez,1955-07-15,27d87b1ce5f3,high,expired,NG,2019-08-05 00:00:00,CUSTOMER_ONBOARDING_SVC
CUST005380,Mason Singh,1988-11-21,fcfa3cc0d9b1,low,pending,AU,2024-08-21 00:00:00,CUSTOMER_ONBOARDING_SVC
CUST005381,Ava Kumar,1993-05-20,defe6375c992,low,verified,AU,2020-08-10 00:00:00,CUSTOMER_ONBOARDING_SVC
CUST005382,Noah Tanaka,1981-05-26,f0e380d13f68,low,verified,AU,2018-11-10 00:00:00,CUSTOMER_ONBOARDING_SVC
CUST005383,Ava Lopez,1965-12-17,317a7bfde11e,low,verified,GB,2026-01-22 00:00:00,CUSTOMER_ONBOARDING_SVC
CUST005384,Ananya Davis,1983-03-31,84c1fac92c6e,medium,verified,AE,2023-07-13 00:00:00,CUSTOMER_ONBOARDING_SVC
CUST005385,Amelia Davis,1979-08-24,c2b5fdd80a75,low,verified,NG,2023-05-16 00:00:00,CUSTOMER_ONBOARDING_SVC
CUST005386,Sneha Reddy,1964-01-23,f4333e4a48d3,medium,verified,RU,2021-10-18 00:00:00,CUSTOMER_ONBOARDING_SVC
CUST005387,Divya Patel,1980-08-03,aa1c52018934,low,verified,US,2022-04-22 00:00:00,CUSTOMER_ONBOARDING_SVC
CUST005388,Ivan Miller,1969-08-16,9be9d503f7c1,medium,verified,NG,2023-09-21 00:00:00,CUSTOMER_ONBOARDING_SVC
CUST005389,Arjun Zhang,1985-03-13,607999968bd3,low,verified,AE,2022-10-23 00:00:00,CUSTOMER_ONBOARDING_SVC
CUST005390,Karan Miller,1971-02-26,af527af70f1f,medium,expired,NG,2023-03-13 00:00:00,CUSTOMER_ONBOARDING_SVC
CUST005391,Lucia Singh,1961-11-18,8739eee547cf,low,expired,NG,2024-11-26 00:00:00,CUSTOMER_ONBOARDING_SVC
CUST005392,Ethan Singh,1977-12-03,06f277aa08c6,low,verified,IN,2023-04-27 00:00:00,CUSTOMER_ONBOARDING_SVC
CUST005393,Karan Nair,1962-01-20,63e53db00ecb,low,expired,US,2025-10-26 00:00:00,CUSTOMER_ONBOARDING_SVC
CUST005394,Olivia Ivanov,1956-11-16,ccdd9479e185,low,verified,AE,2021-01-27 00:00:00,CUSTOMER_ONBOARDING_SVC
CUST005395,Noah Martinez,1974-10-31,8fcd79dee033,medium,verified,DE,2021-05-15 00:00:00,CUSTOMER_ONBOARDING_SVC
CUST005396,Chen Mehta,1979-10-30,a12b8724fd49,low,verified,AE,2022-01-13 00:00:00,CUSTOMER_ONBOARDING_SVC
CUST005397,Rahul Nair,1994-10-08,92dbf4114b5f,medium,verified,IN,2022-05-13 00:00:00,CUSTOMER_ONBOARDING_SVC
CUST005398,Mia Anderson,1992-02-14,173563889219,high,expired,GB,2021-06-27 00:00:00,CUSTOMER_ONBOARDING_SVC
CUST005399,Chen Wilson,1966-05-07,69612eabae41,low,expired,CA,2023-12-15 00:00:00,CUSTOMER_ONBOARDING_SVC
CUST005400,Elena Miller,1967-07-14,284806b8d932,low,verified,RU,2020-07-16 00:00:00,CUSTOMER_ONBOARDING_SVC
CUST005401,Olivia Tanaka,1970-05-09,093e31842d67,low,expired,CA,2018-12-06 00:00:00,CUSTOMER_ONBOARDING_SVC
CUST005402,Ivan Singh,1955-09-07,948afb5d920a,low,expired,DE,2025-05-31 00:00:00,CUSTOMER_ONBOARDING_SVC
CUST005403,Rohan Nair,1957-07-25,fd428beacc30,medium,verified,US,2018-09-14 00:00:00,CUSTOMER_ONBOARDING_SVC
CUST005404,Lucas Mehta,1967-01-14,951313d0abd5,high,expired,CA,2019-02-14 00:00:00,CUSTOMER_ONBOARDING_SVC
CUST005405,Fatima Smith,1959-07-30,ee329bbfcdf6,medium,verified,AU,2021-06-02 00:00:00,CUSTOMER_ONBOARDING_SVC
CUST005406,Rohan Davis,1989-10-31,8a5e843cd71e,medium,verified,SG,2021-11-20 00:00:00,CUSTOMER_ONBOARDING_SVC
CUST005407,Karan Brown,1965-01-22,9034dd143c7f,low,verified,CA,2018-12-07 00:00:00,CUSTOMER_ONBOARDING_SVC
CUST005408,Priya Zhang,2002-03-26,4c0ab733d912,low,verified,SG,2024-05-10 00:00:00,CUSTOMER_ONBOARDING_SVC
CUST005409,Mason Reddy,1985-06-02,014b31ce3183,low,pending,SG,2019-07-17 00:00:00,CUSTOMER_ONBOARDING_SVC
CUST005410,Riya Nair,2001-01-17,e18324fa8e94,low,expired,SG,2025-03-29 00:00:00,CUSTOMER_ONBOARDING_SVC
CUST005411,Omar Ivanov,1955-11-26,383f5660dfc6,low,verified,AE,2020-11-01 00:00:00,CUSTOMER_ONBOARDING_SVC
CUST005412,Yuki Anderson,1974-06-17,3fe256746b5f,low,verified,SG,2019-06-20 00:00:00,CUSTOMER_ONBOARDING_SVC
CUST005413,Pooja Sharma,1956-03-24,768d0656a82f,low,verified,RU,2021-02-23 00:00:00,CUSTOMER_ONBOARDING_SVC
CUST005414,Olivia Ivanov,2005-11-21,df920ac05ea4,low,verified,AU,2025-06-02 00:00:00,CUSTOMER_ONBOARDING_SVC
CUST005415,Aarav Gupta,1995-05-20,83846865e97c,medium,verified,SG,2024-02-24 00:00:00,CUSTOMER_ONBOARDING_SVC
CUST005416,Mei Patel,1996-05-09,0d20a43a0c05,,expired,CN,2026-04-01 00:00:00,CUSTOMER_ONBOARDING_SVC
CUST005417,Chen Martinez,2001-04-28,2435a3c4bd22,medium,pending,US,2020-03-01 00:00:00,CUSTOMER_ONBOARDING_SVC
CUST005418,Mason Martinez,1962-02-18,79915714f985,high,verified,DE,2022-08-19 00:00:00,CUSTOMER_ONBOARDING_SVC
CUST005419,Lucia Zhang,1983-07-22,3b89694b23e4,medium,pending,CA,2020-01-29 00:00:00,CUSTOMER_ONBOARDING_SVC
CUST005420,Isha Zhang,1963-11-27,076260fbc175,low,expired,DE,2022-01-04 00:00:00,CUSTOMER_ONBOARDING_SVC
CUST005421,James Kumar,1978-02-17,fe3c9367f0d0,low,pending,CN,2021-09-05 00:00:00,CUSTOMER_ONBOARDING_SVC
CUST005422,Wei Brown,1958-09-03,542e2ef06250,medium,verified,SG,2021-08-12 00:00:00,CUSTOMER_ONBOARDING_SVC
CUST005423,Layla Anderson,1989-07-31,7313addbcc36,medium,expired,AU,2022-12-16 00:00:00,CUSTOMER_ONBOARDING_SVC
CUST005424,Divya Martinez,2002-02-24,c398f0e1d4e7,low,pending,AE,2023-03-05 00:00:00,CUSTOMER_ONBOARDING_SVC
CUST005425,Priya Kumar,1979-10-21,8ce4fc6e44ea,high,expired,AE,2024-12-28 00:00:00,CUSTOMER_ONBOARDING_SVC
CUST005426,Layla Khan,1982-11-14,ca34960637a5,low,pending,US,2018-03-10 00:00:00,CUSTOMER_ONBOARDING_SVC
CUST005427,Ethan Chen,1974-05-07,827a2cce4b02,high,verified,CN,2022-08-09 00:00:00,CUSTOMER_ONBOARDING_SVC
CUST005428,Aarav Mehta,1983-07-29,80c11f190d2e,low,pending,GB,2021-04-30 00:00:00,CUSTOMER_ONBOARDING_SVC
CUST005429,Isha Singh,1983-11-17,d428f20b20d9,medium,pending,IN,2021-04-27 00:00:00,CUSTOMER_ONBOARDING_SVC
CUST005430,Aditya Patel,2005-10-20,ed826c5aa676,medium,expired,CA,2018-01-13 00:00:00,CUSTOMER_ONBOARDING_SVC
CUST005431,Fatima Smith,1995-01-02,c3e09d64e3ec,,pending,DE,2022-09-14 00:00:00,CUSTOMER_ONBOARDING_SVC
CUST005432,Pooja Zhang,1991-03-30,93f49bed4d6d,low,verified,SG,2026-03-06 00:00:00,CUSTOMER_ONBOARDING_SVC
CUST005433,Chen Patel,2002-04-02,0372f9621498,low,pending,CN,2018-04-16 00:00:00,CUSTOMER_ONBOARDING_SVC
CUST005434,Priya Sharma,1978-01-15,19abfa191459,low,verified,IN,2021-05-04 00:00:00,CUSTOMER_ONBOARDING_SVC
CUST005435,Riya Patel,1995-04-08,9091153001ff,medium,verified,SG,2019-10-03 00:00:00,CUSTOMER_ONBOARDING_SVC
CUST005436,Rohan Kumar,1983-08-25,5477f2cbe049,medium,verified,CA,2024-01-24 00:00:00,CUSTOMER_ONBOARDING_SVC
CUST005437,Aditya Chen,1965-07-18,5ddc56d05dca,low,pending,IN,2026-05-07 00:00:00,CUSTOMER_ONBOARDING_SVC
CUST005438,Lucia Reddy,1974-06-05,0bf177259b2a,high,verified,IN,2019-09-18 00:00:00,CUSTOMER_ONBOARDING_SVC
CUST005439,Lucia Tanaka,1992-09-20,db76c12a4372,medium,expired,SG,2023-07-07 00:00:00,CUSTOMER_ONBOARDING_SVC
CUST005440,Pooja Reddy,1965-06-22,14ec78876402,medium,verified,GB,2021-04-17 00:00:00,CUSTOMER_ONBOARDING_SVC
CUST005441,Hassan Ivanov,1998-08-31,778acebc2577,low,pending,IN,2022-12-13 00:00:00,CUSTOMER_ONBOARDING_SVC
CUST005442,Ava Khan,2004-04-07,0976ab1f61c9,medium,verified,CA,2022-03-03 00:00:00,CUSTOMER_ONBOARDING_SVC
CUST005443,Diego Martinez,1978-10-22,f4d9fc36ca22,medium,verified,AE,2022-04-30 00:00:00,CUSTOMER_ONBOARDING_SVC
CUST005444,Mia Garcia,1971-06-21,c5f47b303229,medium,pending,CN,2025-06-25 00:00:00,CUSTOMER_ONBOARDING_SVC
CUST005445,Wei Wilson,1976-07-30,06c33413dc29,high,verified,DE,2020-11-29 00:00:00,CUSTOMER_ONBOARDING_SVC
CUST005446,Olivia Chen,1972-08-28,f7fd8c2e7eae,medium,verified,DE,2024-07-20 00:00:00,CUSTOMER_ONBOARDING_SVC
CUST005447,Diego Reddy,1998-08-23,d7c0641f10e9,medium,verified,CA,2024-05-17 00:00:00,CUSTOMER_ONBOARDING_SVC
CUST005448,Lucas Chen,1980-05-13,26068136016a,low,verified,AU,2026-03-11 00:00:00,CUSTOMER_ONBOARDING_SVC
CUST005449,Wei Anderson,1991-03-12,4f15b92ecfc7,low,verified,GB,2019-12-20 00:00:00,CUSTOMER_ONBOARDING_SVC
CUST005450,Mia Brown,1986-01-20,65f5daff9909,low,verified,US,2020-08-11 00:00:00,CUSTOMER_ONBOARDING_SVC
CUST005451,Omar Gupta,2000-01-08,059d1201e831,medium,expired,AU,2025-03-13 00:00:00,CUSTOMER_ONBOARDING_SVC
CUST005452,Amelia Brown,1977-09-27,94a1978a4b98,medium,verified,US,2022-11-24 00:00:00,CUSTOMER_ONBOARDING_SVC
CUST005453,Ethan Martinez,1992-03-18,8cd53bca55f0,low,verified,AE,2023-03-12 00:00:00,CUSTOMER_ONBOARDING_SVC
CUST005454,Rohan Reddy,1982-08-27,f617d2ed6d87,high,verified,DE,2018-11-15 00:00:00,CUSTOMER_ONBOARDING_SVC
CUST005455,Chen Garcia,2005-05-08,22e47bd3b701,low,verified,CA,2023-01-27 00:00:00,CUSTOMER_ONBOARDING_SVC
CUST005456,Isha Reddy,1966-02-26,da9fefa28dcf,low,verified,CA,2018-12-05 00:00:00,CUSTOMER_ONBOARDING_SVC
CUST005457,Omar Patel,2002-11-14,d78234cbfa0c,medium,verified,IN,2020-11-06 00:00:00,CUSTOMER_ONBOARDING_SVC
CUST005458,Liam Khan,1974-06-07,5c000736568e,medium,verified,AU,2019-09-06 00:00:00,CUSTOMER_ONBOARDING_SVC
CUST005459,Vikram Anderson,1976-08-16,2f39454dc47c,medium,expired,AU,2022-08-31 00:00:00,CUSTOMER_ONBOARDING_SVC
CUST005460,Ivan Wilson,1955-11-22,4388abea95ee,low,pending,AU,2023-11-18 00:00:00,CUSTOMER_ONBOARDING_SVC
CUST005461,Lucia Brown,1979-06-25,1839b05041e5,low,pending,NG,2026-06-28 00:00:00,CUSTOMER_ONBOARDING_SVC
CUST005462,Meera Smith,1990-03-15,538d269e511a,medium,verified,GB,2024-11-04 00:00:00,CUSTOMER_ONBOARDING_SVC
CUST005463,Sneha Miller,1957-07-09,7d0a789e601c,low,pending,DE,2024-06-07 00:00:00,CUSTOMER_ONBOARDING_SVC
CUST005464,Amelia Johnson,1984-09-30,0c20c70ca916,medium,expired,DE,2023-08-19 00:00:00,CUSTOMER_ONBOARDING_SVC
CUST005465,Olivia Miller,1962-05-14,cd292af34560,high,expired,AE,2019-08-06 00:00:00,CUSTOMER_ONBOARDING_SVC
CUST005466,Isha Chen,1977-01-15,b174f1183c56,medium,verified,GB,2025-09-08 00:00:00,CUSTOMER_ONBOARDING_SVC
CUST005467,Isha Singh,1963-08-24,79b2a0f46a73,high,expired,SG,2019-07-22 00:00:00,CUSTOMER_ONBOARDING_SVC
CUST005468,Liam Kumar,1984-10-11,01bcea4b38fb,,pending,DE,2019-11-08 00:00:00,CUSTOMER_ONBOARDING_SVC
CUST005469,Wei Garcia,1959-11-03,19af6211e435,low,verified,US,2026-06-03 00:00:00,CUSTOMER_ONBOARDING_SVC
CUST005470,Liam Chen,1980-09-28,a247046e8538,low,pending,NG,2020-09-09 00:00:00,CUSTOMER_ONBOARDING_SVC
CUST005471,Nikhil Singh,1973-09-26,461c24e43e96,low,verified,IN,2019-07-29 00:00:00,CUSTOMER_ONBOARDING_SVC
CUST005472,Diego Zhang,1998-02-28,b3ade1be90af,low,verified,DE,2020-08-25 00:00:00,CUSTOMER_ONBOARDING_SVC
CUST005473,Emma Brown,1992-08-22,0840246cb174,low,verified,RU,2024-02-13 00:00:00,CUSTOMER_ONBOARDING_SVC
CUST005474,Ananya Gupta,1987-10-22,fe495221ced4,medium,expired,SG,2023-08-16 00:00:00,CUSTOMER_ONBOARDING_SVC
CUST005475,Wei Anderson,1978-12-22,59db798c38fb,low,verified,US,2019-03-31 00:00:00,CUSTOMER_ONBOARDING_SVC
CUST005476,Yuki Lopez,1971-09-23,aadb9cec352c,low,verified,AU,2021-05-14 00:00:00,CUSTOMER_ONBOARDING_SVC
CUST005477,Diego Singh,1975-09-07,f14a1f4fc511,low,pending,US,2019-03-28 00:00:00,CUSTOMER_ONBOARDING_SVC
CUST005478,Arjun Johnson,1989-09-26,a71b7aab38ef,low,expired,CN,2021-04-26 00:00:00,CUSTOMER_ONBOARDING_SVC
CUST005479,Amelia Wilson,1988-04-19,949ae18730f8,low,verified,GB,2023-10-05 00:00:00,CUSTOMER_ONBOARDING_SVC
CUST005480,Hassan Khan,2000-03-01,ec53259f520e,medium,verified,SG,2025-12-26 00:00:00,CUSTOMER_ONBOARDING_SVC
CUST005481,Rahul Reddy,1961-05-13,304ca6aefe74,low,pending,,2024-10-17 00:00:00,CUSTOMER_ONBOARDING_SVC
CUST005482,Diego Reddy,2004-02-08,1cacfbd5bf42,medium,verified,NG,2018-05-08 00:00:00,CUSTOMER_ONBOARDING_SVC
CUST005483,Olivia Martinez,1958-10-03,54ddad97a729,high,expired,CA,2022-04-01 00:00:00,CUSTOMER_ONBOARDING_SVC
CUST005484,Divya Martinez,1978-12-18,4fbddb7cde0c,high,verified,DE,2020-06-22 00:00:00,CUSTOMER_ONBOARDING_SVC
CUST005485,Isha Singh,1965-10-31,acc3699da8f3,medium,verified,US,2023-09-15 00:00:00,CUSTOMER_ONBOARDING_SVC
CUST005486,Isha Gupta,1987-03-15,e20da074ccd9,low,verified,IN,2020-08-23 00:00:00,CUSTOMER_ONBOARDING_SVC
CUST005487,Sneha Wilson,2002-05-26,419269407d7d,low,pending,RU,2018-05-05 00:00:00,CUSTOMER_ONBOARDING_SVC
CUST005488,Ananya Johnson,2003-02-19,3e97ee2d60c7,low,pending,CA,2020-01-13 00:00:00,CUSTOMER_ONBOARDING_SVC
CUST005489,Divya Tanaka,2005-12-07,e014fec31273,medium,pending,AE,2018-06-30 00:00:00,CUSTOMER_ONBOARDING_SVC
CUST005490,Fatima Garcia,1993-07-17,9dc245bac5c0,low,pending,CA,2018-06-08 00:00:00,CUSTOMER_ONBOARDING_SVC
CUST005491,Ethan Patel,1982-05-25,dcb9b7c3b9c5,low,pending,CN,2021-10-25 00:00:00,CUSTOMER_ONBOARDING_SVC
CUST005492,Sneha Zhang,1986-05-09,1a3e579e09ba,low,verified,AU,2019-09-25 00:00:00,CUSTOMER_ONBOARDING_SVC
CUST005493,Noah Davis,1989-03-26,2b9ec2f8cd6b,medium,pending,GB,2024-01-08 00:00:00,CUSTOMER_ONBOARDING_SVC
CUST005494,James Davis,1965-10-10,1492cda83b0d,low,,RU,2021-02-12 00:00:00,CUSTOMER_ONBOARDING_SVC
CUST005495,Divya Nair,1978-08-09,ad6db63217f6,medium,expired,CA,2020-02-23 00:00:00,CUSTOMER_ONBOARDING_SVC
CUST005496,Fatima Reddy,1971-03-10,91fb6b5acd30,low,expired,AE,2019-08-27 00:00:00,CUSTOMER_ONBOARDING_SVC
CUST005497,Rohan Al-Sayed,1973-10-04,bbd200676083,low,verified,CN,2026-01-30 00:00:00,CUSTOMER_ONBOARDING_SVC
CUST005498,Mia Garcia,2003-05-11,87f33851d8c4,medium,verified,CA,2022-09-23 00:00:00,CUSTOMER_ONBOARDING_SVC
CUST005499,Chen Singh,2002-07-09,62b96307903c,low,verified,US,2022-04-11 00:00:00,CUSTOMER_ONBOARDING_SVC
CUST005500,Pooja Johnson,1962-08-25,32a2314f8e4e,low,verified,NG,2021-03-14 00:00:00,CUSTOMER_ONBOARDING_SVC
CUST005501,Nikhil Singh,1986-03-10,5c5c2621cf97,low,,SG,2025-02-07 00:00:00,CUSTOMER_ONBOARDING_SVC
CUST005502,Ava Chen,1963-11-03,707ca2321426,low,verified,SG,2025-09-25 00:00:00,CUSTOMER_ONBOARDING_SVC
CUST005503,Aditya Tanaka,2003-03-22,02ca0c55d5c2,low,verified,IN,2021-02-24 00:00:00,CUSTOMER_ONBOARDING_SVC
CUST005504,Aditya Al-Sayed,1962-11-11,3a94e522b272,medium,verified,NG,2020-09-28 00:00:00,CUSTOMER_ONBOARDING_SVC
CUST005505,Olivia Reddy,1975-04-04,5cdf2a25aa18,medium,verified,RU,2019-10-21 00:00:00,CUSTOMER_ONBOARDING_SVC
CUST005506,Diego Mehta,1998-09-15,55a1c85e13b7,low,verified,AE,2025-05-31 00:00:00,CUSTOMER_ONBOARDING_SVC
CUST005507,Elena Tanaka,1971-06-30,3889c642505a,medium,verified,US,2023-04-22 00:00:00,CUSTOMER_ONBOARDING_SVC
CUST005508,Wei Chen,1992-07-15,79c68acb05aa,medium,expired,SG,2026-02-27 00:00:00,CUSTOMER_ONBOARDING_SVC
CUST005509,Divya Wilson,1989-10-29,afc0616832dd,medium,verified,DE,2018-02-13 00:00:00,CUSTOMER_ONBOARDING_SVC
CUST005510,Hassan Reddy,1966-08-19,1b325a3207f2,high,verified,NG,2018-12-23 00:00:00,CUSTOMER_ONBOARDING_SVC
CUST005511,Hassan Mehta,1999-03-27,0d858b6dd947,low,verified,IN,2021-08-10 00:00:00,CUSTOMER_ONBOARDING_SVC
CUST005512,Arjun Wilson,1991-08-11,7eff5292f836,low,expired,AU,2024-06-29 00:00:00,CUSTOMER_ONBOARDING_SVC
CUST005513,Layla Davis,1977-06-17,9a63f97a7c2f,high,verified,AE,2021-07-23 00:00:00,CUSTOMER_ONBOARDING_SVC
CUST005514,Rohan Reddy,1992-04-29,82efe92f030f,medium,verified,IN,2024-05-14 00:00:00,CUSTOMER_ONBOARDING_SVC
CUST005515,Aditya Garcia,1960-04-19,a3b6920db1b5,high,expired,NG,2025-06-12 00:00:00,CUSTOMER_ONBOARDING_SVC
CUST005516,James Ivanov,1963-09-10,4cd5a2340a50,low,expired,GB,2026-01-24 00:00:00,CUSTOMER_ONBOARDING_SVC
CUST005517,Layla Mehta,1971-09-22,6efc40459ca2,high,verified,US,2022-12-10 00:00:00,CUSTOMER_ONBOARDING_SVC
CUST005518,Pooja Johnson,1999-07-24,3f7be679668e,high,verified,IN,2024-07-15 00:00:00,CUSTOMER_ONBOARDING_SVC
CUST005519,Lucas Khan,1962-09-19,a6584ff22162,medium,verified,CA,2023-07-05 00:00:00,CUSTOMER_ONBOARDING_SVC
CUST005520,Yuki Mehta,1960-12-04,85449ccefc6c,low,verified,DE,2023-08-03 00:00:00,CUSTOMER_ONBOARDING_SVC
CUST005521,Vikram Wilson,2002-05-30,d654510066f5,,,GB,2018-01-24 00:00:00,CUSTOMER_ONBOARDING_SVC
CUST005522,Sneha Khan,1970-02-12,2f6e4eaaaa31,low,verified,AU,2026-02-03 00:00:00,CUSTOMER_ONBOARDING_SVC
CUST005522,Sneha Khan,1970-02-12,2f6e4eaaaa31,low,verified,AU,2026-02-03 00:12:00,CUSTOMER_ONBOARDING_SVC
CUST005523,Riya Al-Sayed,1969-07-03,eea6985351f6,low,expired,RU,2019-03-23 00:00:00,CUSTOMER_ONBOARDING_SVC
CUST005524,Yuki Gupta,1980-11-21,1d20c03b14d2,high,pending,GB,2020-10-20 00:00:00,CUSTOMER_ONBOARDING_SVC
CUST005525,Olivia Davis,1963-11-07,a38c3cee89bb,high,expired,NG,2022-03-10 00:00:00,CUSTOMER_ONBOARDING_SVC
CUST005526,Mei Chen,1998-09-22,033a47cc3ffe,high,expired,GB,2018-07-02 00:00:00,CUSTOMER_ONBOARDING_SVC
CUST005527,Chen Reddy,1956-05-04,4526f8d8de17,low,verified,AU,2023-09-24 00:00:00,CUSTOMER_ONBOARDING_SVC
CUST005528,Amelia Kumar,1997-03-05,829ac81bc95b,high,expired,RU,2023-12-31 00:00:00,CUSTOMER_ONBOARDING_SVC
CUST005529,Mei Martinez,1989-07-17,0871fa761fa4,medium,expired,US,2026-03-08 00:00:00,CUSTOMER_ONBOARDING_SVC
CUST005530,Priya Khan,1993-01-25,991d2718add9,medium,verified,NG,2025-10-21 00:00:00,CUSTOMER_ONBOARDING_SVC
CUST005531,Amelia Garcia,1995-05-13,d306d61ec294,high,verified,RU,2022-12-17 00:00:00,CUSTOMER_ONBOARDING_SVC
CUST005532,Fatima Sharma,1996-06-24,af1054f3526a,low,pending,IN,2021-07-26 00:00:00,CUSTOMER_ONBOARDING_SVC
CUST005533,Riya Mehta,1976-06-04,b718fabf365f,medium,verified,RU,2021-02-16 00:00:00,CUSTOMER_ONBOARDING_SVC
CUST005534,Hassan Wilson,1985-04-23,fe60492c77d7,low,pending,DE,2023-01-13 00:00:00,CUSTOMER_ONBOARDING_SVC
CUST005535,Mia Sharma,1968-12-10,99ddc3b858bc,medium,verified,,2018-11-30 00:00:00,CUSTOMER_ONBOARDING_SVC
CUST005536,Diego Khan,1970-01-09,91d3c29523bb,medium,expired,NG,2025-01-18 00:00:00,CUSTOMER_ONBOARDING_SVC
CUST005537,Rohan Martinez,1986-02-01,f541290a7853,medium,pending,AU,2021-09-28 00:00:00,CUSTOMER_ONBOARDING_SVC
CUST005538,Yuki Khan,1994-05-09,1d819a79e002,high,expired,IN,2024-09-17 00:00:00,CUSTOMER_ONBOARDING_SVC
CUST005539,Aarav Davis,1971-11-27,3f2ae9d2af1e,high,verified,CN,2025-09-06 00:00:00,CUSTOMER_ONBOARDING_SVC
CUST005540,Ananya Martinez,1982-11-02,8dd127c6750b,low,expired,CA,2023-02-04 00:00:00,CUSTOMER_ONBOARDING_SVC
CUST005541,Divya Zhang,1969-03-16,6b056ad6b0d9,medium,expired,CA,2021-04-15 00:00:00,CUSTOMER_ONBOARDING_SVC
CUST005542,Amelia Garcia,1977-06-26,bfdf5d1c00fb,medium,verified,IN,2019-03-04 00:00:00,CUSTOMER_ONBOARDING_SVC
CUST005543,Isha Smith,2000-05-06,0af51d225390,medium,verified,IN,2024-10-21 00:00:00,CUSTOMER_ONBOARDING_SVC
CUST005544,Meera Kumar,1990-09-20,f874ff17c4f0,medium,verified,SG,2022-10-03 00:00:00,CUSTOMER_ONBOARDING_SVC
CUST005545,Lucia Kumar,1979-01-09,97adb6bc2a21,high,expired,IN,2021-09-28 00:00:00,CUSTOMER_ONBOARDING_SVC
CUST005546,Ananya Wilson,2004-05-15,e58b7e320b8f,low,verified,RU,2025-06-30 00:00:00,CUSTOMER_ONBOARDING_SVC
CUST005547,Mia Patel,1958-02-19,ce4fa24ef9d7,low,pending,SG,2020-02-21 00:00:00,CUSTOMER_ONBOARDING_SVC
CUST005548,Ananya Tanaka,1962-11-23,9ea83b1e82c9,medium,verified,GB,2021-02-16 00:00:00,CUSTOMER_ONBOARDING_SVC
CUST005549,Riya Nair,1987-09-03,22f77f524d4d,low,pending,SG,2024-08-01 00:00:00,CUSTOMER_ONBOARDING_SVC
CUST005550,Mason Miller,1957-02-09,c7270020794d,low,pending,AE,2025-09-28 00:00:00,CUSTOMER_ONBOARDING_SVC
CUST005551,Ava Sharma,1995-01-20,d8a91ab5e0af,low,verified,IN,2021-04-21 00:00:00,CUSTOMER_ONBOARDING_SVC
CUST005552,Vikram Martinez,1992-01-27,88dc6f29cb6f,low,,US,2022-02-07 00:00:00,CUSTOMER_ONBOARDING_SVC
CUST005553,Amelia Al-Sayed,1998-01-19,79bfec1e220a,medium,verified,AU,2023-06-12 00:00:00,CUSTOMER_ONBOARDING_SVC
CUST005554,Meera Smith,2004-02-15,de40b804a8c1,low,expired,GB,2022-11-10 00:00:00,CUSTOMER_ONBOARDING_SVC
CUST005555,Elena Sharma,1978-10-26,a334cc443ebb,low,verified,AU,2020-03-15 00:00:00,CUSTOMER_ONBOARDING_SVC
CUST005556,Pooja Lopez,1978-02-06,bde57880c51c,high,pending,CN,2025-02-22 00:00:00,CUSTOMER_ONBOARDING_SVC
CUST005557,Ananya Patel,1981-11-05,fef115e1ed19,high,expired,IN,2024-12-07 00:00:00,CUSTOMER_ONBOARDING_SVC
CUST005558,Emma Mehta,1978-10-19,5100a7dce812,medium,verified,NG,2026-06-25 00:00:00,CUSTOMER_ONBOARDING_SVC
CUST005559,Priya Garcia,1963-07-13,93003211c9e5,low,verified,IN,2022-04-19 00:00:00,CUSTOMER_ONBOARDING_SVC
CUST005560,Mia Gupta,1974-09-27,21c067d2fff6,medium,pending,SG,2019-07-04 00:00:00,CUSTOMER_ONBOARDING_SVC
CUST005561,Chen Reddy,1964-09-13,6cbd0691005b,,verified,GB,2019-07-28 00:00:00,CUSTOMER_ONBOARDING_SVC
CUST005562,Layla Kumar,1974-01-02,876d3e818d13,medium,verified,NG,2025-05-09 00:00:00,CUSTOMER_ONBOARDING_SVC
CUST005563,Diego Miller,1994-03-07,d12f06b83df6,medium,expired,US,2018-02-02 00:00:00,CUSTOMER_ONBOARDING_SVC
CUST005564,Meera Mehta,1984-04-09,ff4a41876e76,low,verified,AE,2024-05-03 00:00:00,CUSTOMER_ONBOARDING_SVC
CUST005565,Ethan Davis,2003-10-02,4952c8646fe2,high,verified,CN,2023-03-01 00:00:00,CUSTOMER_ONBOARDING_SVC
CUST005566,Emma Zhang,1977-10-04,2252ae0e3023,low,pending,IN,2019-03-01 00:00:00,CUSTOMER_ONBOARDING_SVC
CUST005567,Layla Khan,2003-04-16,ab6f27b1019b,low,expired,RU,2019-12-11 00:00:00,CUSTOMER_ONBOARDING_SVC
CUST005568,Karan Miller,1988-09-04,5ec40a863c0e,,pending,AE,2019-06-18 00:00:00,CUSTOMER_ONBOARDING_SVC
CUST005569,Diego Mehta,1969-07-26,43573cc4629f,low,verified,CN,2020-06-10 00:00:00,CUSTOMER_ONBOARDING_SVC
CUST005570,Hassan Ivanov,1990-03-27,aef0769cc59d,high,verified,AE,2023-09-30 00:00:00,CUSTOMER_ONBOARDING_SVC
CUST005571,Omar Tanaka,1980-02-17,66a040747a66,,expired,NG,2023-05-08 00:00:00,CUSTOMER_ONBOARDING_SVC
CUST005572,Amelia Johnson,1979-07-02,80ca4a2fc984,low,verified,AE,2021-01-06 00:00:00,CUSTOMER_ONBOARDING_SVC
CUST005573,Noah Reddy,1974-06-18,0af042f30d24,medium,verified,SG,2019-12-25 00:00:00,CUSTOMER_ONBOARDING_SVC
CUST005574,Nikhil Smith,1965-08-25,3bd02ef11d30,medium,,SG,2024-06-20 00:00:00,CUSTOMER_ONBOARDING_SVC
CUST005575,Diego Tanaka,1978-09-02,541e77cbbb77,low,expired,SG,2023-07-17 00:00:00,CUSTOMER_ONBOARDING_SVC
CUST005576,Amelia Davis,1986-01-24,8ef17d05a7e2,low,verified,CN,2025-12-31 00:00:00,CUSTOMER_ONBOARDING_SVC
CUST005577,Diego Chen,1978-03-29,7178b817f34d,low,expired,US,2024-11-14 00:00:00,CUSTOMER_ONBOARDING_SVC
CUST005578,Arjun Davis,1986-04-07,a8599de0de4f,,verified,US,2019-12-06 00:00:00,CUSTOMER_ONBOARDING_SVC
CUST005579,Hassan Patel,1970-10-02,8ad4ae90dd3e,high,pending,NG,2018-03-29 00:00:00,CUSTOMER_ONBOARDING_SVC
CUST005580,Isha Reddy,1966-08-10,e24a22c58b60,,verified,IN,2021-12-30 00:00:00,CUSTOMER_ONBOARDING_SVC
CUST005581,Aditya Al-Sayed,1978-04-04,b0c48fb42fcd,medium,verified,SG,2023-07-05 00:00:00,CUSTOMER_ONBOARDING_SVC
CUST005582,Arjun Martinez,1956-01-04,df0b21afced7,,verified,RU,2019-11-18 00:00:00,CUSTOMER_ONBOARDING_SVC
CUST005583,Chen Anderson,1987-05-26,84c8dccc0933,medium,expired,CN,2023-03-14 00:00:00,CUSTOMER_ONBOARDING_SVC
CUST005584,James Nair,1993-09-07,8782ea31ef98,low,verified,CN,2018-05-20 00:00:00,CUSTOMER_ONBOARDING_SVC
CUST005585,Lucia Tanaka,1957-11-18,4da6fc5999a5,low,pending,AU,2018-02-21 00:00:00,CUSTOMER_ONBOARDING_SVC
CUST005586,Lucas Anderson,1968-04-25,cff74313fce0,medium,verified,SG,2021-04-17 00:00:00,CUSTOMER_ONBOARDING_SVC
CUST005587,Elena Reddy,1959-06-26,217c182252da,low,verified,AU,2024-01-27 00:00:00,CUSTOMER_ONBOARDING_SVC
CUST005588,Fatima Davis,1959-01-28,cc44405d8aa6,medium,expired,DE,2018-03-30 00:00:00,CUSTOMER_ONBOARDING_SVC
CUST005589,Divya Kumar,1964-11-12,d23a85a18d1d,medium,verified,CA,2022-03-09 00:00:00,CUSTOMER_ONBOARDING_SVC
CUST005590,Riya Tanaka,1985-11-08,0826c602d215,high,verified,CN,2024-11-18 00:00:00,CUSTOMER_ONBOARDING_SVC
CUST005591,Emma Wilson,1979-02-20,00286047e4dc,high,verified,AE,2020-07-28 00:00:00,CUSTOMER_ONBOARDING_SVC
CUST005592,Amelia Al-Sayed,1961-09-04,9e1ee2864ed4,low,verified,CA,2021-10-05 00:00:00,CUSTOMER_ONBOARDING_SVC
CUST005593,Ava Khan,1984-01-26,49c2a3d57f67,low,expired,RU,2023-06-10 00:00:00,CUSTOMER_ONBOARDING_SVC
CUST005594,Lucia Singh,1962-06-27,7eb246fff990,high,verified,RU,2026-04-27 00:00:00,CUSTOMER_ONBOARDING_SVC
CUST005595,Ethan Lopez,1965-04-06,e774feca8122,medium,,CN,2025-01-06 00:00:00,CUSTOMER_ONBOARDING_SVC
CUST005596,Sophia Brown,2003-09-28,587f7684a7a3,medium,pending,NG,2025-03-29 00:00:00,CUSTOMER_ONBOARDING_SVC
CUST005597,Nikhil Anderson,1960-01-25,29a81bcca7d9,low,verified,CA,2022-03-18 00:00:00,CUSTOMER_ONBOARDING_SVC
CUST005598,Omar Wilson,1985-04-28,68e493c28e64,low,expired,RU,2024-11-11 00:00:00,CUSTOMER_ONBOARDING_SVC
CUST005599,Noah Khan,1985-02-15,dabbe05735c4,medium,verified,RU,2019-04-27 00:00:00,CUSTOMER_ONBOARDING_SVC
CUST005600,Emma Mehta,1974-07-23,21967b28e678,low,verified,US,2023-01-20 00:00:00,CUSTOMER_ONBOARDING_SVC
CUST005601,Sneha Kumar,1955-06-07,cf6387ac8971,low,expired,US,2022-08-06 00:00:00,CUSTOMER_ONBOARDING_SVC
CUST005602,Ethan Smith,1983-03-11,a458e7c13432,high,expired,RU,2018-11-25 00:00:00,CUSTOMER_ONBOARDING_SVC
CUST005603,Fatima Al-Sayed,1984-08-20,4a689f285afa,low,pending,AU,2021-08-27 00:00:00,CUSTOMER_ONBOARDING_SVC
CUST005604,Hassan Patel,1974-02-26,9223b7afbd72,low,expired,AU,2021-01-09 00:00:00,CUSTOMER_ONBOARDING_SVC
CUST005605,Liam Lopez,1959-06-07,a6a2aa185970,low,expired,,2023-11-19 00:00:00,CUSTOMER_ONBOARDING_SVC
CUST005606,Mia Lopez,1963-05-19,edec16499539,medium,verified,NG,2024-10-05 00:00:00,CUSTOMER_ONBOARDING_SVC
CUST005607,Wei Martinez,1989-12-06,84ee4820b156,low,verified,CN,2022-04-26 00:00:00,CUSTOMER_ONBOARDING_SVC
CUST005608,Ethan Sharma,2005-08-04,5ff7cc03086d,medium,verified,SG,2024-06-11 00:00:00,CUSTOMER_ONBOARDING_SVC
CUST005609,Lucas Chen,1960-02-24,c5744b331ae5,low,pending,US,2024-06-14 00:00:00,CUSTOMER_ONBOARDING_SVC
CUST005610,Noah Lopez,1957-04-14,6bda7f1b13ca,medium,verified,CN,2024-01-23 00:00:00,CUSTOMER_ONBOARDING_SVC
CUST005611,Ethan Zhang,1972-07-22,430fd7e59090,low,verified,NG,2024-08-29 00:00:00,CUSTOMER_ONBOARDING_SVC
CUST005612,Ava Smith,1977-01-18,57ec12f4d374,medium,expired,RU,2020-11-13 00:00:00,CUSTOMER_ONBOARDING_SVC
CUST005613,Fatima Ivanov,1955-08-25,d83a116b1b7f,high,expired,US,2023-04-05 00:00:00,CUSTOMER_ONBOARDING_SVC
CUST005614,Isha Patel,1996-08-28,3a410c62d458,,verified,US,2018-06-13 00:00:00,CUSTOMER_ONBOARDING_SVC
CUST005615,Amelia Gupta,1970-07-03,c513aec4fa5c,low,expired,AE,2021-09-01 00:00:00,CUSTOMER_ONBOARDING_SVC
CUST005616,Divya Reddy,1996-07-27,8728856578e4,low,verified,CA,2022-09-11 00:00:00,CUSTOMER_ONBOARDING_SVC
CUST005617,Emma Johnson,1978-08-14,abd7fc91f82d,medium,pending,CN,2022-05-13 00:00:00,CUSTOMER_ONBOARDING_SVC
CUST005618,Arjun Garcia,1994-10-24,b1b6094a8c52,low,pending,RU,2022-08-12 00:00:00,CUSTOMER_ONBOARDING_SVC
CUST005619,Olivia Chen,1986-08-28,a5444e154bb1,medium,pending,RU,2018-12-26 00:00:00,CUSTOMER_ONBOARDING_SVC
CUST005620,Vikram Khan,1957-07-08,fedb2968d568,medium,verified,GB,2025-10-08 00:00:00,CUSTOMER_ONBOARDING_SVC
CUST005621,Amelia Reddy,1988-07-25,e6908dfee409,low,pending,AU,2019-08-16 00:00:00,CUSTOMER_ONBOARDING_SVC
CUST005622,Pooja Martinez,1959-04-27,1a45eabd0c50,medium,pending,AU,2023-02-17 00:00:00,CUSTOMER_ONBOARDING_SVC
CUST005623,Olivia Reddy,1976-08-02,e098c33690ee,low,pending,IN,2019-03-02 00:00:00,CUSTOMER_ONBOARDING_SVC
CUST005624,Hassan Singh,1966-10-01,f1af2dbe4cab,low,verified,US,2021-02-10 00:00:00,CUSTOMER_ONBOARDING_SVC
CUST005625,Rahul Khan,1992-10-25,621d33c73066,medium,verified,RU,2026-03-30 00:00:00,CUSTOMER_ONBOARDING_SVC
CUST005626,Mason Davis,1973-07-05,5ec54071af4b,high,verified,,2024-10-23 00:00:00,CUSTOMER_ONBOARDING_SVC
CUST005627,Diego Reddy,1985-10-19,5fbc2bbcd0a5,medium,verified,DE,2021-10-07 00:00:00,CUSTOMER_ONBOARDING_SVC
CUST005628,Aditya Brown,1978-04-28,16616bd62120,medium,verified,AU,2019-07-14 00:00:00,CUSTOMER_ONBOARDING_SVC
CUST005629,Pooja Nair,1966-11-24,5d20108ed512,high,verified,AU,2025-03-21 00:00:00,CUSTOMER_ONBOARDING_SVC
CUST005630,Emma Ivanov,1997-04-05,c2021720fb64,low,verified,DE,2026-03-27 00:00:00,CUSTOMER_ONBOARDING_SVC
CUST005631,Sophia Mehta,1965-02-26,98fde5950377,low,pending,AE,2018-11-14 00:00:00,CUSTOMER_ONBOARDING_SVC
CUST005632,Hassan Chen,1972-05-05,afba51007133,low,expired,SG,2025-09-12 00:00:00,CUSTOMER_ONBOARDING_SVC
CUST005633,Liam Martinez,1964-12-08,a1c97433353a,low,expired,CN,2021-11-12 00:00:00,CUSTOMER_ONBOARDING_SVC
CUST005634,Lucas Miller,1973-10-09,2d8ec5e5007c,low,verified,AE,2026-01-22 00:00:00,CUSTOMER_ONBOARDING_SVC
CUST005635,Fatima Patel,1955-04-13,940a2309bafd,medium,verified,CA,2019-01-27 00:00:00,CUSTOMER_ONBOARDING_SVC
CUST005636,Ava Brown,1978-08-01,8073f66c0d1f,low,verified,CA,2025-07-20 00:00:00,CUSTOMER_ONBOARDING_SVC
CUST005637,Layla Nair,1981-01-18,20f742ab2138,high,verified,AE,2018-03-04 00:00:00,CUSTOMER_ONBOARDING_SVC
CUST005638,Ava Al-Sayed,1997-06-23,8f7f558e4fc0,high,pending,SG,2022-11-25 00:00:00,CUSTOMER_ONBOARDING_SVC
CUST005639,Mason Chen,1964-03-10,9ffecbbc3ccc,low,verified,US,2023-06-12 00:00:00,CUSTOMER_ONBOARDING_SVC
CUST005640,Emma Kumar,1994-11-12,66a2399e0943,medium,verified,AU,2021-10-27 00:00:00,CUSTOMER_ONBOARDING_SVC
CUST005641,Aarav Patel,1971-08-04,257eb75f8c8a,low,verified,CN,2021-04-13 00:00:00,CUSTOMER_ONBOARDING_SVC
CUST005642,Olivia Mehta,1972-04-12,1a886ad0770f,high,verified,AE,2026-04-03 00:00:00,CUSTOMER_ONBOARDING_SVC
CUST005643,Rohan Singh,1961-03-01,e105d8f62c31,low,expired,,2021-07-21 00:00:00,CUSTOMER_ONBOARDING_SVC
CUST005644,Mei Khan,1974-01-18,e3d5dff6f559,low,pending,RU,2026-02-19 00:00:00,CUSTOMER_ONBOARDING_SVC
CUST005645,Divya Ivanov,1999-09-27,f1a376c87f5a,low,verified,US,2025-10-11 00:00:00,CUSTOMER_ONBOARDING_SVC
CUST005646,James Miller,1959-04-24,5f22c63b4815,low,verified,IN,2021-09-20 00:00:00,CUSTOMER_ONBOARDING_SVC
CUST005647,Mia Zhang,1962-12-24,842e6b738185,low,expired,SG,2018-03-27 00:00:00,CUSTOMER_ONBOARDING_SVC
CUST005648,Arjun Chen,1975-08-23,8539127559e7,,expired,NG,2024-06-07 00:00:00,CUSTOMER_ONBOARDING_SVC
CUST005649,Omar Anderson,1956-12-29,cac52f7212cf,medium,expired,NG,2023-07-08 00:00:00,CUSTOMER_ONBOARDING_SVC
CUST005650,Mia Brown,1974-02-20,ad4dd9163d93,low,expired,GB,2024-05-31 00:00:00,CUSTOMER_ONBOARDING_SVC
CUST005651,Vikram Reddy,1981-07-04,534607e4aea9,high,verified,AU,2021-11-03 00:00:00,CUSTOMER_ONBOARDING_SVC
CUST005652,Vikram Singh,1958-01-21,923ffa7d59b0,medium,verified,DE,2026-02-26 00:00:00,CUSTOMER_ONBOARDING_SVC
CUST005653,Rohan Gupta,1974-02-25,01fb1d8d260f,high,verified,CN,2025-03-18 00:00:00,CUSTOMER_ONBOARDING_SVC
CUST005654,Olivia Anderson,2002-02-14,85c540dd4917,high,pending,GB,2021-12-25 00:00:00,CUSTOMER_ONBOARDING_SVC
CUST005655,Ava Singh,1970-11-21,5ff10be2c26f,high,verified,GB,2019-04-29 00:00:00,CUSTOMER_ONBOARDING_SVC
CUST005656,Lucas Zhang,1998-01-12,facf067b19b5,low,verified,IN,2018-09-21 00:00:00,CUSTOMER_ONBOARDING_SVC
CUST005657,Diego Miller,1990-07-30,89d2a3a3272d,low,verified,GB,2019-04-18 00:00:00,CUSTOMER_ONBOARDING_SVC
CUST005658,Meera Brown,1965-01-11,ef8d60d951d6,medium,,RU,2020-05-01 00:00:00,CUSTOMER_ONBOARDING_SVC
CUST005659,Pooja Patel,1996-05-06,e18f712b689c,low,verified,RU,2024-04-19 00:00:00,CUSTOMER_ONBOARDING_SVC
CUST005660,Mia Reddy,1997-12-17,c68c9c4136dd,low,expired,IN,2021-11-08 00:00:00,CUSTOMER_ONBOARDING_SVC
CUST005661,Ivan Nair,1969-03-11,fef757ae55d6,high,expired,NG,2023-10-19 00:00:00,CUSTOMER_ONBOARDING_SVC
CUST005662,Noah Sharma,1976-03-11,91eac123c3bb,medium,verified,CA,2024-12-24 00:00:00,CUSTOMER_ONBOARDING_SVC
CUST005663,Mia Wilson,1986-01-06,640d135420d6,high,verified,US,2019-01-20 00:00:00,CUSTOMER_ONBOARDING_SVC
CUST005664,Mason Reddy,1997-02-12,15185b8c93a2,medium,verified,US,2025-12-02 00:00:00,CUSTOMER_ONBOARDING_SVC
CUST005665,Fatima Kumar,1979-02-22,730385da2b96,medium,verified,GB,2022-01-25 00:00:00,CUSTOMER_ONBOARDING_SVC
CUST005666,Ava Nair,1958-02-20,59ec614f9cbb,low,verified,AU,2018-10-13 00:00:00,CUSTOMER_ONBOARDING_SVC
CUST005667,Liam Brown,1963-01-03,1b554479347e,high,verified,IN,2019-05-28 00:00:00,CUSTOMER_ONBOARDING_SVC
CUST005668,Fatima Johnson,1963-12-26,3a2592404f85,low,verified,NG,2020-04-17 00:00:00,CUSTOMER_ONBOARDING_SVC
CUST005669,Hassan Martinez,1976-01-05,c29b5b59b701,medium,verified,NG,2018-04-08 00:00:00,CUSTOMER_ONBOARDING_SVC
CUST005670,Olivia Singh,1993-04-13,16b4655dd913,medium,pending,CA,2022-07-28 00:00:00,CUSTOMER_ONBOARDING_SVC
CUST005671,Omar Nair,1969-04-03,38e62e9a89d1,low,pending,NG,2024-03-13 00:00:00,CUSTOMER_ONBOARDING_SVC
CUST005672,Aarav Lopez,1998-02-20,97ba5f4386d8,low,verified,AU,2023-06-21 00:00:00,CUSTOMER_ONBOARDING_SVC
CUST005673,Chen Garcia,1956-08-20,d4b493b8996f,low,verified,RU,2026-03-13 00:00:00,CUSTOMER_ONBOARDING_SVC
CUST005674,Rohan Brown,1977-08-26,f6e9d219da61,low,pending,AE,2025-09-05 00:00:00,CUSTOMER_ONBOARDING_SVC
CUST005675,Amelia Tanaka,1984-06-13,96c1177c7cde,,verified,AU,2022-11-16 00:00:00,CUSTOMER_ONBOARDING_SVC
CUST005676,Divya Singh,1978-05-11,49f398f79701,high,pending,RU,2021-09-15 00:00:00,CUSTOMER_ONBOARDING_SVC
CUST005677,Nikhil Reddy,1990-08-02,540db787cbdc,high,expired,US,2026-04-03 00:00:00,CUSTOMER_ONBOARDING_SVC
CUST005677,Nikhil Reddy,1990-08-02,540db787cbdc,high,expired,US,2026-04-03 00:50:00,CUSTOMER_ONBOARDING_SVC
CUST005678,Chen Johnson,1956-03-26,a38e2deb1e94,medium,verified,SG,2021-12-15 00:00:00,CUSTOMER_ONBOARDING_SVC
CUST005679,Fatima Johnson,1972-11-17,444007b16e21,low,expired,RU,2024-07-03 00:00:00,CUSTOMER_ONBOARDING_SVC
CUST005680,Lucas Wilson,2002-05-29,996a8593fbfd,low,verified,RU,2018-03-01 00:00:00,CUSTOMER_ONBOARDING_SVC
CUST005681,Isha Wilson,1980-07-30,dd09c635df1b,high,verified,SG,2021-06-30 00:00:00,CUSTOMER_ONBOARDING_SVC
CUST005682,Karan Smith,1993-10-09,f34526ebdf86,,pending,US,2020-08-14 00:00:00,CUSTOMER_ONBOARDING_SVC
CUST005683,Arjun Sharma,1986-05-11,0c023b3cbb44,low,expired,IN,2018-08-05 00:00:00,CUSTOMER_ONBOARDING_SVC
CUST005684,Mei Mehta,1994-09-24,99851eaab014,high,expired,RU,2023-04-25 00:00:00,CUSTOMER_ONBOARDING_SVC
CUST005685,Ivan Kumar,1957-03-21,84419239dbce,low,verified,SG,2026-04-24 00:00:00,CUSTOMER_ONBOARDING_SVC
CUST005686,Liam Al-Sayed,1982-08-29,6fb960da1878,low,pending,IN,2019-03-06 00:00:00,CUSTOMER_ONBOARDING_SVC
CUST005687,Omar Chen,1986-05-02,05e21cce5176,low,pending,CA,2018-11-14 00:00:00,CUSTOMER_ONBOARDING_SVC
CUST005688,Aditya Chen,1958-01-14,4fd090a15a3e,low,pending,AU,2025-01-18 00:00:00,CUSTOMER_ONBOARDING_SVC
CUST005689,Mia Zhang,1975-08-12,69cd702e37b7,medium,expired,AE,2018-02-16 00:00:00,CUSTOMER_ONBOARDING_SVC
CUST005690,Noah Al-Sayed,1971-09-07,336e37bf4db2,low,verified,RU,2023-08-16 00:00:00,CUSTOMER_ONBOARDING_SVC
CUST005691,Lucia Smith,1993-11-19,8226abdd6103,low,pending,US,2021-10-08 00:00:00,CUSTOMER_ONBOARDING_SVC
CUST005692,Hassan Brown,1973-06-24,8b3797d073ba,medium,verified,DE,2025-09-02 00:00:00,CUSTOMER_ONBOARDING_SVC
CUST005693,Divya Kumar,2001-06-19,99958c910753,medium,verified,DE,2022-02-20 00:00:00,CUSTOMER_ONBOARDING_SVC
CUST005694,Amelia Wilson,1981-12-26,4521bafe1926,medium,verified,CA,2023-07-03 00:00:00,CUSTOMER_ONBOARDING_SVC
CUST005695,Isha Brown,1955-11-26,30034342b9be,low,verified,US,2019-05-18 00:00:00,CUSTOMER_ONBOARDING_SVC
CUST005696,Divya Smith,1961-01-24,624730dd65ec,low,verified,RU,2021-01-10 00:00:00,CUSTOMER_ONBOARDING_SVC
CUST005697,Lucia Johnson,1978-03-01,527ccf1e3c3a,medium,verified,CA,2025-11-08 00:00:00,CUSTOMER_ONBOARDING_SVC
CUST005698,Ivan Smith,1971-12-10,d6660c7b53b9,low,verified,CN,2023-08-13 00:00:00,CUSTOMER_ONBOARDING_SVC
CUST005699,Meera Smith,1955-10-14,1ba764ed1761,low,pending,CA,2023-09-16 00:00:00,CUSTOMER_ONBOARDING_SVC
CUST005700,Diego Smith,1991-10-04,ab6e8a965d16,low,verified,AE,2025-10-13 00:00:00,CUSTOMER_ONBOARDING_SVC
CUST005701,Isha Miller,1964-09-11,3b98b6141cdf,low,verified,RU,2025-01-21 00:00:00,CUSTOMER_ONBOARDING_SVC
CUST005702,Aarav Tanaka,1996-03-10,a777860d3704,low,verified,CN,2019-09-03 00:00:00,CUSTOMER_ONBOARDING_SVC
CUST005703,Priya Wilson,1976-08-09,31f4afef4d61,low,verified,DE,2020-05-02 00:00:00,CUSTOMER_ONBOARDING_SVC
CUST005704,Rahul Anderson,1956-10-29,0f66a8646849,low,expired,CN,2025-09-19 00:00:00,CUSTOMER_ONBOARDING_SVC
CUST005705,Rahul Gupta,1982-03-13,c8d614305263,low,verified,NG,2021-02-14 00:00:00,CUSTOMER_ONBOARDING_SVC
CUST005706,Hassan Zhang,1981-07-24,29df64ec71b3,high,verified,GB,2019-03-22 00:00:00,CUSTOMER_ONBOARDING_SVC
CUST005707,Noah Singh,1976-01-13,debf8df6cbb9,high,expired,SG,2023-07-03 00:00:00,CUSTOMER_ONBOARDING_SVC
CUST005708,Priya Anderson,1977-05-08,535e716461a3,,verified,CN,2025-08-31 00:00:00,CUSTOMER_ONBOARDING_SVC
CUST005709,Chen Tanaka,1955-10-08,31a26ce7e108,high,pending,NG,2022-09-22 00:00:00,CUSTOMER_ONBOARDING_SVC
CUST005710,Noah Nair,1968-03-24,efdf2d56e7b9,low,verified,IN,2019-09-04 00:00:00,CUSTOMER_ONBOARDING_SVC
CUST005711,Pooja Brown,1974-06-22,a5418d3ff897,high,verified,NG,2019-12-16 00:00:00,CUSTOMER_ONBOARDING_SVC
CUST005712,Emma Singh,1960-03-12,1e6de4f7c893,low,expired,DE,2023-10-14 00:00:00,CUSTOMER_ONBOARDING_SVC
CUST005713,Ivan Al-Sayed,1979-04-25,7e930af5de8f,high,verified,RU,2024-01-29 00:00:00,CUSTOMER_ONBOARDING_SVC
CUST005714,Isha Wilson,1993-02-15,027d82800463,medium,verified,GB,2026-06-17 00:00:00,CUSTOMER_ONBOARDING_SVC
CUST005715,Karan Wilson,1972-08-27,f469757ab6dd,low,verified,DE,2019-08-24 00:00:00,CUSTOMER_ONBOARDING_SVC
CUST005716,Isha Singh,1985-12-05,19e0b1e0e0cf,low,verified,GB,2025-06-04 00:00:00,CUSTOMER_ONBOARDING_SVC
CUST005717,James Wilson,1999-03-06,7940c02429c7,low,verified,RU,2020-12-14 00:00:00,CUSTOMER_ONBOARDING_SVC
CUST005718,Aditya Patel,1999-02-08,d31303e6687d,medium,verified,AE,2020-11-02 00:00:00,CUSTOMER_ONBOARDING_SVC
CUST005719,Emma Mehta,1959-07-10,4b4cc41b2a99,low,pending,CN,2026-06-07 00:00:00,CUSTOMER_ONBOARDING_SVC
CUST005720,Lucia Tanaka,1993-12-31,af3f8d36d767,high,pending,AE,2026-05-17 00:00:00,CUSTOMER_ONBOARDING_SVC
CUST005721,Diego Tanaka,1983-06-16,c21ae3f4c973,low,verified,US,2023-04-01 00:00:00,CUSTOMER_ONBOARDING_SVC
CUST005722,Ivan Patel,1977-02-16,1285b2684572,high,expired,CN,2023-12-28 00:00:00,CUSTOMER_ONBOARDING_SVC
CUST005723,Chen Ivanov,1996-02-19,76a36bd8b84e,low,expired,GB,2022-04-05 00:00:00,CUSTOMER_ONBOARDING_SVC
CUST005724,Rahul Chen,1990-12-16,eb8fb7c10fcb,low,expired,RU,2019-09-26 00:00:00,CUSTOMER_ONBOARDING_SVC
CUST005725,James Khan,1995-10-12,a445a06c37fa,medium,verified,CN,2021-09-04 00:00:00,CUSTOMER_ONBOARDING_SVC
CUST005726,Sneha Singh,1957-01-15,69a10cb25a47,low,pending,CA,2018-09-18 00:00:00,CUSTOMER_ONBOARDING_SVC
CUST005727,Liam Tanaka,1988-01-18,d06d7ce2eafd,low,pending,AE,2019-04-04 00:00:00,CUSTOMER_ONBOARDING_SVC
CUST005728,Chen Wilson,1958-10-23,622e200d8f65,medium,verified,RU,2025-12-15 00:00:00,CUSTOMER_ONBOARDING_SVC
CUST005729,Fatima Patel,1956-08-17,8aef37f2941a,low,expired,AE,2019-11-10 00:00:00,CUSTOMER_ONBOARDING_SVC
CUST005729,Fatima Patel,1956-08-17,8aef37f2941a,low,expired,AE,2019-11-10 00:02:00,CUSTOMER_ONBOARDING_SVC
CUST005730,Hassan Nair,1982-02-25,3c957c14eadb,medium,pending,AE,2019-05-10 00:00:00,CUSTOMER_ONBOARDING_SVC
CUST005731,Priya Nair,1972-05-31,eb4e6e735733,low,expired,RU,2018-08-13 00:00:00,CUSTOMER_ONBOARDING_SVC
CUST005732,Pooja Kumar,1994-07-26,f933d8a626c8,low,verified,AE,2026-04-02 00:00:00,CUSTOMER_ONBOARDING_SVC
CUST005733,Emma Anderson,2003-12-08,1dffe3ead1f5,medium,expired,NG,2019-03-20 00:00:00,CUSTOMER_ONBOARDING_SVC
CUST005734,Nikhil Gupta,1966-12-12,d9e5a753abab,medium,verified,CN,2023-05-25 00:00:00,CUSTOMER_ONBOARDING_SVC
CUST005735,Elena Anderson,1973-11-25,603facac65fe,low,verified,DE,2024-06-25 00:00:00,CUSTOMER_ONBOARDING_SVC
CUST005736,Hassan Davis,1958-08-13,6edc0e2f958c,medium,verified,AE,2020-06-30 00:00:00,CUSTOMER_ONBOARDING_SVC
CUST005737,Layla Miller,1958-07-04,70d147e51c8d,high,pending,CA,2023-03-31 00:00:00,CUSTOMER_ONBOARDING_SVC
CUST005738,James Smith,1960-10-06,cab8f27bead3,medium,verified,GB,2019-05-07 00:00:00,CUSTOMER_ONBOARDING_SVC
CUST005739,Isha Brown,1996-03-18,83e3f72d88fb,low,verified,SG,2020-07-25 00:00:00,CUSTOMER_ONBOARDING_SVC
CUST005740,Fatima Johnson,1975-02-13,fe9fd8e05727,low,verified,CN,2018-03-09 00:00:00,CUSTOMER_ONBOARDING_SVC
CUST005741,Yuki Zhang,1969-03-12,ae0b7394edab,high,verified,SG,2019-04-15 00:00:00,CUSTOMER_ONBOARDING_SVC
CUST005742,Meera Mehta,1965-10-25,706723f36cfd,low,verified,US,2025-11-11 00:00:00,CUSTOMER_ONBOARDING_SVC
CUST005743,Layla Reddy,1996-06-13,dcf615375ca3,low,expired,DE,2022-12-04 00:00:00,CUSTOMER_ONBOARDING_SVC
CUST005744,Fatima Zhang,1991-07-20,8ff062531b5e,low,verified,GB,2018-04-19 00:00:00,CUSTOMER_ONBOARDING_SVC
CUST005745,Diego Johnson,1989-03-07,6f2f31c8694c,low,verified,IN,2024-01-14 00:00:00,CUSTOMER_ONBOARDING_SVC
CUST005746,Fatima Tanaka,1993-04-26,7307aed5a011,low,pending,US,2025-10-17 00:00:00,CUSTOMER_ONBOARDING_SVC
CUST005747,Wei Nair,1956-09-29,340bf2d38a36,,expired,DE,2021-08-26 00:00:00,CUSTOMER_ONBOARDING_SVC
CUST005748,Aarav Sharma,1998-04-03,86c205da2ca0,medium,expired,IN,2025-11-19 00:00:00,CUSTOMER_ONBOARDING_SVC
CUST005749,Rohan Ivanov,1973-03-30,f78e9d0a4476,high,verified,DE,2023-05-07 00:00:00,CUSTOMER_ONBOARDING_SVC
CUST005750,Isha Reddy,1960-01-28,f2688b393593,medium,verified,SG,2026-03-22 00:00:00,CUSTOMER_ONBOARDING_SVC
CUST005751,James Al-Sayed,1988-02-13,a828f5121520,high,verified,GB,2020-12-21 00:00:00,CUSTOMER_ONBOARDING_SVC
CUST005752,Rohan Chen,1999-05-06,31b496fc4d20,medium,verified,NG,2025-12-14 00:00:00,CUSTOMER_ONBOARDING_SVC
CUST005753,Lucia Singh,1982-12-22,b95f2d219c4e,medium,pending,CA,2018-04-08 00:00:00,CUSTOMER_ONBOARDING_SVC
CUST005754,Arjun Sharma,1988-09-22,f9dc2199833e,low,pending,AU,2019-05-10 00:00:00,CUSTOMER_ONBOARDING_SVC
CUST005755,Lucas Singh,1966-09-29,48aa13f4adc2,high,expired,NG,2021-07-23 00:00:00,CUSTOMER_ONBOARDING_SVC
CUST005756,Yuki Wilson,2005-07-29,ab4c9c2e07b4,medium,verified,CA,2018-04-30 00:00:00,CUSTOMER_ONBOARDING_SVC
CUST005757,Rohan Miller,1983-05-10,10c2636c335d,medium,verified,AE,2026-01-06 00:00:00,CUSTOMER_ONBOARDING_SVC
CUST005758,Lucas Reddy,1984-02-15,f7dac7587e2d,high,verified,CN,2026-06-24 00:00:00,CUSTOMER_ONBOARDING_SVC
CUST005759,Fatima Johnson,1975-08-14,b29e53f1a81a,high,verified,GB,2023-06-19 00:00:00,CUSTOMER_ONBOARDING_SVC
CUST005760,Karan Reddy,1966-11-25,9df4ac1c2e4a,low,verified,SG,2018-08-28 00:00:00,CUSTOMER_ONBOARDING_SVC
CUST005761,Fatima Al-Sayed,1968-10-08,86e3f0e70979,medium,expired,US,2021-04-09 00:00:00,CUSTOMER_ONBOARDING_SVC
CUST005762,Fatima Nair,1972-04-16,ec6f72e46599,medium,verified,IN,2019-02-04 00:00:00,CUSTOMER_ONBOARDING_SVC
CUST005763,Wei Garcia,1974-02-13,ed11733e21be,medium,expired,US,2023-06-18 00:00:00,CUSTOMER_ONBOARDING_SVC
CUST005764,Karan Zhang,1989-02-28,7eb9ecd10437,medium,expired,RU,2023-07-20 00:00:00,CUSTOMER_ONBOARDING_SVC
CUST005765,Vikram Lopez,1955-04-04,ca563f34b711,high,verified,CN,2023-09-15 00:00:00,CUSTOMER_ONBOARDING_SVC
CUST005766,Ava Singh,1978-07-16,0b55ffd2773e,low,pending,RU,2018-06-10 00:00:00,CUSTOMER_ONBOARDING_SVC
CUST005767,Ivan Nair,1959-11-22,6d5c5be59a8e,low,pending,GB,2019-02-11 00:00:00,CUSTOMER_ONBOARDING_SVC
CUST005768,Chen Lopez,1969-10-07,4375bc6ee2fd,low,pending,CA,2019-07-25 00:00:00,CUSTOMER_ONBOARDING_SVC
CUST005769,Isha Brown,1977-04-17,cf286ed7859b,low,verified,RU,2026-01-19 00:00:00,CUSTOMER_ONBOARDING_SVC
CUST005770,Liam Khan,1987-10-24,531ee846390a,high,,RU,2021-07-13 00:00:00,CUSTOMER_ONBOARDING_SVC
CUST005771,Ava Smith,1997-02-10,2adbab6d6736,low,verified,DE,2022-12-09 00:00:00,CUSTOMER_ONBOARDING_SVC
CUST005772,Aarav Chen,1962-03-22,dfd7945e815b,,expired,SG,2022-07-26 00:00:00,CUSTOMER_ONBOARDING_SVC
CUST005773,Olivia Sharma,1958-06-14,3d7a5f2767ff,low,pending,RU,2023-02-24 00:00:00,CUSTOMER_ONBOARDING_SVC
CUST005774,Lucas Smith,1956-05-07,66db2d609f1b,medium,verified,NG,2020-06-09 00:00:00,CUSTOMER_ONBOARDING_SVC
CUST005775,Isha Lopez,1987-06-26,4f64f5aac9b0,low,verified,US,2022-04-16 00:00:00,CUSTOMER_ONBOARDING_SVC
CUST005776,Vikram Al-Sayed,1971-02-11,17b8a25839cf,medium,verified,GB,2019-06-04 00:00:00,CUSTOMER_ONBOARDING_SVC
CUST005777,Ivan Mehta,1960-09-29,a038f97109ad,high,pending,SG,2018-12-02 00:00:00,CUSTOMER_ONBOARDING_SVC
CUST005778,Aditya Davis,1976-10-08,578a933ec676,high,verified,RU,2024-01-23 00:00:00,CUSTOMER_ONBOARDING_SVC
CUST005779,James Mehta,1964-05-30,34b39c695fe9,low,expired,SG,2023-06-18 00:00:00,CUSTOMER_ONBOARDING_SVC
CUST005780,Rahul Anderson,1978-07-29,2e5eb650e09a,medium,verified,AU,2021-08-30 00:00:00,CUSTOMER_ONBOARDING_SVC
CUST005781,Ivan Miller,1971-02-09,a4eaffb34cfc,low,verified,US,2022-09-24 00:00:00,CUSTOMER_ONBOARDING_SVC
CUST005782,Ava Wilson,1972-06-13,dcc9fa82c57d,medium,expired,SG,2023-04-21 00:00:00,CUSTOMER_ONBOARDING_SVC
CUST005783,Amelia Zhang,2001-03-14,ec17c0b1e22d,low,expired,DE,2025-02-13 00:00:00,CUSTOMER_ONBOARDING_SVC
CUST005784,Fatima Anderson,1980-08-23,f679264a885a,low,pending,CA,2025-03-22 00:00:00,CUSTOMER_ONBOARDING_SVC
CUST005785,Fatima Brown,1983-07-14,222d3a6bd548,low,pending,GB,2023-03-05 00:00:00,CUSTOMER_ONBOARDING_SVC
CUST005786,Ava Ivanov,2004-07-13,30351c18f334,medium,verified,SG,2026-02-03 00:00:00,CUSTOMER_ONBOARDING_SVC
CUST005787,Nikhil Reddy,1987-10-05,08649c841caf,low,verified,CA,2021-06-16 00:00:00,CUSTOMER_ONBOARDING_SVC
CUST005788,Sneha Singh,1985-11-20,072c369d328f,low,pending,AU,2022-04-18 00:00:00,CUSTOMER_ONBOARDING_SVC
CUST005789,Sneha Garcia,1995-06-05,c8437a7404c7,low,verified,CN,2024-08-04 00:00:00,CUSTOMER_ONBOARDING_SVC
CUST005790,Amelia Ivanov,1991-09-13,263ed5868fd8,medium,pending,GB,2018-06-10 00:00:00,CUSTOMER_ONBOARDING_SVC
CUST005791,Yuki Brown,2003-05-02,dd2e0a8bde3d,medium,expired,SG,2020-05-12 00:00:00,CUSTOMER_ONBOARDING_SVC
CUST005792,Ivan Mehta,1968-11-16,7bd89e896acb,low,expired,AU,2022-01-04 00:00:00,CUSTOMER_ONBOARDING_SVC
CUST005793,Isha Ivanov,1990-05-01,08bc46efeaf2,medium,verified,IN,2022-10-26 00:00:00,CUSTOMER_ONBOARDING_SVC
CUST005794,Ananya Patel,1956-11-27,3e81104f4afd,low,,RU,2018-03-29 00:00:00,CUSTOMER_ONBOARDING_SVC
CUST005795,Mason Miller,1963-01-29,16439a113447,medium,verified,DE,2023-03-26 00:00:00,CUSTOMER_ONBOARDING_SVC
CUST005796,Mei Zhang,1961-03-27,7bb25eea20bd,low,pending,RU,2022-05-23 00:00:00,CUSTOMER_ONBOARDING_SVC
CUST005797,Chen Johnson,1986-10-20,db077160c247,low,verified,CN,2018-09-13 00:00:00,CUSTOMER_ONBOARDING_SVC
CUST005798,Sophia Nair,1984-05-25,6c4651fa3f66,low,pending,CA,2024-07-26 00:00:00,CUSTOMER_ONBOARDING_SVC
CUST005799,Divya Miller,1980-11-22,728df53ac35b,medium,verified,CN,2019-07-13 00:00:00,CUSTOMER_ONBOARDING_SVC
CUST005800,Wei Khan,1965-05-15,eec10e725021,medium,,IN,2022-12-02 00:00:00,CUSTOMER_ONBOARDING_SVC
CUST005801,Lucas Smith,1965-07-03,a38b50c10003,,verified,RU,2023-06-20 00:00:00,CUSTOMER_ONBOARDING_SVC
CUST005802,Arjun Nair,1965-05-05,ca805c322fd3,high,verified,AE,2021-07-30 00:00:00,CUSTOMER_ONBOARDING_SVC
CUST005803,Liam Singh,1957-09-04,1577a30c24c3,high,verified,AU,2026-06-15 00:00:00,CUSTOMER_ONBOARDING_SVC
CUST005804,Mason Zhang,2002-05-23,72f007ecd7b2,medium,expired,DE,2025-09-07 00:00:00,CUSTOMER_ONBOARDING_SVC
CUST005805,Aditya Al-Sayed,1994-12-12,c0c2dbfa8998,medium,verified,CN,2023-12-08 00:00:00,CUSTOMER_ONBOARDING_SVC
CUST005806,Mason Nair,1987-11-14,d5616ec6e729,high,verified,SG,2021-12-28 00:00:00,CUSTOMER_ONBOARDING_SVC
CUST005807,Ananya Smith,1986-03-22,9566f80564cb,low,verified,AU,2019-06-14 00:00:00,CUSTOMER_ONBOARDING_SVC
CUST005808,Ananya Martinez,1987-09-23,93de9a167469,medium,pending,DE,2021-01-17 00:00:00,CUSTOMER_ONBOARDING_SVC
CUST005809,James Garcia,2005-12-03,6413259786e6,low,verified,,2019-02-15 00:00:00,CUSTOMER_ONBOARDING_SVC
CUST005810,Pooja Wilson,1997-09-25,3e05701faa9e,high,pending,NG,2018-01-07 00:00:00,CUSTOMER_ONBOARDING_SVC
CUST005811,Liam Gupta,1967-09-01,b3a024f4d1e1,low,verified,US,2019-02-11 00:00:00,CUSTOMER_ONBOARDING_SVC
CUST005812,Ananya Patel,2002-03-19,0e42cb68e3b6,medium,pending,IN,2021-03-10 00:00:00,CUSTOMER_ONBOARDING_SVC
CUST005813,Amelia Zhang,1989-06-06,8f452729b7b1,low,verified,NG,2019-08-06 00:00:00,CUSTOMER_ONBOARDING_SVC
CUST005814,Liam Kumar,1962-12-10,79986f34fd82,low,pending,CA,2018-03-14 00:00:00,CUSTOMER_ONBOARDING_SVC
CUST005815,Mason Martinez,1996-10-09,319a2ad8a26f,medium,verified,IN,2018-02-07 00:00:00,CUSTOMER_ONBOARDING_SVC
CUST005816,Omar Ivanov,2005-05-18,643c6e288a94,medium,verified,AE,2025-02-04 00:00:00,CUSTOMER_ONBOARDING_SVC
CUST005817,Lucia Tanaka,1958-07-28,b613f7060523,medium,verified,IN,2021-06-08 00:00:00,CUSTOMER_ONBOARDING_SVC
CUST005818,Riya Reddy,1985-10-04,1b0421e6710f,medium,verified,SG,2020-05-23 00:00:00,CUSTOMER_ONBOARDING_SVC
CUST005819,Mia Reddy,1985-04-05,5480df586686,medium,verified,CN,2018-08-28 00:00:00,CUSTOMER_ONBOARDING_SVC
CUST005820,Arjun Mehta,1961-05-25,1068e6773320,medium,verified,IN,2020-12-01 00:00:00,CUSTOMER_ONBOARDING_SVC
CUST005821,Omar Patel,1984-04-24,aed9f6b76bd7,low,verified,RU,2026-04-18 00:00:00,CUSTOMER_ONBOARDING_SVC
CUST005822,Karan Patel,1956-10-04,03322ad3bbc7,low,verified,US,2021-02-05 00:00:00,CUSTOMER_ONBOARDING_SVC
CUST005823,Ivan Martinez,1977-10-20,663494a112a4,high,expired,AE,2018-06-18 00:00:00,CUSTOMER_ONBOARDING_SVC
CUST005824,Wei Miller,1981-03-04,f0c10e65ecfd,medium,pending,NG,2025-06-24 00:00:00,CUSTOMER_ONBOARDING_SVC
CUST005825,Isha Chen,1990-01-01,e393ae04c512,low,pending,CA,2023-11-11 00:00:00,CUSTOMER_ONBOARDING_SVC
CUST005826,Olivia Gupta,1970-09-26,99eba45242a1,,verified,RU,2023-07-18 00:00:00,CUSTOMER_ONBOARDING_SVC
CUST005827,Mason Chen,1980-01-22,ffbd0a0c5480,low,verified,GB,2019-07-18 00:00:00,CUSTOMER_ONBOARDING_SVC
CUST005828,Isha Nair,1964-03-06,66ae54557fcf,medium,expired,NG,2021-01-29 00:00:00,CUSTOMER_ONBOARDING_SVC
CUST005829,Nikhil Khan,1995-12-16,fd2356c4db75,medium,expired,SG,2023-08-05 00:00:00,CUSTOMER_ONBOARDING_SVC
CUST005830,Omar Miller,1988-08-23,d833aa1fdd88,low,verified,AE,2019-08-24 00:00:00,CUSTOMER_ONBOARDING_SVC
CUST005831,Lucia Nair,1981-09-11,382185a5e674,medium,pending,AU,2023-06-02 00:00:00,CUSTOMER_ONBOARDING_SVC
CUST005832,Layla Garcia,1967-10-26,b064104a48e5,medium,verified,NG,2023-02-03 00:00:00,CUSTOMER_ONBOARDING_SVC
CUST005833,Mei Martinez,1985-12-23,48ea723fb1f3,high,expired,US,2025-07-31 00:00:00,CUSTOMER_ONBOARDING_SVC
CUST005834,Yuki Wilson,2002-04-29,36b9c3127a4d,low,verified,SG,2019-02-26 00:00:00,CUSTOMER_ONBOARDING_SVC
CUST005835,Aditya Davis,1996-12-08,9c43ad36b5de,,expired,NG,2022-08-06 00:00:00,CUSTOMER_ONBOARDING_SVC
CUST005836,Ethan Garcia,1963-09-10,0089e5b01c36,medium,verified,SG,2018-06-27 00:00:00,CUSTOMER_ONBOARDING_SVC
CUST005837,Chen Miller,1962-10-01,a422428b829c,medium,expired,US,2022-03-05 00:00:00,CUSTOMER_ONBOARDING_SVC
CUST005838,Arjun Martinez,1955-09-14,2440132f0924,high,verified,CA,2018-11-21 00:00:00,CUSTOMER_ONBOARDING_SVC
CUST005839,Mia Reddy,1978-05-26,ee264bfef32e,low,pending,AU,2020-02-02 00:00:00,CUSTOMER_ONBOARDING_SVC
CUST005840,Mia Lopez,1992-06-14,a138275fc789,low,verified,CA,2024-11-03 00:00:00,CUSTOMER_ONBOARDING_SVC
CUST005841,Hassan Gupta,1981-09-05,a80f27d9a5a0,medium,,US,2025-12-19 00:00:00,CUSTOMER_ONBOARDING_SVC
CUST005842,Yuki Zhang,1957-11-20,272df5f68399,medium,verified,US,2025-10-26 00:00:00,CUSTOMER_ONBOARDING_SVC
CUST005843,Divya Reddy,1958-03-16,374f14b668de,low,expired,AE,2020-04-10 00:00:00,CUSTOMER_ONBOARDING_SVC
CUST005844,James Nair,1994-09-24,f1529126d63b,low,verified,US,2019-07-18 00:00:00,CUSTOMER_ONBOARDING_SVC
CUST005845,Vikram Singh,1989-08-27,a10778003100,medium,verified,NG,2026-03-11 00:00:00,CUSTOMER_ONBOARDING_SVC
CUST005846,Pooja Garcia,1983-08-30,d867735f2a20,low,verified,IN,2021-05-17 00:00:00,CUSTOMER_ONBOARDING_SVC
CUST005847,Meera Garcia,1994-10-07,64b732986104,medium,expired,GB,2018-01-15 00:00:00,CUSTOMER_ONBOARDING_SVC
CUST005848,Priya Brown,1955-07-26,27085997a5e4,medium,verified,GB,2023-01-16 00:00:00,CUSTOMER_ONBOARDING_SVC
CUST005849,Lucas Zhang,1979-03-23,a8bb71b88135,medium,expired,CN,2020-02-25 00:00:00,CUSTOMER_ONBOARDING_SVC
CUST005850,Nikhil Lopez,2004-08-05,e5724266cb69,low,pending,GB,2025-04-16 00:00:00,CUSTOMER_ONBOARDING_SVC
CUST005851,Layla Smith,2001-06-22,f6e63ad226f8,low,expired,SG,2021-02-08 00:00:00,CUSTOMER_ONBOARDING_SVC
CUST005852,Lucas Khan,1966-08-18,f3bd427861b5,medium,verified,IN,2019-01-28 00:00:00,CUSTOMER_ONBOARDING_SVC
CUST005853,Diego Martinez,1980-06-15,0ac0ef930f78,low,verified,AE,2020-11-08 00:00:00,CUSTOMER_ONBOARDING_SVC
CUST005854,Diego Tanaka,1967-11-24,639a742ae32f,high,verified,GB,2018-09-25 00:00:00,CUSTOMER_ONBOARDING_SVC
CUST005855,Emma Johnson,1998-12-15,f744dba72ef9,low,expired,AE,2019-02-26 00:00:00,CUSTOMER_ONBOARDING_SVC
CUST005856,Emma Reddy,1996-04-14,77e1c1cd944c,low,verified,AE,2020-09-03 00:00:00,CUSTOMER_ONBOARDING_SVC
CUST005857,Omar Davis,2000-09-22,63aa8f5d4231,high,verified,NG,2025-04-19 00:00:00,CUSTOMER_ONBOARDING_SVC
CUST005858,Nikhil Brown,1971-07-13,01db92c815a5,medium,pending,IN,2020-01-16 00:00:00,CUSTOMER_ONBOARDING_SVC
CUST005859,Omar Smith,1964-12-05,05ad43bce64c,medium,verified,CA,2020-06-18 00:00:00,CUSTOMER_ONBOARDING_SVC
CUST005860,Ava Gupta,1971-05-14,713bcb43d7d1,high,verified,CN,2018-12-04 00:00:00,CUSTOMER_ONBOARDING_SVC
CUST005861,Meera Nair,1980-03-25,d5f47a10a7c7,low,verified,AU,2019-06-29 00:00:00,CUSTOMER_ONBOARDING_SVC
CUST005862,Olivia Garcia,1987-03-14,b71ab01e5942,low,verified,AE,2018-05-15 00:00:00,CUSTOMER_ONBOARDING_SVC
CUST005863,Mia Miller,2005-10-06,2cf9bcde4817,high,verified,DE,2021-02-20 00:00:00,CUSTOMER_ONBOARDING_SVC
CUST005864,Olivia Lopez,1998-01-11,0ec40e6a1a85,high,verified,US,2024-01-30 00:00:00,CUSTOMER_ONBOARDING_SVC
CUST005865,Olivia Johnson,1983-10-11,ab6b0f35745c,high,verified,SG,2020-10-11 00:00:00,CUSTOMER_ONBOARDING_SVC
CUST005866,Ivan Johnson,2003-08-04,6f3b2ca0c296,low,expired,CN,2020-05-06 00:00:00,CUSTOMER_ONBOARDING_SVC
CUST005867,Mason Miller,1976-11-16,fa2246aa99f5,low,expired,AE,2021-05-11 00:00:00,CUSTOMER_ONBOARDING_SVC
CUST005868,Divya Miller,1970-06-14,cca69b180fdd,medium,pending,NG,2021-04-24 00:00:00,CUSTOMER_ONBOARDING_SVC
CUST005869,Elena Kumar,1978-05-21,078d5f1a0438,medium,verified,US,2018-05-10 00:00:00,CUSTOMER_ONBOARDING_SVC
CUST005870,Isha Davis,1979-07-16,4aa5c06ee4ce,low,pending,CA,2024-09-11 00:00:00,CUSTOMER_ONBOARDING_SVC
CUST005871,James Garcia,1969-09-26,16e9562897d8,low,verified,DE,2024-05-04 00:00:00,CUSTOMER_ONBOARDING_SVC
CUST005872,Ava Zhang,1968-10-09,b75e07541235,high,verified,NG,2019-09-27 00:00:00,CUSTOMER_ONBOARDING_SVC
CUST005873,Rahul Brown,1993-04-19,12dcdd370afb,medium,verified,RU,2023-01-07 00:00:00,CUSTOMER_ONBOARDING_SVC
CUST005874,Hassan Khan,1975-08-25,f7bff53758a0,low,verified,AE,2021-05-07 00:00:00,CUSTOMER_ONBOARDING_SVC
CUST005875,Pooja Wilson,1968-06-07,0460a47ba01b,high,verified,RU,2022-03-03 00:00:00,CUSTOMER_ONBOARDING_SVC
CUST005876,Wei Nair,1969-04-25,c26dab93ed4a,low,expired,SG,2024-11-16 00:00:00,CUSTOMER_ONBOARDING_SVC
CUST005877,Fatima Davis,1978-09-05,d3ab44162abc,medium,expired,CA,2020-12-15 00:00:00,CUSTOMER_ONBOARDING_SVC
CUST005878,Aarav Chen,2002-09-20,d4cd7ba74d8e,low,pending,US,2018-12-21 00:00:00,CUSTOMER_ONBOARDING_SVC
CUST005879,Meera Miller,1999-09-08,e7a887463f5d,low,expired,RU,2025-07-04 00:00:00,CUSTOMER_ONBOARDING_SVC
CUST005880,Nikhil Ivanov,2004-11-21,f2d5faa79d74,medium,verified,RU,2025-07-20 00:00:00,CUSTOMER_ONBOARDING_SVC
CUST005881,Vikram Martinez,1981-11-05,919c74dc3fd5,high,expired,RU,2026-01-19 00:00:00,CUSTOMER_ONBOARDING_SVC
CUST005882,Wei Johnson,1990-01-12,fa663e4f13de,low,verified,CN,2018-11-24 00:00:00,CUSTOMER_ONBOARDING_SVC
CUST005883,Rohan Reddy,1984-07-09,297e9e94c3da,medium,verified,NG,2023-08-16 00:00:00,CUSTOMER_ONBOARDING_SVC
CUST005884,Ethan Chen,1979-10-08,f6c85d01ea18,low,expired,AU,2020-07-05 00:00:00,CUSTOMER_ONBOARDING_SVC
CUST005885,Ivan Reddy,1991-01-25,109801aac9d7,low,verified,GB,2018-05-30 00:00:00,CUSTOMER_ONBOARDING_SVC
CUST005886,Lucia Reddy,1975-06-15,a41907ffd658,high,verified,DE,2019-02-15 00:00:00,CUSTOMER_ONBOARDING_SVC
CUST005887,Sneha Smith,1966-08-07,5676a534b127,medium,verified,AU,2026-04-09 00:00:00,CUSTOMER_ONBOARDING_SVC
CUST005888,Emma Khan,1989-10-01,41f2a5101cf5,low,expired,IN,2021-01-14 00:00:00,CUSTOMER_ONBOARDING_SVC
CUST005889,Layla Wilson,1990-09-28,11daa7fbff52,high,verified,CA,2024-12-26 00:00:00,CUSTOMER_ONBOARDING_SVC
CUST005890,Omar Zhang,1961-10-21,76048f73db0d,low,verified,GB,2019-12-21 00:00:00,CUSTOMER_ONBOARDING_SVC
CUST005891,Pooja Tanaka,1990-02-26,9bfd0bd00ea2,medium,verified,IN,2019-08-22 00:00:00,CUSTOMER_ONBOARDING_SVC
CUST005892,Pooja Miller,1964-12-12,49ee54d2b126,medium,expired,US,2020-10-03 00:00:00,CUSTOMER_ONBOARDING_SVC
CUST005893,Amelia Reddy,2000-06-23,def299efa4c4,medium,verified,RU,2021-02-21 00:00:00,CUSTOMER_ONBOARDING_SVC
CUST005894,Sneha Martinez,1977-11-15,10bbf5e06182,low,verified,DE,2022-08-14 00:00:00,CUSTOMER_ONBOARDING_SVC
CUST005895,Fatima Al-Sayed,1991-04-30,22e8c9a1be61,low,verified,SG,2026-02-07 00:00:00,CUSTOMER_ONBOARDING_SVC
CUST005896,Mason Chen,2002-04-03,ebc0884afd4e,low,verified,CA,2024-10-07 00:00:00,CUSTOMER_ONBOARDING_SVC
CUST005897,Pooja Lopez,1958-09-12,a914801cbae5,high,pending,AE,2020-07-18 00:00:00,CUSTOMER_ONBOARDING_SVC
CUST005898,Lucas Ivanov,1977-03-29,edf426c13d07,high,pending,IN,2024-01-29 00:00:00,CUSTOMER_ONBOARDING_SVC
CUST005899,Liam Gupta,1990-04-03,c91057112c6d,low,,AE,2024-01-01 00:00:00,CUSTOMER_ONBOARDING_SVC
CUST005900,Vikram Anderson,1983-11-19,408b5b83f831,medium,verified,DE,2024-01-14 00:00:00,CUSTOMER_ONBOARDING_SVC
CUST005901,Rahul Smith,1985-04-23,0fe837f76197,low,pending,DE,2021-05-23 00:00:00,CUSTOMER_ONBOARDING_SVC
CUST005902,Pooja Miller,2004-07-06,09d1b0a16464,low,verified,AE,2025-06-26 00:00:00,CUSTOMER_ONBOARDING_SVC
CUST005903,Isha Nair,1980-06-29,4e48d1e32f7b,low,verified,IN,2026-06-22 00:00:00,CUSTOMER_ONBOARDING_SVC
CUST005904,Hassan Reddy,1982-02-11,e0b498be5dd6,medium,pending,IN,2025-03-17 00:00:00,CUSTOMER_ONBOARDING_SVC
CUST005905,Ananya Reddy,1973-01-08,5a6cbb53612c,medium,expired,AE,2021-10-04 00:00:00,CUSTOMER_ONBOARDING_SVC
CUST005906,Ethan Lopez,1962-04-01,da79960ec06d,medium,verified,IN,2020-01-03 00:00:00,CUSTOMER_ONBOARDING_SVC
CUST005907,Priya Singh,1973-10-05,cf91d154ae3c,low,verified,AE,2022-12-24 00:00:00,CUSTOMER_ONBOARDING_SVC
CUST005907,Priya Singh,1973-10-05,cf91d154ae3c,low,verified,AE,2022-12-24 01:11:00,CUSTOMER_ONBOARDING_SVC
CUST005908,Noah Patel,1981-08-14,034d03a664b2,high,verified,CA,2024-10-01 00:00:00,CUSTOMER_ONBOARDING_SVC
CUST005909,Arjun Nair,1992-11-27,0b59fa4f5ee5,low,expired,DE,2026-05-25 00:00:00,CUSTOMER_ONBOARDING_SVC
CUST005910,Ananya Mehta,1956-03-31,43f52a766f7f,low,verified,NG,2025-09-17 00:00:00,CUSTOMER_ONBOARDING_SVC
CUST005911,Lucia Ivanov,1991-04-19,a41d558c461e,low,verified,AE,2018-10-15 00:00:00,CUSTOMER_ONBOARDING_SVC
CUST005912,Sophia Davis,1983-09-02,5bc42193157f,low,expired,US,2024-01-05 00:00:00,CUSTOMER_ONBOARDING_SVC
CUST005913,Chen Johnson,1968-07-23,184a0a91b488,low,verified,AU,2024-06-27 00:00:00,CUSTOMER_ONBOARDING_SVC
CUST005914,Ivan Zhang,2001-11-20,cd8b7e58aed4,low,verified,SG,2024-07-07 00:00:00,CUSTOMER_ONBOARDING_SVC
CUST005915,Chen Wilson,1955-08-24,2c10de72482b,low,verified,US,2023-05-24 00:00:00,CUSTOMER_ONBOARDING_SVC
CUST005916,Yuki Johnson,2001-07-19,2ac9e6420a14,low,verified,CA,2020-08-28 00:00:00,CUSTOMER_ONBOARDING_SVC
CUST005916,Yuki Johnson,2001-07-19,2ac9e6420a14,low,verified,CA,2020-08-28 01:09:00,CUSTOMER_ONBOARDING_SVC
CUST005917,Pooja Johnson,1977-06-18,d0f769bc8d98,low,verified,GB,2019-09-13 00:00:00,CUSTOMER_ONBOARDING_SVC
CUST005918,Yuki Wilson,2004-03-31,f842a7084324,medium,pending,SG,2020-12-12 00:00:00,CUSTOMER_ONBOARDING_SVC
CUST005919,Aditya Singh,1960-11-24,813c6c790261,medium,verified,IN,2022-03-13 00:00:00,CUSTOMER_ONBOARDING_SVC
CUST005920,Ivan Chen,1970-09-12,899ae99f7358,,verified,RU,2020-09-09 00:00:00,CUSTOMER_ONBOARDING_SVC
CUST005921,Meera Garcia,1983-11-22,1302a0a930a3,high,pending,IN,2024-10-21 00:00:00,CUSTOMER_ONBOARDING_SVC
CUST005922,Hassan Johnson,1960-12-10,d701490eef4b,medium,pending,GB,2024-02-24 00:00:00,CUSTOMER_ONBOARDING_SVC
CUST005923,Ananya Zhang,1993-05-13,c52e3143030f,medium,pending,CA,2025-02-08 00:00:00,CUSTOMER_ONBOARDING_SVC
CUST005924,Priya Johnson,1999-03-06,8afde9f9a073,high,expired,CN,2022-02-12 00:00:00,CUSTOMER_ONBOARDING_SVC
CUST005925,Olivia Singh,1957-08-10,5b4c8cb4034b,high,verified,IN,2023-11-30 00:00:00,CUSTOMER_ONBOARDING_SVC
CUST005926,Ethan Kumar,1997-12-13,95d63a05f298,medium,verified,US,2022-08-21 00:00:00,CUSTOMER_ONBOARDING_SVC
CUST005927,Fatima Wilson,1958-10-10,53a6b75571b6,medium,pending,IN,2021-06-23 00:00:00,CUSTOMER_ONBOARDING_SVC
CUST005928,Sophia Patel,1981-12-19,f79f5afc2af4,high,expired,NG,2025-03-19 00:00:00,CUSTOMER_ONBOARDING_SVC
CUST005929,Aarav Smith,1959-06-17,ccc2fa3adb45,medium,verified,CN,2021-03-04 00:00:00,CUSTOMER_ONBOARDING_SVC
CUST005930,Diego Brown,1989-09-05,ff347dd6a15f,low,verified,CN,2020-07-07 00:00:00,CUSTOMER_ONBOARDING_SVC
CUST005931,Nikhil Khan,1983-11-08,f376c0fe1d19,high,verified,AE,2024-03-10 00:00:00,CUSTOMER_ONBOARDING_SVC
CUST005932,Wei Sharma,1967-09-26,fc5a3f8bb698,low,verified,IN,2020-09-04 00:00:00,CUSTOMER_ONBOARDING_SVC
CUST005933,Amelia Reddy,1982-10-30,b7f0dc6c3246,low,verified,CA,2025-07-04 00:00:00,CUSTOMER_ONBOARDING_SVC
CUST005934,Omar Nair,2000-07-13,5a9044fb6f29,low,verified,CN,2022-05-30 00:00:00,CUSTOMER_ONBOARDING_SVC
CUST005935,Nikhil Zhang,1965-01-27,daa3f135c62c,high,expired,GB,2026-01-08 00:00:00,CUSTOMER_ONBOARDING_SVC
CUST005936,Diego Ivanov,1992-09-29,ad56bc0301d4,low,verified,GB,2025-01-08 00:00:00,CUSTOMER_ONBOARDING_SVC
CUST005937,Rahul Khan,1985-05-28,0838feb8a032,low,expired,AU,2024-02-21 00:00:00,CUSTOMER_ONBOARDING_SVC
CUST005938,Aarav Davis,1968-08-20,ad3ea71ec6ed,medium,verified,CN,2022-01-17 00:00:00,CUSTOMER_ONBOARDING_SVC
CUST005939,Elena Al-Sayed,1976-07-20,634cbe414507,low,verified,GB,2022-12-21 00:00:00,CUSTOMER_ONBOARDING_SVC
CUST005940,Pooja Zhang,1989-03-08,0a86113cd435,low,verified,NG,2026-04-24 00:00:00,CUSTOMER_ONBOARDING_SVC
CUST005941,Rohan Gupta,2002-09-03,a164be03294c,low,verified,IN,2018-03-15 00:00:00,CUSTOMER_ONBOARDING_SVC
CUST005942,Elena Zhang,1995-05-13,24de92276315,low,verified,CN,2024-08-30 00:00:00,CUSTOMER_ONBOARDING_SVC
CUST005943,Noah Singh,1971-12-11,ee092dc82d2b,low,expired,NG,2025-08-30 00:00:00,CUSTOMER_ONBOARDING_SVC
CUST005944,James Patel,2000-06-08,cf8bf85af7a0,,verified,CA,2020-07-13 00:00:00,CUSTOMER_ONBOARDING_SVC
CUST005945,Mason Al-Sayed,1963-12-21,9d9268536f74,low,expired,IN,2026-04-03 00:00:00,CUSTOMER_ONBOARDING_SVC
CUST005946,Diego Mehta,2005-09-04,ad161b43578d,low,verified,GB,2022-10-29 00:00:00,CUSTOMER_ONBOARDING_SVC
CUST005947,Mei Chen,1973-02-15,8036f58d334e,medium,verified,SG,2019-02-21 00:00:00,CUSTOMER_ONBOARDING_SVC
CUST005948,Isha Khan,1977-11-29,5b7943838dee,high,verified,CN,2018-04-05 00:00:00,CUSTOMER_ONBOARDING_SVC
CUST005949,Ava Anderson,2002-10-27,46e85082c924,low,verified,US,2020-07-22 00:00:00,CUSTOMER_ONBOARDING_SVC
CUST005950,Emma Sharma,2002-08-06,187617255068,medium,verified,AU,2024-08-18 00:00:00,CUSTOMER_ONBOARDING_SVC
CUST005951,Arjun Mehta,1962-04-10,8b563f090178,medium,verified,SG,2025-01-17 00:00:00,CUSTOMER_ONBOARDING_SVC
CUST005952,Olivia Martinez,2002-10-09,583cf947ef76,medium,verified,CN,2025-12-14 00:00:00,CUSTOMER_ONBOARDING_SVC
CUST005953,Liam Tanaka,1971-10-08,ff0c57543a64,high,expired,CA,2023-06-10 00:00:00,CUSTOMER_ONBOARDING_SVC
CUST005954,Mei Khan,1955-07-07,753ba0fafa74,low,verified,CN,2021-11-17 00:00:00,CUSTOMER_ONBOARDING_SVC
CUST005955,James Garcia,1975-09-23,746d60c5aac2,low,verified,AE,2018-02-15 00:00:00,CUSTOMER_ONBOARDING_SVC
CUST005956,Hassan Wilson,1989-11-29,3b431914be05,medium,verified,CN,2023-10-17 00:00:00,CUSTOMER_ONBOARDING_SVC
CUST005957,Divya Smith,1956-01-06,135d27c55b08,medium,verified,AU,2019-08-08 00:00:00,CUSTOMER_ONBOARDING_SVC
CUST005958,Aarav Mehta,1963-02-23,045b57bb1514,,verified,RU,2018-10-15 00:00:00,CUSTOMER_ONBOARDING_SVC
CUST005959,Amelia Reddy,1992-05-07,a4478b809571,low,expired,US,2020-05-30 00:00:00,CUSTOMER_ONBOARDING_SVC
CUST005960,Ava Nair,1978-05-24,fc69ac65cc42,high,pending,GB,2026-06-11 00:00:00,CUSTOMER_ONBOARDING_SVC
CUST005961,Nikhil Anderson,2002-05-23,126a8fb2af54,medium,expired,CN,2025-02-14 00:00:00,CUSTOMER_ONBOARDING_SVC
CUST005962,Ananya Martinez,2001-03-28,030a3bee9cb1,low,pending,SG,2024-01-02 00:00:00,CUSTOMER_ONBOARDING_SVC
CUST005963,Olivia Miller,1986-04-13,21de5239eec0,low,verified,AE,2021-11-06 00:00:00,CUSTOMER_ONBOARDING_SVC
CUST005964,Layla Chen,1959-09-19,ad920e8c7ee6,low,verified,CN,2020-05-07 00:00:00,CUSTOMER_ONBOARDING_SVC
CUST005965,Olivia Lopez,1976-06-12,5b72e14630d5,,verified,GB,2019-07-30 00:00:00,CUSTOMER_ONBOARDING_SVC
CUST005966,Isha Smith,2005-03-19,6d8127b6b7de,low,verified,SG,2018-07-26 00:00:00,CUSTOMER_ONBOARDING_SVC
CUST005967,Ethan Al-Sayed,2003-02-13,287c0aeade01,low,verified,GB,2026-03-09 00:00:00,CUSTOMER_ONBOARDING_SVC
CUST005968,Omar Zhang,1997-07-02,1931952f3405,medium,verified,CN,2020-07-12 00:00:00,CUSTOMER_ONBOARDING_SVC
CUST005969,Yuki Singh,1960-12-02,8d8c1e98d40d,low,verified,NG,2026-02-05 00:00:00,CUSTOMER_ONBOARDING_SVC
CUST005970,Liam Davis,1975-11-06,ab2b45baed3b,low,verified,US,2020-06-06 00:00:00,CUSTOMER_ONBOARDING_SVC
CUST005971,Noah Brown,1990-01-20,18b11b7e1b34,low,expired,SG,2020-02-22 00:00:00,CUSTOMER_ONBOARDING_SVC
CUST005972,Lucia Chen,1964-12-08,25b15fd00974,low,pending,AU,2024-04-05 00:00:00,CUSTOMER_ONBOARDING_SVC
CUST005973,Aditya Lopez,1992-02-24,c17f2021923d,low,expired,DE,2022-01-17 00:00:00,CUSTOMER_ONBOARDING_SVC
CUST005974,Aarav Wilson,1995-03-05,a1815a466b61,low,pending,CN,2021-02-13 00:00:00,CUSTOMER_ONBOARDING_SVC
CUST005975,Chen Gupta,1956-08-06,fb9b99a12f0d,medium,verified,SG,2023-06-22 00:00:00,CUSTOMER_ONBOARDING_SVC
CUST005976,Liam Nair,1975-09-09,0d10f86fdae9,low,verified,SG,2023-07-23 00:00:00,CUSTOMER_ONBOARDING_SVC
CUST005977,Sneha Lopez,2002-08-03,19e0e3656680,low,verified,SG,2020-04-24 00:00:00,CUSTOMER_ONBOARDING_SVC
CUST005978,Pooja Gupta,1960-12-10,ca0daae81e17,low,pending,AE,2018-07-23 00:00:00,CUSTOMER_ONBOARDING_SVC
CUST005979,James Khan,1972-12-13,175779aebdc1,medium,pending,GB,2022-06-10 00:00:00,CUSTOMER_ONBOARDING_SVC
CUST005980,Riya Johnson,1969-12-24,34baeec819a0,medium,pending,IN,2023-09-11 00:00:00,CUSTOMER_ONBOARDING_SVC
CUST005981,Ivan Nair,1990-02-03,9531922cf1d0,medium,expired,GB,2021-02-19 00:00:00,CUSTOMER_ONBOARDING_SVC
CUST005982,Ava Miller,1964-06-09,911dd68b3db5,low,verified,CN,2026-04-27 00:00:00,CUSTOMER_ONBOARDING_SVC
CUST005983,Ananya Wilson,1969-03-05,a01aff84a43f,high,pending,NG,2022-08-05 00:00:00,CUSTOMER_ONBOARDING_SVC
CUST005984,Lucas Chen,1971-09-21,c044db78b993,low,pending,AE,2019-08-07 00:00:00,CUSTOMER_ONBOARDING_SVC
CUST005985,Vikram Johnson,1998-08-25,a3ed48dcfae6,,verified,GB,2023-05-17 00:00:00,CUSTOMER_ONBOARDING_SVC
CUST005986,Diego Ivanov,1995-12-11,8505189f103d,low,pending,DE,2024-09-16 00:00:00,CUSTOMER_ONBOARDING_SVC
CUST005987,Elena Davis,1959-06-27,d91dcb1fadd3,medium,verified,AU,2026-06-13 00:00:00,CUSTOMER_ONBOARDING_SVC
CUST005988,Isha Nair,2004-11-03,721f8db14d41,low,pending,AE,2024-07-11 00:00:00,CUSTOMER_ONBOARDING_SVC
CUST005989,Mason Mehta,1971-08-10,5b7596b045e2,low,expired,RU,2018-11-01 00:00:00,CUSTOMER_ONBOARDING_SVC
CUST005990,Meera Miller,2002-03-09,bc260baef959,medium,verified,AU,2023-05-10 00:00:00,CUSTOMER_ONBOARDING_SVC
CUST005991,Mei Chen,1981-10-24,5214530fda93,medium,expired,AE,2021-05-14 00:00:00,CUSTOMER_ONBOARDING_SVC
CUST005992,Mei Khan,1995-12-19,ec102878ffa2,medium,verified,GB,2025-06-20 00:00:00,CUSTOMER_ONBOARDING_SVC
CUST005993,Karan Miller,1968-10-31,d0d660c6c0da,high,expired,DE,2026-03-14 00:00:00,CUSTOMER_ONBOARDING_SVC
CUST005994,Elena Miller,1989-05-21,0d946eb2b550,high,pending,NG,2020-08-09 00:00:00,CUSTOMER_ONBOARDING_SVC
CUST005995,Lucas Miller,1988-05-21,c1677929c70a,medium,,AE,2019-06-09 00:00:00,CUSTOMER_ONBOARDING_SVC
CUST005996,Aarav Smith,2005-02-20,55d5cd223bd1,low,verified,IN,2021-02-03 00:00:00,CUSTOMER_ONBOARDING_SVC
CUST005997,Vikram Chen,1968-05-20,0ef7685b34ee,,verified,SG,2024-02-07 00:00:00,CUSTOMER_ONBOARDING_SVC
CUST005998,Yuki Tanaka,2000-01-31,e27b3c0122c7,high,expired,AU,2026-02-23 00:00:00,CUSTOMER_ONBOARDING_SVC
CUST005999,Vikram Davis,1978-05-31,6d3d1676dfaa,low,expired,DE,2018-06-14 00:00:00,CUSTOMER_ONBOARDING_SVC
CUST006000,Rohan Reddy,1981-12-29,c32cc5bb0df5,medium,pending,AU,2021-04-19 00:00:00,CUSTOMER_ONBOARDING_SVC
CUST006001,Sophia Anderson,1990-09-15,2f045c1ef245,low,pending,DE,2022-08-04 00:00:00,CUSTOMER_ONBOARDING_SVC
CUST006002,Layla Wilson,1972-09-07,cd1009b42c1e,medium,verified,AE,2026-06-16 00:00:00,CUSTOMER_ONBOARDING_SVC
CUST006003,Mei Martinez,1971-10-19,bd3957131d53,medium,verified,US,2022-06-08 00:00:00,CUSTOMER_ONBOARDING_SVC
CUST006004,Diego Johnson,1994-11-08,73336c5992e6,low,expired,CN,2020-05-08 00:00:00,CUSTOMER_ONBOARDING_SVC
CUST006005,Lucia Sharma,1981-11-29,d080d61cc316,low,verified,SG,2023-04-03 00:00:00,CUSTOMER_ONBOARDING_SVC
CUST006006,Noah Gupta,1992-01-15,54582f3876a1,high,expired,RU,2023-02-25 00:00:00,CUSTOMER_ONBOARDING_SVC
CUST006007,Vikram Zhang,1991-10-06,d6ed9f7012ae,low,pending,DE,2024-01-24 00:00:00,CUSTOMER_ONBOARDING_SVC
CUST006008,Ananya Chen,1997-04-04,f2940912ec09,medium,pending,RU,2023-04-09 00:00:00,CUSTOMER_ONBOARDING_SVC
CUST006009,Riya Zhang,1982-08-18,77374ea5d90e,low,expired,DE,2019-06-20 00:00:00,CUSTOMER_ONBOARDING_SVC
CUST006010,Chen Johnson,1969-10-27,43229890ffdb,low,pending,US,2020-11-30 00:00:00,CUSTOMER_ONBOARDING_SVC
CUST006011,Priya Reddy,1978-02-17,9b781f4ea91a,low,expired,SG,2025-04-02 00:00:00,CUSTOMER_ONBOARDING_SVC
CUST006012,Ava Smith,1969-04-16,90284b6aa78c,high,verified,SG,2021-09-10 00:00:00,CUSTOMER_ONBOARDING_SVC
CUST006013,Hassan Mehta,1982-03-14,7404ae190b9d,low,verified,DE,2024-10-01 00:00:00,CUSTOMER_ONBOARDING_SVC
CUST006014,Mei Tanaka,1999-01-20,db7f05389f0b,low,verified,SG,2019-09-18 00:00:00,CUSTOMER_ONBOARDING_SVC
CUST006015,Mia Kumar,1976-03-15,ae094c25ef76,medium,expired,GB,2019-12-28 00:00:00,CUSTOMER_ONBOARDING_SVC
CUST006016,Rahul Lopez,1956-11-30,8f7070b9d1af,medium,expired,AU,2022-08-25 00:00:00,CUSTOMER_ONBOARDING_SVC
CUST006017,Wei Singh,1978-02-18,58b79b852ca8,medium,verified,IN,2021-05-27 00:00:00,CUSTOMER_ONBOARDING_SVC
CUST006018,Amelia Anderson,1959-11-04,199326b135b6,high,expired,RU,2022-04-26 00:00:00,CUSTOMER_ONBOARDING_SVC
CUST006019,Aditya Lopez,1967-10-05,ef2ebc847c25,medium,pending,US,2025-03-24 00:00:00,CUSTOMER_ONBOARDING_SVC
CUST006020,Yuki Brown,2000-06-28,791beb4814d7,medium,verified,US,2025-10-15 00:00:00,CUSTOMER_ONBOARDING_SVC
CUST006021,Elena Chen,1959-10-30,aeea0268b429,medium,pending,AU,2020-07-30 00:00:00,CUSTOMER_ONBOARDING_SVC
CUST006022,Aarav Sharma,1963-02-10,3c030a2063ae,high,verified,GB,2020-11-15 00:00:00,CUSTOMER_ONBOARDING_SVC
CUST006023,Mei Johnson,1981-12-26,4d01233fa158,low,verified,AU,2019-05-20 00:00:00,CUSTOMER_ONBOARDING_SVC
CUST006024,Rahul Zhang,2004-06-26,b89a528e7d46,low,expired,AU,2022-05-04 00:00:00,CUSTOMER_ONBOARDING_SVC
CUST006025,James Anderson,2001-12-31,085459d4aa4c,medium,verified,CA,2018-10-02 00:00:00,CUSTOMER_ONBOARDING_SVC
CUST006026,Diego Al-Sayed,1990-08-06,0541ded365a8,low,pending,GB,2023-04-04 00:00:00,CUSTOMER_ONBOARDING_SVC
CUST006027,Karan Brown,1961-04-12,0111ea8c2b24,low,verified,DE,2023-02-13 00:00:00,CUSTOMER_ONBOARDING_SVC
CUST006028,Elena Gupta,1997-07-01,e87c0acdf0e6,high,pending,GB,2025-10-20 00:00:00,CUSTOMER_ONBOARDING_SVC
CUST006029,Pooja Zhang,1958-07-04,09f98153476c,medium,expired,IN,2021-09-22 00:00:00,CUSTOMER_ONBOARDING_SVC
CUST006030,Emma Patel,2005-09-07,cbaacab4aaf5,low,verified,DE,2023-07-02 00:00:00,CUSTOMER_ONBOARDING_SVC
CUST006031,Aarav Khan,1983-09-14,defada7c1753,medium,expired,US,2018-08-13 00:00:00,CUSTOMER_ONBOARDING_SVC
CUST006032,Meera Singh,1973-07-23,dcc0a2378327,low,verified,AE,2023-03-19 00:00:00,CUSTOMER_ONBOARDING_SVC
CUST006033,Fatima Davis,1999-07-09,1ce46ffc5fbe,medium,verified,IN,2019-11-05 00:00:00,CUSTOMER_ONBOARDING_SVC
CUST006034,Emma Brown,1967-05-27,dd7fff4d53f5,low,verified,US,2024-06-06 00:00:00,CUSTOMER_ONBOARDING_SVC
CUST006035,Ava Brown,1989-06-02,7c8c59e463d7,medium,verified,NG,2023-08-07 00:00:00,CUSTOMER_ONBOARDING_SVC
CUST006036,Wei Wilson,1972-08-08,8cffea077b0d,high,verified,DE,2026-03-09 00:00:00,CUSTOMER_ONBOARDING_SVC
CUST006037,Mia Ivanov,1966-12-16,86617f7baafa,low,pending,US,2023-12-11 00:00:00,CUSTOMER_ONBOARDING_SVC
CUST006038,Rohan Kumar,1958-03-12,8a8e1612869a,medium,verified,US,2025-10-24 00:00:00,CUSTOMER_ONBOARDING_SVC
CUST006039,Mia Tanaka,1985-04-10,005528a1dda7,medium,verified,NG,2024-11-17 00:00:00,CUSTOMER_ONBOARDING_SVC
CUST006040,Chen Gupta,2003-02-14,baaa5fd0445c,,verified,AU,2025-09-05 00:00:00,CUSTOMER_ONBOARDING_SVC
CUST006041,Noah Al-Sayed,1977-09-28,0ccbcf025e88,medium,pending,CN,2023-01-22 00:00:00,CUSTOMER_ONBOARDING_SVC
CUST006042,Fatima Brown,1978-06-08,599717da512c,medium,verified,SG,2024-01-24 00:00:00,CUSTOMER_ONBOARDING_SVC
CUST006043,Rahul Miller,1959-07-07,03d1778ea9ac,low,expired,RU,2021-06-07 00:00:00,CUSTOMER_ONBOARDING_SVC
CUST006044,Ivan Martinez,2003-11-14,534c33975fc8,low,verified,GB,2021-06-01 00:00:00,CUSTOMER_ONBOARDING_SVC
CUST006045,Rahul Martinez,1987-10-26,b3dcf256326f,low,verified,AU,2024-09-07 00:00:00,CUSTOMER_ONBOARDING_SVC
CUST006046,Elena Lopez,1971-10-22,13e2858d11c7,medium,pending,IN,2018-01-04 00:00:00,CUSTOMER_ONBOARDING_SVC
CUST006047,Ananya Brown,1956-10-17,f79991efe022,medium,verified,AE,2019-10-29 00:00:00,CUSTOMER_ONBOARDING_SVC
CUST006048,Sneha Garcia,2005-08-18,2f305647a595,medium,verified,CN,2023-07-14 00:00:00,CUSTOMER_ONBOARDING_SVC
CUST006049,Diego Martinez,1964-04-29,278edebc326f,low,verified,AU,2020-07-07 00:00:00,CUSTOMER_ONBOARDING_SVC
CUST006050,Hassan Wilson,1956-07-23,9cbe71317efa,low,pending,GB,2021-05-29 00:00:00,CUSTOMER_ONBOARDING_SVC
CUST006051,Divya Singh,1982-01-04,738297df7b85,low,verified,SG,2025-04-22 00:00:00,CUSTOMER_ONBOARDING_SVC
CUST006052,Olivia Davis,1956-08-22,dec2b5589b4f,high,verified,US,2025-08-11 00:00:00,CUSTOMER_ONBOARDING_SVC
CUST006053,Riya Tanaka,1998-12-08,437ce8142624,low,expired,CA,2020-08-06 00:00:00,CUSTOMER_ONBOARDING_SVC
CUST006054,Mia Sharma,1972-01-27,a8f4daa2a669,low,verified,CA,2023-07-15 00:00:00,CUSTOMER_ONBOARDING_SVC
CUST006055,Olivia Sharma,1982-03-21,fa08369954a5,low,verified,GB,2018-03-25 00:00:00,CUSTOMER_ONBOARDING_SVC
CUST006056,Pooja Al-Sayed,1972-12-10,5228ee16c03c,low,verified,GB,2022-06-27 00:00:00,CUSTOMER_ONBOARDING_SVC
CUST006057,James Mehta,1969-04-22,12c595d0dd33,medium,expired,US,2023-12-07 00:00:00,CUSTOMER_ONBOARDING_SVC
CUST006058,Mia Lopez,1973-01-20,7567c1d3a02f,low,verified,NG,2022-04-17 00:00:00,CUSTOMER_ONBOARDING_SVC
CUST006059,Karan Davis,1986-10-26,d2240602d9dd,low,expired,,2020-02-20 00:00:00,CUSTOMER_ONBOARDING_SVC
CUST006060,Rahul Singh,1989-02-16,8c252b5e999a,medium,pending,GB,2019-04-08 00:00:00,CUSTOMER_ONBOARDING_SVC
CUST006061,Nikhil Lopez,1978-11-29,4f98a658f332,medium,expired,CN,2022-05-17 00:00:00,CUSTOMER_ONBOARDING_SVC
CUST006062,Emma Reddy,1957-08-02,2481346fb829,medium,verified,SG,2023-09-13 00:00:00,CUSTOMER_ONBOARDING_SVC
CUST006063,Elena Davis,1982-05-18,6bfe147e8e07,high,pending,AU,2026-01-22 00:00:00,CUSTOMER_ONBOARDING_SVC
CUST006064,Rohan Smith,1969-10-10,09c3a52a5d91,low,verified,RU,2024-10-11 00:00:00,CUSTOMER_ONBOARDING_SVC
CUST006065,Vikram Wilson,1980-11-21,cdbb05fbb41a,low,verified,DE,2022-07-14 00:00:00,CUSTOMER_ONBOARDING_SVC
CUST006066,Sophia Sharma,1991-06-26,c11462fcb93e,low,expired,SG,2024-12-04 00:00:00,CUSTOMER_ONBOARDING_SVC
CUST006067,Ivan Kumar,1979-10-23,9c154b94843d,high,expired,AE,2020-06-30 00:00:00,CUSTOMER_ONBOARDING_SVC
CUST006068,Sneha Reddy,1990-02-28,1f8d8e671ad2,low,expired,SG,2019-11-25 00:00:00,CUSTOMER_ONBOARDING_SVC
CUST006069,Sneha Johnson,1978-11-23,5463ab0fd945,low,verified,CN,2019-03-21 00:00:00,CUSTOMER_ONBOARDING_SVC
CUST006070,Mia Patel,1991-03-27,ac4259016702,low,verified,GB,2021-05-01 00:00:00,CUSTOMER_ONBOARDING_SVC
CUST006071,Mia Miller,1987-01-09,fe081ed0f9e5,low,verified,IN,2026-01-21 00:00:00,CUSTOMER_ONBOARDING_SVC
CUST006072,Lucia Johnson,1988-10-02,3761137ff358,high,expired,CA,2022-04-05 00:00:00,CUSTOMER_ONBOARDING_SVC
CUST006073,Isha Johnson,1978-01-19,9032172a58c2,medium,expired,CN,2019-11-23 00:00:00,CUSTOMER_ONBOARDING_SVC
CUST006074,Yuki Al-Sayed,1964-07-04,5efb356f65c8,high,expired,DE,2019-07-02 00:00:00,CUSTOMER_ONBOARDING_SVC
CUST006075,Ivan Lopez,1996-05-29,c9c6db7bac69,medium,expired,NG,2023-01-11 00:00:00,CUSTOMER_ONBOARDING_SVC
CUST006076,Vikram Martinez,1958-05-03,72d44fa94676,high,expired,GB,2022-07-26 00:00:00,CUSTOMER_ONBOARDING_SVC
CUST006077,Aarav Johnson,2005-02-25,0c660ddef44f,medium,verified,IN,2022-10-09 00:00:00,CUSTOMER_ONBOARDING_SVC
CUST006078,Emma Wilson,1957-09-16,820a215fcec7,low,verified,US,2022-03-31 00:00:00,CUSTOMER_ONBOARDING_SVC
CUST006079,Mei Nair,2003-01-15,60c31d60d75f,medium,verified,AU,2026-04-16 00:00:00,CUSTOMER_ONBOARDING_SVC
CUST006080,Arjun Wilson,1998-05-18,24e85a5ac2e5,medium,verified,IN,2023-08-15 00:00:00,CUSTOMER_ONBOARDING_SVC
CUST006081,Lucas Gupta,1968-07-17,b54f36474ab9,low,verified,IN,2025-06-10 00:00:00,CUSTOMER_ONBOARDING_SVC
CUST006082,Riya Khan,1961-06-22,201c39548152,medium,expired,NG,2020-05-03 00:00:00,CUSTOMER_ONBOARDING_SVC
CUST006083,Noah Johnson,1987-10-14,8a2967cf5c3f,low,,AE,2025-04-15 00:00:00,CUSTOMER_ONBOARDING_SVC
CUST006084,Mason Mehta,1986-10-05,020447f1be6e,low,verified,NG,2024-10-06 00:00:00,CUSTOMER_ONBOARDING_SVC
CUST006085,Emma Brown,1956-12-19,476e9162ebb1,medium,,US,2026-03-21 00:00:00,CUSTOMER_ONBOARDING_SVC
CUST006086,Noah Martinez,1978-06-02,49d0f7bda9f6,medium,expired,CN,2020-05-14 00:00:00,CUSTOMER_ONBOARDING_SVC
CUST006087,Meera Garcia,1960-01-12,75cfafe3fe7c,low,verified,CA,2019-11-22 00:00:00,CUSTOMER_ONBOARDING_SVC
CUST006088,Rahul Reddy,1971-04-28,74068f9bf028,low,verified,NG,2023-11-20 00:00:00,CUSTOMER_ONBOARDING_SVC
CUST006089,Ivan Khan,1998-04-06,9b7ec3e261e3,low,verified,US,2024-03-10 00:00:00,CUSTOMER_ONBOARDING_SVC
CUST006090,Lucas Singh,1983-05-06,dc24cd8abdb2,medium,verified,US,2020-09-15 00:00:00,CUSTOMER_ONBOARDING_SVC
CUST006091,Olivia Johnson,1972-08-25,ed04f5f590d1,medium,verified,RU,2021-03-04 00:00:00,CUSTOMER_ONBOARDING_SVC
CUST006092,Lucia Anderson,1985-08-10,2224c7f3a2b9,medium,verified,GB,2022-06-09 00:00:00,CUSTOMER_ONBOARDING_SVC
CUST006093,Vikram Davis,1989-05-08,c7278c643b79,high,verified,IN,2021-06-12 00:00:00,CUSTOMER_ONBOARDING_SVC
CUST006094,Vikram Tanaka,1969-02-19,1ab2e07f6ff5,medium,pending,NG,2025-08-01 00:00:00,CUSTOMER_ONBOARDING_SVC
CUST006095,Nikhil Sharma,1981-03-25,bb4a206d044d,high,verified,CA,2024-01-26 00:00:00,CUSTOMER_ONBOARDING_SVC
CUST006096,Yuki Nair,1965-01-12,d6407d847a75,medium,pending,IN,2024-08-03 00:00:00,CUSTOMER_ONBOARDING_SVC
CUST006097,Meera Kumar,1981-03-18,098b2147b034,high,pending,CA,2022-03-04 00:00:00,CUSTOMER_ONBOARDING_SVC
CUST006098,Aditya Anderson,2005-06-03,b172a2fc61c3,low,verified,DE,2021-04-26 00:00:00,CUSTOMER_ONBOARDING_SVC
CUST006099,Karan Johnson,1996-10-30,2f50191fa86d,low,verified,SG,2024-06-15 00:00:00,CUSTOMER_ONBOARDING_SVC
CUST006100,Aditya Anderson,1985-09-17,803ab69c409c,medium,pending,US,2025-02-06 00:00:00,CUSTOMER_ONBOARDING_SVC
CUST006101,Ananya Garcia,1962-07-11,bbd5a8c28b99,high,verified,DE,2020-02-10 00:00:00,CUSTOMER_ONBOARDING_SVC
CUST006102,Wei Miller,1963-02-06,ca93d88381c9,high,expired,AE,2022-06-04 00:00:00,CUSTOMER_ONBOARDING_SVC
CUST006103,Elena Chen,2001-12-16,c5a1e9de1196,high,pending,DE,2023-03-15 00:00:00,CUSTOMER_ONBOARDING_SVC
CUST006104,Karan Anderson,1998-04-10,4eef3d7feb37,low,verified,US,2021-12-30 00:00:00,CUSTOMER_ONBOARDING_SVC
CUST006105,Mei Chen,1985-11-18,4ec0aca65113,low,pending,AU,2019-04-10 00:00:00,CUSTOMER_ONBOARDING_SVC
CUST006106,Emma Patel,1959-06-22,7cc3199838b3,low,verified,DE,2019-09-17 00:00:00,CUSTOMER_ONBOARDING_SVC
CUST006107,Amelia Lopez,1992-08-26,a72ff3230cc6,low,pending,DE,2023-05-22 00:00:00,CUSTOMER_ONBOARDING_SVC
CUST006108,Pooja Reddy,1989-01-10,1a9859e84e4d,medium,verified,CN,2020-05-01 00:00:00,CUSTOMER_ONBOARDING_SVC
CUST006109,Mason Martinez,1961-05-25,a0e5f8d7b6ce,low,verified,NG,2026-06-17 00:00:00,CUSTOMER_ONBOARDING_SVC
CUST006110,Amelia Chen,1988-03-27,a93a7a9ef787,medium,verified,US,2022-09-25 00:00:00,CUSTOMER_ONBOARDING_SVC
CUST006111,Vikram Reddy,2003-09-19,c3584e7cf540,high,expired,RU,2020-05-15 00:00:00,CUSTOMER_ONBOARDING_SVC
CUST006112,Lucas Smith,1957-06-12,4176094a614d,high,,DE,2023-06-20 00:00:00,CUSTOMER_ONBOARDING_SVC
CUST006113,Ethan Reddy,1984-10-01,66ebb24b38c4,low,verified,NG,2020-03-31 00:00:00,CUSTOMER_ONBOARDING_SVC
CUST006114,Mia Anderson,1971-05-12,52e008dad3ef,low,verified,SG,2019-09-07 00:00:00,CUSTOMER_ONBOARDING_SVC
CUST006115,Ethan Ivanov,1997-11-29,cafababc856f,medium,verified,AU,2025-04-02 00:00:00,CUSTOMER_ONBOARDING_SVC
CUST006116,Fatima Khan,1973-12-02,b52cbe9ee652,low,verified,IN,2021-03-14 00:00:00,CUSTOMER_ONBOARDING_SVC
CUST006117,Isha Singh,1957-06-18,35bb94271685,high,pending,CA,2021-02-23 00:00:00,CUSTOMER_ONBOARDING_SVC
CUST006118,Hassan Kumar,1989-10-16,ce2db6003267,low,verified,CA,2019-08-04 00:00:00,CUSTOMER_ONBOARDING_SVC
CUST006119,Lucas Zhang,2000-07-10,4e78c85f18f1,medium,verified,SG,2020-07-14 00:00:00,CUSTOMER_ONBOARDING_SVC
CUST006120,Karan Davis,1992-03-29,523b8b2a1176,medium,verified,AU,2022-01-06 00:00:00,CUSTOMER_ONBOARDING_SVC
CUST006121,Meera Patel,1988-09-29,fe6f2c64b36b,high,verified,NG,2018-09-15 00:00:00,CUSTOMER_ONBOARDING_SVC
CUST006122,Priya Martinez,1976-03-11,2bac718cef76,medium,verified,DE,2024-10-02 00:00:00,CUSTOMER_ONBOARDING_SVC
CUST006123,Emma Miller,2005-02-08,b81143743784,low,pending,IN,2019-08-19 00:00:00,CUSTOMER_ONBOARDING_SVC
CUST006124,Olivia Nair,1982-12-17,bda8f5738401,low,pending,GB,2021-03-13 00:00:00,CUSTOMER_ONBOARDING_SVC
CUST006125,Chen Miller,1962-11-09,9251e1fed52e,low,verified,CN,2020-06-30 00:00:00,CUSTOMER_ONBOARDING_SVC
CUST006126,Ivan Tanaka,1962-05-14,dca7d39ce05b,low,verified,DE,2018-06-13 00:00:00,CUSTOMER_ONBOARDING_SVC
CUST006127,Aarav Anderson,1968-06-17,e4f189e9ccd4,high,pending,CA,2022-03-31 00:00:00,CUSTOMER_ONBOARDING_SVC
CUST006128,Divya Lopez,2002-01-09,9ff0128118eb,low,verified,AE,2024-01-02 00:00:00,CUSTOMER_ONBOARDING_SVC
CUST006129,Wei Reddy,1962-05-25,5ea767f94569,low,verified,RU,2024-09-26 00:00:00,CUSTOMER_ONBOARDING_SVC
CUST006130,Sophia Martinez,1986-05-20,ac64df5337b5,medium,verified,IN,2019-10-18 00:00:00,CUSTOMER_ONBOARDING_SVC
CUST006131,Mason Tanaka,1971-09-01,df2ff8dc0a34,low,verified,CN,2021-01-29 00:00:00,CUSTOMER_ONBOARDING_SVC
CUST006132,Omar Johnson,1959-11-25,7ff1deb2de3d,high,expired,US,2019-01-28 00:00:00,CUSTOMER_ONBOARDING_SVC
CUST006133,Isha Reddy,1978-09-27,404d305a5d4b,low,verified,CN,2024-07-25 00:00:00,CUSTOMER_ONBOARDING_SVC
CUST006134,Amelia Singh,1970-11-10,fd1af3227de5,low,verified,SG,2025-10-11 00:00:00,CUSTOMER_ONBOARDING_SVC
CUST006135,Emma Anderson,1960-11-28,b868105057b3,low,expired,DE,2024-03-09 00:00:00,CUSTOMER_ONBOARDING_SVC
CUST006136,Liam Mehta,1961-09-02,f4c5c63109a1,high,pending,CN,2019-04-14 00:00:00,CUSTOMER_ONBOARDING_SVC
CUST006137,Vikram Wilson,1959-12-23,039c0c800b1c,high,verified,CN,2023-11-30 00:00:00,CUSTOMER_ONBOARDING_SVC
CUST006138,Aarav Wilson,1964-12-15,eee2b73807e7,low,verified,CA,2020-03-29 00:00:00,CUSTOMER_ONBOARDING_SVC
CUST006139,James Gupta,1987-02-12,f512efee22d6,low,verified,IN,2023-03-17 00:00:00,CUSTOMER_ONBOARDING_SVC
CUST006140,Wei Sharma,1971-10-07,f48811ad2d50,high,,CA,2023-05-18 00:00:00,CUSTOMER_ONBOARDING_SVC
CUST006141,Elena Ivanov,2003-04-10,52be7094ea55,low,verified,RU,2026-06-25 00:00:00,CUSTOMER_ONBOARDING_SVC
CUST006142,Wei Patel,1993-09-05,267f946ec8aa,low,pending,CN,2026-02-13 00:00:00,CUSTOMER_ONBOARDING_SVC
CUST006143,Yuki Patel,1968-01-02,906d01fd89b9,low,verified,CN,2026-03-12 00:00:00,CUSTOMER_ONBOARDING_SVC
CUST006144,Pooja Sharma,1973-07-11,10e6a937bfda,low,expired,NG,2020-02-04 00:00:00,CUSTOMER_ONBOARDING_SVC
CUST006145,Riya Anderson,1960-12-18,84c37c81c38a,low,verified,GB,2021-09-11 00:00:00,CUSTOMER_ONBOARDING_SVC
CUST006146,Sneha Tanaka,1962-02-23,09ff7f72e7d8,medium,pending,AE,2020-08-01 00:00:00,CUSTOMER_ONBOARDING_SVC
CUST006147,Diego Chen,1973-11-15,c5a6f77efe44,low,verified,US,2026-05-23 00:00:00,CUSTOMER_ONBOARDING_SVC
CUST006148,Priya Ivanov,1955-08-14,9678c6e1ea69,high,pending,RU,2018-02-27 00:00:00,CUSTOMER_ONBOARDING_SVC
CUST006149,Lucia Chen,1996-06-29,61c577d929c6,low,verified,IN,2023-12-11 00:00:00,CUSTOMER_ONBOARDING_SVC
CUST006150,Vikram Nair,1983-12-12,0f209224b501,low,verified,NG,2021-06-17 00:00:00,CUSTOMER_ONBOARDING_SVC
CUST006151,Layla Khan,1985-01-24,7df0d7381eeb,low,expired,AU,2025-11-01 00:00:00,CUSTOMER_ONBOARDING_SVC
CUST006152,James Smith,1970-09-20,93f77acb78ef,high,expired,IN,2022-03-08 00:00:00,CUSTOMER_ONBOARDING_SVC
CUST006153,Aarav Wilson,1968-08-28,5594006b896a,low,,NG,2025-02-07 00:00:00,CUSTOMER_ONBOARDING_SVC
CUST006154,Layla Brown,1962-03-12,24e360d29e37,medium,expired,AE,2021-10-22 00:00:00,CUSTOMER_ONBOARDING_SVC
CUST006155,Diego Khan,1985-05-21,f1e596e711d5,medium,pending,CN,2020-10-24 00:00:00,CUSTOMER_ONBOARDING_SVC
CUST006156,Hassan Kumar,1994-01-05,dc5f45e84079,low,verified,CA,2024-01-09 00:00:00,CUSTOMER_ONBOARDING_SVC
CUST006157,Divya Sharma,1965-08-14,76780fb57514,low,verified,AU,2022-10-16 00:00:00,CUSTOMER_ONBOARDING_SVC
CUST006158,Liam Davis,1973-01-29,4092f508a62c,medium,expired,RU,2019-01-04 00:00:00,CUSTOMER_ONBOARDING_SVC
CUST006159,Ethan Khan,1961-07-29,e9a58ac50487,low,expired,AU,2022-05-10 00:00:00,CUSTOMER_ONBOARDING_SVC
CUST006160,Emma Brown,1988-10-18,92da9ce95109,medium,verified,US,2021-03-28 00:00:00,CUSTOMER_ONBOARDING_SVC
CUST006161,Mei Sharma,1997-12-15,2039cea13803,low,expired,US,2025-04-29 00:00:00,CUSTOMER_ONBOARDING_SVC
CUST006162,Rohan Smith,1996-08-18,19391a87115e,medium,verified,DE,2019-05-04 00:00:00,CUSTOMER_ONBOARDING_SVC
CUST006163,Yuki Nair,1957-03-12,d69cdf9ab7e2,medium,verified,RU,2023-12-07 00:00:00,CUSTOMER_ONBOARDING_SVC
CUST006164,Emma Nair,1987-06-01,676250a630e6,low,verified,SG,2019-04-10 00:00:00,CUSTOMER_ONBOARDING_SVC
CUST006165,Sophia Smith,1966-12-19,27fa87f19a70,low,verified,AE,2020-09-29 00:00:00,CUSTOMER_ONBOARDING_SVC
CUST006166,Yuki Anderson,1972-07-04,6d48bdb05c41,medium,pending,NG,2025-05-14 00:00:00,CUSTOMER_ONBOARDING_SVC
CUST006167,Elena Tanaka,2000-01-15,e01b72272519,medium,verified,US,2023-10-02 00:00:00,CUSTOMER_ONBOARDING_SVC
CUST006168,Amelia Brown,1980-04-14,4340edb9a087,low,verified,DE,2021-12-26 00:00:00,CUSTOMER_ONBOARDING_SVC
CUST006169,Pooja Smith,1993-10-23,cfeb28e5870a,medium,verified,CA,2024-09-14 00:00:00,CUSTOMER_ONBOARDING_SVC
CUST006170,Mason Miller,1981-11-24,2ef4fe77d52e,low,verified,NG,2019-09-05 00:00:00,CUSTOMER_ONBOARDING_SVC
CUST006170,Mason Miller,1981-11-24,2ef4fe77d52e,low,verified,NG,2019-09-05 01:21:00,CUSTOMER_ONBOARDING_SVC
CUST006171,Hassan Sharma,1963-10-18,46b02f694f81,high,expired,US,2025-04-06 00:00:00,CUSTOMER_ONBOARDING_SVC
CUST006172,Aditya Ivanov,1969-10-01,43517c5c0ec6,high,verified,IN,2018-05-27 00:00:00,CUSTOMER_ONBOARDING_SVC
CUST006173,Rohan Khan,2003-03-03,883ce55a1daf,high,verified,AE,2022-10-23 00:00:00,CUSTOMER_ONBOARDING_SVC
CUST006174,Ivan Kumar,1993-09-07,10479d34e511,low,verified,AE,2025-08-05 00:00:00,CUSTOMER_ONBOARDING_SVC
CUST006175,Sophia Ivanov,2000-12-09,3252170488e7,low,verified,US,2021-06-25 00:00:00,CUSTOMER_ONBOARDING_SVC
CUST006176,Divya Wilson,1982-02-03,32676db914c4,medium,verified,NG,2024-08-02 00:00:00,CUSTOMER_ONBOARDING_SVC
CUST006177,Ethan Davis,1975-08-25,5a06fb21282b,medium,verified,AE,2022-09-27 00:00:00,CUSTOMER_ONBOARDING_SVC
CUST006178,Ananya Tanaka,1967-01-03,f6a892b00574,low,expired,AU,2019-03-09 00:00:00,CUSTOMER_ONBOARDING_SVC
CUST006179,Noah Singh,1968-11-28,0f571377fc90,,expired,IN,2023-02-01 00:00:00,CUSTOMER_ONBOARDING_SVC
CUST006180,Elena Davis,1959-08-08,520f0382c24e,low,pending,AU,2025-12-10 00:00:00,CUSTOMER_ONBOARDING_SVC
CUST006181,Lucia Martinez,1991-03-30,134f5b2f91fa,medium,verified,CA,2023-10-12 00:00:00,CUSTOMER_ONBOARDING_SVC
CUST006182,Emma Brown,1968-12-16,d92615e4be8f,low,verified,NG,2024-11-05 00:00:00,CUSTOMER_ONBOARDING_SVC
CUST006183,Riya Mehta,1958-10-02,2670824c4e5b,high,verified,IN,2020-07-01 00:00:00,CUSTOMER_ONBOARDING_SVC
CUST006184,Meera Mehta,1970-11-04,aaba8d0c06a9,low,verified,GB,2022-02-08 00:00:00,CUSTOMER_ONBOARDING_SVC
CUST006185,Ananya Martinez,1956-01-27,25876a4ef709,low,verified,GB,2026-06-08 00:00:00,CUSTOMER_ONBOARDING_SVC
CUST006186,Fatima Kumar,1999-05-31,0c4809214293,high,verified,NG,2026-03-25 00:00:00,CUSTOMER_ONBOARDING_SVC
CUST006187,Riya Chen,1999-04-14,687342cbc0fd,high,verified,IN,2018-06-02 00:00:00,CUSTOMER_ONBOARDING_SVC
CUST006188,Lucia Zhang,1962-04-10,3cdfcb428408,low,verified,SG,2020-11-11 00:00:00,CUSTOMER_ONBOARDING_SVC
CUST006189,Rohan Gupta,2003-01-13,5c6f736b0fb8,low,pending,CN,2025-12-14 00:00:00,CUSTOMER_ONBOARDING_SVC
CUST006190,Olivia Martinez,1963-03-09,1f9a8b7a8972,low,pending,IN,2025-04-01 00:00:00,CUSTOMER_ONBOARDING_SVC
CUST006191,Olivia Kumar,1988-04-08,63a78de84b59,low,verified,NG,2024-12-23 00:00:00,CUSTOMER_ONBOARDING_SVC
CUST006192,Ava Davis,2004-07-12,71f6c2f30cfa,medium,expired,IN,2020-10-21 00:00:00,CUSTOMER_ONBOARDING_SVC
CUST006193,Lucas Ivanov,1996-11-17,c71dc4162ea6,low,verified,RU,2023-03-09 00:00:00,CUSTOMER_ONBOARDING_SVC
CUST006194,Priya Patel,1984-05-31,5d38ff788130,,expired,US,2019-07-01 00:00:00,CUSTOMER_ONBOARDING_SVC
CUST006195,Wei Davis,1979-04-02,18dd946528fc,low,verified,CN,2019-12-01 00:00:00,CUSTOMER_ONBOARDING_SVC
CUST006196,Ivan Johnson,1977-12-11,712f4d64d096,low,verified,AE,2019-12-14 00:00:00,CUSTOMER_ONBOARDING_SVC
CUST006197,Chen Anderson,1987-04-01,d8f5cb689f53,medium,expired,AU,2023-03-13 00:00:00,CUSTOMER_ONBOARDING_SVC
CUST006198,Diego Gupta,1958-07-17,4eebe403876f,high,pending,AE,2026-01-17 00:00:00,CUSTOMER_ONBOARDING_SVC
CUST006199,Vikram Wilson,1996-11-02,65b6833b1bdc,medium,pending,CA,2020-11-06 00:00:00,CUSTOMER_ONBOARDING_SVC
CUST006200,Sophia Reddy,2002-11-12,7aff06fca98e,low,verified,SG,2021-07-29 00:00:00,CUSTOMER_ONBOARDING_SVC
CUST006201,Emma Kumar,1977-04-06,1599ea27edff,low,verified,GB,2022-09-21 00:00:00,CUSTOMER_ONBOARDING_SVC
CUST006202,Layla Wilson,2005-02-04,06649c2e6561,medium,verified,GB,2026-06-27 00:00:00,CUSTOMER_ONBOARDING_SVC
CUST006203,Olivia Ivanov,1987-07-19,bf720192ff00,high,verified,CN,2026-05-16 00:00:00,CUSTOMER_ONBOARDING_SVC
CUST006204,Yuki Brown,1959-05-17,0a087c0894ae,low,verified,,2019-02-18 00:00:00,CUSTOMER_ONBOARDING_SVC
CUST006205,Elena Brown,1980-11-11,f56eb6a11941,,verified,NG,2021-09-23 00:00:00,CUSTOMER_ONBOARDING_SVC
CUST006206,Chen Miller,1976-06-08,8f90ae3d37ee,low,verified,SG,2023-05-31 00:00:00,CUSTOMER_ONBOARDING_SVC
CUST006207,Ethan Miller,1976-02-14,c5c2a67b9478,low,verified,NG,2021-07-05 00:00:00,CUSTOMER_ONBOARDING_SVC
CUST006208,Isha Chen,1987-07-19,bd61994e404b,high,pending,SG,2020-12-08 00:00:00,CUSTOMER_ONBOARDING_SVC
CUST006209,Ivan Brown,1976-07-22,7511dbc2ff68,low,pending,IN,2025-01-23 00:00:00,CUSTOMER_ONBOARDING_SVC
CUST006210,Karan Kumar,1979-02-12,f0282afc9a39,low,expired,IN,2021-11-17 00:00:00,CUSTOMER_ONBOARDING_SVC
CUST006211,Liam Miller,1990-05-27,af4887daa5d3,low,verified,IN,2022-01-12 00:00:00,CUSTOMER_ONBOARDING_SVC
CUST006212,Amelia Nair,1966-02-24,3634e46bafab,medium,verified,GB,2022-08-28 00:00:00,CUSTOMER_ONBOARDING_SVC
CUST006213,Elena Patel,1987-03-10,0868830b4765,high,verified,GB,2021-10-10 00:00:00,CUSTOMER_ONBOARDING_SVC
CUST006214,Chen Al-Sayed,1961-08-15,96917dea131b,low,verified,AE,2025-10-30 00:00:00,CUSTOMER_ONBOARDING_SVC
CUST006215,Rahul Nair,1998-11-17,844d3aad1661,,expired,NG,2023-04-15 00:00:00,CUSTOMER_ONBOARDING_SVC
CUST006216,Hassan Lopez,1963-06-10,e51f8593462b,high,pending,NG,2024-05-29 00:00:00,CUSTOMER_ONBOARDING_SVC
CUST006217,Mason Miller,2000-09-11,41f4b35b8675,medium,verified,DE,2025-05-30 00:00:00,CUSTOMER_ONBOARDING_SVC
CUST006218,Rahul Lopez,1974-03-07,6b1952176d5d,medium,verified,NG,2020-07-11 00:00:00,CUSTOMER_ONBOARDING_SVC
CUST006219,Rahul Kumar,1959-11-20,10b13e33ef22,low,verified,GB,2022-01-14 00:00:00,CUSTOMER_ONBOARDING_SVC
CUST006220,Chen Wilson,1997-12-03,4c6edfe87fa2,low,expired,GB,2025-05-12 00:00:00,CUSTOMER_ONBOARDING_SVC
CUST006221,Yuki Reddy,2001-05-28,ad771b8f42ca,low,verified,SG,2018-02-21 00:00:00,CUSTOMER_ONBOARDING_SVC
CUST006222,Mason Gupta,1958-03-01,32846cfda5ce,low,,IN,2020-04-17 00:00:00,CUSTOMER_ONBOARDING_SVC
CUST006223,Lucas Khan,1990-10-06,08b99610e5aa,low,pending,NG,2018-09-05 00:00:00,CUSTOMER_ONBOARDING_SVC
CUST006224,Sneha Garcia,2003-10-18,d05afd079186,high,pending,US,2019-01-12 00:00:00,CUSTOMER_ONBOARDING_SVC
CUST006225,Rohan Miller,1967-06-07,45e04ba68827,low,verified,DE,2021-04-26 00:00:00,CUSTOMER_ONBOARDING_SVC
CUST006226,Ananya Singh,1999-12-21,9b22ba4e8c65,low,verified,IN,2018-06-14 00:00:00,CUSTOMER_ONBOARDING_SVC
CUST006227,Noah Khan,1997-10-03,3b0a48db13f5,medium,expired,RU,2020-11-25 00:00:00,CUSTOMER_ONBOARDING_SVC
CUST006228,Ava Ivanov,1963-02-04,ee9f1dca3ca8,medium,,AE,2022-12-21 00:00:00,CUSTOMER_ONBOARDING_SVC
CUST006229,Ethan Davis,1989-07-13,484bbb2240eb,low,pending,SG,2020-07-06 00:00:00,CUSTOMER_ONBOARDING_SVC
CUST006230,Chen Singh,1960-06-06,856c7b56625b,low,verified,RU,2018-04-14 00:00:00,CUSTOMER_ONBOARDING_SVC
CUST006231,Arjun Chen,1988-09-08,2941bdd3bed3,medium,pending,CA,2018-04-26 00:00:00,CUSTOMER_ONBOARDING_SVC
CUST006232,Wei Anderson,1981-07-17,ad24dca75f05,low,verified,CA,2021-05-06 00:00:00,CUSTOMER_ONBOARDING_SVC
CUST006233,Wei Ivanov,1998-08-18,bcf49f135534,high,verified,CN,2020-11-04 00:00:00,CUSTOMER_ONBOARDING_SVC
CUST006234,Liam Tanaka,2005-07-15,ff148c75e04c,low,verified,NG,2025-07-13 00:00:00,CUSTOMER_ONBOARDING_SVC
CUST006235,Liam Martinez,2000-03-10,79968b456b84,high,expired,AU,2025-01-18 00:00:00,CUSTOMER_ONBOARDING_SVC
CUST006236,Omar Zhang,1995-07-02,1aec1a93415e,low,verified,CN,2024-08-31 00:00:00,CUSTOMER_ONBOARDING_SVC
CUST006236,Omar Zhang,1995-07-02,1aec1a93415e,low,verified,CN,2024-08-31 01:00:00,CUSTOMER_ONBOARDING_SVC
CUST006237,Riya Nair,1959-02-15,6079bf49e08c,medium,pending,AE,2024-10-07 00:00:00,CUSTOMER_ONBOARDING_SVC
CUST006238,Rohan Martinez,1987-04-28,20ff97685626,low,pending,NG,2026-05-28 00:00:00,CUSTOMER_ONBOARDING_SVC
CUST006239,Olivia Johnson,1973-10-19,c19e6bfb46f7,low,pending,DE,2025-05-22 00:00:00,CUSTOMER_ONBOARDING_SVC
CUST006240,Divya Mehta,1962-06-15,ff21b31952ef,low,verified,US,2018-03-01 00:00:00,CUSTOMER_ONBOARDING_SVC
CUST006241,Omar Singh,1986-11-19,8871b30f2007,medium,verified,SG,2024-01-24 00:00:00,CUSTOMER_ONBOARDING_SVC
CUST006242,Mason Miller,2000-08-05,cdfeb29ef853,medium,verified,IN,2025-05-15 00:00:00,CUSTOMER_ONBOARDING_SVC
CUST006243,Ivan Brown,1970-06-28,6605bb0ec2b6,high,verified,CN,2021-08-14 00:00:00,CUSTOMER_ONBOARDING_SVC
CUST006244,Ananya Tanaka,2003-12-21,1692e478f5a0,low,verified,DE,2025-05-23 00:00:00,CUSTOMER_ONBOARDING_SVC
CUST006245,Rohan Smith,1959-10-31,b7eb1928de2e,low,verified,CA,2023-05-24 00:00:00,CUSTOMER_ONBOARDING_SVC
CUST006246,Diego Garcia,1979-09-26,f18acc353949,low,verified,CA,2025-12-12 00:00:00,CUSTOMER_ONBOARDING_SVC
CUST006247,Diego Mehta,1972-05-20,45bb13ba6bac,low,pending,AU,2018-01-21 00:00:00,CUSTOMER_ONBOARDING_SVC
CUST006248,Sophia Chen,1963-02-09,85af1b5b0f99,high,expired,NG,2022-03-02 00:00:00,CUSTOMER_ONBOARDING_SVC
CUST006249,Ethan Brown,1963-05-05,9169df774b53,low,expired,AU,2022-12-02 00:00:00,CUSTOMER_ONBOARDING_SVC
CUST006250,Divya Tanaka,1982-04-10,b74c8426d5cf,low,verified,US,2023-06-05 00:00:00,CUSTOMER_ONBOARDING_SVC
CUST006251,Liam Brown,1963-11-12,ff332e1b53c0,medium,verified,AE,2024-04-30 00:00:00,CUSTOMER_ONBOARDING_SVC
CUST006252,Hassan Khan,1984-11-28,284b806de734,low,verified,IN,2021-01-03 00:00:00,CUSTOMER_ONBOARDING_SVC
CUST006253,Aarav Khan,1979-07-06,2a9894e430c2,low,pending,AU,2019-10-16 00:00:00,CUSTOMER_ONBOARDING_SVC
CUST006254,Rahul Al-Sayed,1996-07-16,3f1bddd48596,medium,expired,RU,2024-08-17 00:00:00,CUSTOMER_ONBOARDING_SVC
CUST006255,Karan Anderson,1956-12-23,75e49281dd11,medium,pending,CA,2025-06-10 00:00:00,CUSTOMER_ONBOARDING_SVC
CUST006256,Ivan Khan,1992-11-18,8ac188624604,low,pending,US,2023-06-14 00:00:00,CUSTOMER_ONBOARDING_SVC
CUST006257,Amelia Davis,2004-01-22,702d6dc693e5,low,verified,CA,2024-01-01 00:00:00,CUSTOMER_ONBOARDING_SVC
CUST006258,Sophia Gupta,2001-04-13,e5a4551d879b,medium,expired,AU,2022-02-07 00:00:00,CUSTOMER_ONBOARDING_SVC
CUST006259,Liam Zhang,1987-12-27,93ec71697221,medium,expired,US,2018-03-16 00:00:00,CUSTOMER_ONBOARDING_SVC
CUST006260,Ananya Singh,1998-12-23,1df8cdb998e9,medium,verified,DE,2024-01-01 00:00:00,CUSTOMER_ONBOARDING_SVC
CUST006261,James Lopez,1991-11-26,47a5ebfbb31e,low,pending,DE,2023-01-29 00:00:00,CUSTOMER_ONBOARDING_SVC
CUST006262,Priya Gupta,1963-06-03,acef6f6e82e3,high,verified,AE,2020-04-02 00:00:00,CUSTOMER_ONBOARDING_SVC
CUST006263,Lucas Martinez,1985-11-14,2a34ad458b69,low,verified,RU,2023-03-07 00:00:00,CUSTOMER_ONBOARDING_SVC
CUST006264,Priya Patel,1992-11-24,e495aa90f12d,low,verified,US,2024-02-19 00:00:00,CUSTOMER_ONBOARDING_SVC
CUST006265,Sneha Reddy,2001-07-30,407d52e06f5e,medium,expired,AE,2022-12-29 00:00:00,CUSTOMER_ONBOARDING_SVC
CUST006266,Liam Ivanov,1990-03-18,fe2174eb4041,low,verified,CA,2018-07-30 00:00:00,CUSTOMER_ONBOARDING_SVC
CUST006267,Amelia Gupta,1969-05-25,7038deea03e9,low,expired,RU,2019-09-09 00:00:00,CUSTOMER_ONBOARDING_SVC
CUST006268,Divya Sharma,2004-04-27,8d7dbd5b83b4,low,verified,RU,2022-01-13 00:00:00,CUSTOMER_ONBOARDING_SVC
CUST006269,Rahul Davis,1996-07-15,70d7a1ff91ee,low,expired,DE,2022-02-18 00:00:00,CUSTOMER_ONBOARDING_SVC
CUST006270,Priya Mehta,1984-01-14,69761c6e02dc,low,pending,CA,2025-06-21 00:00:00,CUSTOMER_ONBOARDING_SVC
CUST006271,Sneha Wilson,1973-04-12,a699ef535d5a,high,pending,NG,2018-01-17 00:00:00,CUSTOMER_ONBOARDING_SVC
CUST006272,Diego Patel,1992-08-28,83f8bf434245,low,expired,GB,2023-06-23 00:00:00,CUSTOMER_ONBOARDING_SVC
CUST006273,Ivan Singh,1974-01-15,ab4ed9183a02,high,expired,DE,2023-01-26 00:00:00,CUSTOMER_ONBOARDING_SVC
CUST006274,Diego Gupta,1969-12-12,25edef82119c,high,expired,IN,2025-10-08 00:00:00,CUSTOMER_ONBOARDING_SVC
CUST006275,Diego Martinez,1955-03-30,dd0f3e07442d,medium,pending,CA,2024-04-18 00:00:00,CUSTOMER_ONBOARDING_SVC
CUST006276,Olivia Khan,1978-12-30,18907fa0eba8,low,verified,CN,2021-03-07 00:00:00,CUSTOMER_ONBOARDING_SVC
CUST006277,Meera Kumar,1974-04-09,92e4fd5d69b5,medium,verified,IN,2022-07-13 00:00:00,CUSTOMER_ONBOARDING_SVC
CUST006278,James Gupta,1957-02-23,6e512e218236,medium,verified,CA,2024-08-10 00:00:00,CUSTOMER_ONBOARDING_SVC
CUST006279,Sneha Mehta,1971-11-15,59a993f17957,medium,verified,GB,2018-05-01 00:00:00,CUSTOMER_ONBOARDING_SVC
CUST006280,Rahul Brown,1985-12-22,6c45be1b0e0d,medium,verified,GB,2018-04-13 00:00:00,CUSTOMER_ONBOARDING_SVC
CUST006281,Mia Wilson,2004-09-25,cf7360c17652,medium,pending,SG,2019-02-01 00:00:00,CUSTOMER_ONBOARDING_SVC
CUST006282,Diego Smith,1969-01-06,3cf01d2982b6,low,verified,NG,2019-12-01 00:00:00,CUSTOMER_ONBOARDING_SVC
CUST006283,Ava Sharma,1991-07-26,5e6ea1c191f8,medium,verified,GB,2021-02-15 00:00:00,CUSTOMER_ONBOARDING_SVC
CUST006284,Liam Gupta,1987-06-18,811c71e8dcd3,medium,verified,DE,2024-02-08 00:00:00,CUSTOMER_ONBOARDING_SVC
CUST006285,Meera Smith,1957-04-15,a4d83e022192,low,pending,SG,2018-12-08 00:00:00,CUSTOMER_ONBOARDING_SVC
CUST006286,Divya Anderson,1964-01-31,4acf48d42c9b,medium,verified,US,2025-09-29 00:00:00,CUSTOMER_ONBOARDING_SVC
CUST006287,Mia Lopez,1969-08-15,57e2e53a809d,high,verified,AU,2022-08-02 00:00:00,CUSTOMER_ONBOARDING_SVC
CUST006288,Rohan Patel,1972-06-27,875503dde0ab,low,verified,DE,2018-10-12 00:00:00,CUSTOMER_ONBOARDING_SVC
CUST006289,Isha Martinez,1981-08-27,8a13c7f86438,high,verified,SG,2018-01-18 00:00:00,CUSTOMER_ONBOARDING_SVC
CUST006290,Elena Miller,1999-02-06,baf7550c9d34,low,pending,US,2019-12-10 00:00:00,CUSTOMER_ONBOARDING_SVC
CUST006291,Omar Anderson,1999-01-12,6899a244f219,medium,verified,RU,2018-06-01 00:00:00,CUSTOMER_ONBOARDING_SVC
CUST006292,Liam Ivanov,1997-08-30,1284035259d0,medium,expired,SG,2018-10-28 00:00:00,CUSTOMER_ONBOARDING_SVC
CUST006293,Meera Al-Sayed,1977-10-23,a2fbdc8e5390,low,verified,US,2019-08-16 00:00:00,CUSTOMER_ONBOARDING_SVC
CUST006294,Nikhil Davis,1989-02-16,64e6ec8b54bc,medium,,AU,2021-07-03 00:00:00,CUSTOMER_ONBOARDING_SVC
CUST006295,Nikhil Martinez,1970-07-08,f218599655fb,low,verified,GB,2023-03-09 00:00:00,CUSTOMER_ONBOARDING_SVC
CUST006296,Olivia Khan,1966-12-30,7a6d3056964e,low,verified,AU,2019-06-10 00:00:00,CUSTOMER_ONBOARDING_SVC
CUST006297,Liam Patel,1980-02-19,298e6575adbb,high,expired,IN,2023-08-15 00:00:00,CUSTOMER_ONBOARDING_SVC
CUST006298,Emma Zhang,1993-06-25,9a39eead2393,medium,pending,SG,2021-06-14 00:00:00,CUSTOMER_ONBOARDING_SVC
CUST006299,Ananya Gupta,1989-08-07,f8d5cbe3a064,low,verified,IN,2020-04-29 00:00:00,CUSTOMER_ONBOARDING_SVC
CUST006300,Wei Lopez,1996-12-12,e63f12078ac8,medium,pending,GB,2021-07-16 00:00:00,CUSTOMER_ONBOARDING_SVC
CUST006301,Mia Chen,1963-04-29,ecfddae12ea9,low,expired,GB,2020-06-19 00:00:00,CUSTOMER_ONBOARDING_SVC
CUST006302,Emma Sharma,1969-11-23,31b7f174560b,low,verified,AE,2021-05-20 00:00:00,CUSTOMER_ONBOARDING_SVC
CUST006303,Arjun Khan,1980-09-27,bdfaebdcec12,high,verified,GB,2025-10-02 00:00:00,CUSTOMER_ONBOARDING_SVC
CUST006304,Fatima Nair,1958-11-06,9fbda873e67c,low,expired,SG,2018-08-05 00:00:00,CUSTOMER_ONBOARDING_SVC
CUST006305,Vikram Johnson,1960-02-22,7a9dce8478d7,medium,verified,DE,2021-08-14 00:00:00,CUSTOMER_ONBOARDING_SVC
CUST006306,Lucia Martinez,1958-04-06,7ab5a3ea07ae,medium,expired,IN,2021-08-07 00:00:00,CUSTOMER_ONBOARDING_SVC
CUST006307,Ethan Patel,1984-10-10,7899ed936855,high,verified,RU,2018-08-30 00:00:00,CUSTOMER_ONBOARDING_SVC
CUST006308,Amelia Smith,1966-04-14,b5f2b5a8283b,high,expired,IN,2026-02-18 00:00:00,CUSTOMER_ONBOARDING_SVC
CUST006309,Rahul Khan,2005-04-28,b8b840f3a800,,verified,AU,2021-09-24 00:00:00,CUSTOMER_ONBOARDING_SVC
CUST006310,Karan Garcia,1987-01-04,409cf771e4bc,medium,verified,SG,2024-06-11 00:00:00,CUSTOMER_ONBOARDING_SVC
CUST006311,Diego Kumar,1990-02-12,ce7507d35a1b,low,verified,DE,2021-10-16 00:00:00,CUSTOMER_ONBOARDING_SVC
CUST006312,Wei Sharma,1966-08-25,dcddb347644b,low,verified,AE,2024-02-23 00:00:00,CUSTOMER_ONBOARDING_SVC
CUST006313,Liam Smith,1965-11-12,d2978f13ee12,medium,verified,RU,2023-04-09 00:00:00,CUSTOMER_ONBOARDING_SVC
CUST006314,Layla Kumar,1963-12-05,0abd80ce8848,medium,expired,US,2021-04-20 00:00:00,CUSTOMER_ONBOARDING_SVC
CUST006315,Wei Sharma,1965-12-15,f324b4c0927c,low,expired,CN,2022-03-16 00:00:00,CUSTOMER_ONBOARDING_SVC
CUST006316,Sophia Brown,1990-08-22,b923ea19b6d3,low,verified,AU,2023-03-05 00:00:00,CUSTOMER_ONBOARDING_SVC
CUST006317,Vikram Ivanov,1982-11-03,1f5ee9b0c3b1,low,pending,CN,2020-03-21 00:00:00,CUSTOMER_ONBOARDING_SVC
CUST006318,Aditya Zhang,1970-12-31,c5aac0d7d825,low,verified,DE,2018-11-17 00:00:00,CUSTOMER_ONBOARDING_SVC
CUST006319,Aarav Singh,1992-08-06,f913d0032562,,verified,GB,2026-03-01 00:00:00,CUSTOMER_ONBOARDING_SVC
CUST006320,Liam Smith,1988-05-25,92e006278543,medium,verified,CA,2020-06-19 00:00:00,CUSTOMER_ONBOARDING_SVC
CUST006321,Aditya Khan,1988-02-23,87d1dbf87606,low,verified,AE,2020-08-22 00:00:00,CUSTOMER_ONBOARDING_SVC
CUST006322,Ethan Kumar,1957-08-21,38455751e96b,low,pending,NG,2025-07-22 00:00:00,CUSTOMER_ONBOARDING_SVC
CUST006323,Noah Smith,1976-06-02,b5c6faa07fc0,medium,expired,NG,2023-09-05 00:00:00,CUSTOMER_ONBOARDING_SVC
CUST006324,Meera Nair,1985-07-15,8e8196e687f0,,expired,AU,2023-11-05 00:00:00,CUSTOMER_ONBOARDING_SVC
CUST006325,Chen Patel,1966-06-03,b2cde36503a9,low,expired,CA,2024-05-05 00:00:00,CUSTOMER_ONBOARDING_SVC
CUST006326,Diego Nair,1974-03-04,9da7dbb7bb55,medium,pending,US,2026-06-26 00:00:00,CUSTOMER_ONBOARDING_SVC
CUST006327,Elena Chen,1982-08-11,c795e0113373,low,verified,SG,2023-06-28 00:00:00,CUSTOMER_ONBOARDING_SVC
CUST006328,Ethan Lopez,1975-05-25,30de3f8b6abd,low,verified,AE,2024-05-23 00:00:00,CUSTOMER_ONBOARDING_SVC
CUST006329,Meera Anderson,1965-10-20,cf5f9bcf9e51,medium,verified,NG,2021-12-09 00:00:00,CUSTOMER_ONBOARDING_SVC
CUST006330,Isha Anderson,1996-09-07,50e1985be2b5,low,,AU,2021-02-27 00:00:00,CUSTOMER_ONBOARDING_SVC
CUST006331,Riya Brown,2001-11-16,6bcc9e6f050a,medium,expired,CA,2019-10-12 00:00:00,CUSTOMER_ONBOARDING_SVC
CUST006332,Nikhil Brown,1991-06-02,339d6f8df1aa,medium,verified,IN,2024-02-16 00:00:00,CUSTOMER_ONBOARDING_SVC
CUST006333,Mei Miller,1990-03-03,45ce89b367c8,low,pending,IN,2025-11-06 00:00:00,CUSTOMER_ONBOARDING_SVC
CUST006334,Arjun Martinez,1997-03-10,d2f32471ebe4,high,expired,GB,2025-10-31 00:00:00,CUSTOMER_ONBOARDING_SVC
CUST006335,Sophia Davis,1956-05-01,33e3fb62d90b,high,verified,AU,2020-02-26 00:00:00,CUSTOMER_ONBOARDING_SVC
CUST006336,Lucas Garcia,1971-06-01,a4476da787c2,medium,expired,RU,2023-04-29 00:00:00,CUSTOMER_ONBOARDING_SVC
CUST006337,Chen Al-Sayed,1981-06-14,0069a018e35c,low,expired,DE,2021-08-12 00:00:00,CUSTOMER_ONBOARDING_SVC
CUST006338,Ethan Lopez,1965-11-30,8fdce6bf66a8,high,expired,US,2024-12-29 00:00:00,CUSTOMER_ONBOARDING_SVC
CUST006339,Diego Tanaka,1963-08-27,1caa32c6c5fd,medium,expired,CN,2019-05-04 00:00:00,CUSTOMER_ONBOARDING_SVC
CUST006340,James Chen,2004-12-07,82f44d731654,low,verified,IN,2019-12-26 00:00:00,CUSTOMER_ONBOARDING_SVC
CUST006341,Ethan Wilson,1966-12-24,5f2ab5ae161e,high,expired,NG,2025-08-28 00:00:00,CUSTOMER_ONBOARDING_SVC
CUST006342,Divya Al-Sayed,1957-08-12,8d408a4aba2b,low,verified,NG,2020-12-19 00:00:00,CUSTOMER_ONBOARDING_SVC
CUST006343,Chen Martinez,1965-05-25,595a32a851e4,low,pending,SG,2019-10-23 00:00:00,CUSTOMER_ONBOARDING_SVC
CUST006344,Diego Garcia,1975-07-24,d2346a9571d9,low,verified,DE,2022-05-23 00:00:00,CUSTOMER_ONBOARDING_SVC
CUST006345,Lucia Patel,1972-04-20,a7cfb362cffd,low,verified,CN,2023-01-31 00:00:00,CUSTOMER_ONBOARDING_SVC
CUST006346,Arjun Sharma,1988-01-10,c54a8b362fa0,low,verified,AE,2023-10-08 00:00:00,CUSTOMER_ONBOARDING_SVC
CUST006347,Mei Khan,1962-06-11,1a0bdb252a46,high,pending,SG,2024-12-24 00:00:00,CUSTOMER_ONBOARDING_SVC
CUST006348,Sophia Garcia,2005-10-24,4ac398607232,low,verified,NG,2023-03-24 00:00:00,CUSTOMER_ONBOARDING_SVC
CUST006349,Mei Wilson,1983-03-16,32105c504427,low,verified,NG,2022-01-06 00:00:00,CUSTOMER_ONBOARDING_SVC
CUST006350,Sophia Al-Sayed,2004-06-19,3607d2347724,low,expired,RU,2021-03-07 00:00:00,CUSTOMER_ONBOARDING_SVC
CUST006351,Rahul Brown,2000-01-14,85698765aae6,medium,verified,GB,2026-02-18 00:00:00,CUSTOMER_ONBOARDING_SVC
CUST006352,Fatima Khan,2005-07-12,1044834c71d9,medium,verified,AU,2022-07-06 00:00:00,CUSTOMER_ONBOARDING_SVC
CUST006353,Priya Al-Sayed,1974-05-02,aceebc01be3e,,verified,DE,2019-08-22 00:00:00,CUSTOMER_ONBOARDING_SVC
CUST006354,Ethan Garcia,1993-08-04,64cc97165836,low,expired,CA,2020-02-13 00:00:00,CUSTOMER_ONBOARDING_SVC
CUST006355,Arjun Singh,1992-12-17,de970ad8ea91,medium,verified,SG,2025-02-15 00:00:00,CUSTOMER_ONBOARDING_SVC
CUST006356,Yuki Patel,1956-06-18,0d82f2fcdc0d,medium,pending,AE,2020-05-20 00:00:00,CUSTOMER_ONBOARDING_SVC
CUST006357,Arjun Miller,2000-11-16,97b3707aafb8,low,pending,AU,2023-02-07 00:00:00,CUSTOMER_ONBOARDING_SVC
CUST006358,Nikhil Singh,2004-06-29,58814104a8b1,low,expired,NG,2022-07-24 00:00:00,CUSTOMER_ONBOARDING_SVC
CUST006359,Divya Chen,1996-06-17,60d35b2c8e3e,,verified,CN,2021-01-21 00:00:00,CUSTOMER_ONBOARDING_SVC
CUST006360,Hassan Anderson,2002-05-20,8f294b45e7dc,low,verified,CN,2023-01-22 00:00:00,CUSTOMER_ONBOARDING_SVC
CUST006361,Elena Chen,1985-05-21,1aaf790fcd47,low,expired,GB,2018-03-03 00:00:00,CUSTOMER_ONBOARDING_SVC
CUST006362,Sneha Zhang,1961-06-10,c00ae6f5c93e,low,verified,CA,2025-03-06 00:00:00,CUSTOMER_ONBOARDING_SVC
CUST006363,Ava Al-Sayed,1971-05-13,107d90db7491,high,verified,SG,2020-12-01 00:00:00,CUSTOMER_ONBOARDING_SVC
CUST006364,Isha Patel,1987-06-20,771535899845,low,verified,US,2024-03-12 00:00:00,CUSTOMER_ONBOARDING_SVC
CUST006365,Nikhil Lopez,1972-02-05,4b5003241b44,low,pending,SG,2019-04-01 00:00:00,CUSTOMER_ONBOARDING_SVC
CUST006366,Ethan Gupta,1973-05-26,3b2a9c2d3f13,low,verified,CN,2020-12-12 00:00:00,CUSTOMER_ONBOARDING_SVC
CUST006367,Wei Singh,1998-10-20,b395f7c62de1,,pending,AE,2022-04-20 00:00:00,CUSTOMER_ONBOARDING_SVC
CUST006368,Aarav Davis,1985-10-25,2f1bc2bd45ce,low,pending,IN,2026-01-15 00:00:00,CUSTOMER_ONBOARDING_SVC
CUST006369,Hassan Ivanov,1956-12-21,be0e9ad30c6e,high,verified,GB,2025-10-28 00:00:00,CUSTOMER_ONBOARDING_SVC
CUST006370,Emma Nair,2005-09-13,fddfdbd90053,low,verified,NG,2026-06-19 00:00:00,CUSTOMER_ONBOARDING_SVC
CUST006371,Amelia Kumar,1987-02-22,cbeeb5364852,low,verified,SG,2019-10-03 00:00:00,CUSTOMER_ONBOARDING_SVC
CUST006372,Liam Anderson,1967-05-30,d1bb05e20782,high,expired,US,2022-08-27 00:00:00,CUSTOMER_ONBOARDING_SVC
CUST006373,Nikhil Brown,1970-08-27,c5bc4f93a9f7,low,expired,AU,2023-04-17 00:00:00,CUSTOMER_ONBOARDING_SVC
CUST006374,Fatima Anderson,1991-08-05,198ffeced6f3,high,pending,SG,2018-04-21 00:00:00,CUSTOMER_ONBOARDING_SVC
CUST006375,Fatima Al-Sayed,1994-05-23,0404e1d5afee,medium,verified,GB,2018-07-31 00:00:00,CUSTOMER_ONBOARDING_SVC
CUST006376,Amelia Brown,1964-04-22,486d1211a230,high,verified,RU,2020-01-10 00:00:00,CUSTOMER_ONBOARDING_SVC
CUST006377,Chen Smith,1974-07-12,f515be752feb,medium,expired,RU,2018-01-21 00:00:00,CUSTOMER_ONBOARDING_SVC
CUST006378,Chen Al-Sayed,1970-02-16,f10005dc1d2d,low,verified,IN,2026-06-01 00:00:00,CUSTOMER_ONBOARDING_SVC
CUST006379,Olivia Al-Sayed,1984-08-04,e20e14aed023,low,,DE,2025-09-16 00:00:00,CUSTOMER_ONBOARDING_SVC
CUST006380,Riya Chen,1961-01-15,5da3e7748c2c,medium,verified,DE,2018-05-10 00:00:00,CUSTOMER_ONBOARDING_SVC
CUST006381,Nikhil Tanaka,1959-12-09,b3f47e8e9eb9,low,,NG,2019-04-06 00:00:00,CUSTOMER_ONBOARDING_SVC
CUST006382,James Smith,1975-08-30,af046dc4441f,low,verified,SG,2025-07-22 00:00:00,CUSTOMER_ONBOARDING_SVC
CUST006383,Vikram Martinez,1984-10-07,bb9771a188d6,low,verified,AU,2018-11-07 00:00:00,CUSTOMER_ONBOARDING_SVC
CUST006384,Mia Garcia,1966-11-29,686da50983ba,medium,verified,NG,2018-10-18 00:00:00,CUSTOMER_ONBOARDING_SVC
CUST006385,Aarav Sharma,2002-10-30,54fc1a22ef09,medium,expired,IN,2023-09-30 00:00:00,CUSTOMER_ONBOARDING_SVC
CUST006386,Karan Johnson,1996-01-28,e78776d159b3,low,verified,AE,2022-12-29 00:00:00,CUSTOMER_ONBOARDING_SVC
CUST006387,Ivan Ivanov,1972-01-14,ff3602ede106,low,expired,AU,2018-11-17 00:00:00,CUSTOMER_ONBOARDING_SVC
CUST006388,Yuki Nair,1996-07-29,96a7c07b3efc,high,verified,CN,2022-09-01 00:00:00,CUSTOMER_ONBOARDING_SVC
CUST006389,Wei Chen,1962-12-06,87d4318d0914,low,verified,AE,2019-02-03 00:00:00,CUSTOMER_ONBOARDING_SVC
CUST006390,Noah Martinez,1973-09-12,f251c021b10c,medium,verified,AE,2021-09-14 00:00:00,CUSTOMER_ONBOARDING_SVC
CUST006391,Elena Smith,1956-10-17,3c217a1a21b9,low,pending,IN,2023-07-21 00:00:00,CUSTOMER_ONBOARDING_SVC
CUST006392,Mei Wilson,1962-04-23,88837d5a1975,medium,expired,NG,2019-03-03 00:00:00,CUSTOMER_ONBOARDING_SVC
CUST006393,Lucas Khan,1984-01-31,cdc0cc26401f,medium,verified,IN,2025-06-21 00:00:00,CUSTOMER_ONBOARDING_SVC
CUST006394,Rahul Smith,1988-01-24,c7b53f7ca5fd,high,pending,CN,2020-07-03 00:00:00,CUSTOMER_ONBOARDING_SVC
CUST006395,Riya Gupta,1979-05-02,34c34cc7bf4c,medium,pending,SG,2024-08-03 00:00:00,CUSTOMER_ONBOARDING_SVC
CUST006395,Riya Gupta,1979-05-02,34c34cc7bf4c,medium,pending,SG,2024-08-03 01:11:00,CUSTOMER_ONBOARDING_SVC
CUST006396,Wei Nair,1966-05-26,17720245edfd,medium,verified,CA,2020-05-07 00:00:00,CUSTOMER_ONBOARDING_SVC
CUST006397,Amelia Reddy,1989-06-28,7d7bcb2306c2,medium,expired,RU,2025-07-15 00:00:00,CUSTOMER_ONBOARDING_SVC
CUST006398,Omar Martinez,1978-10-28,ac3bb58032dc,medium,expired,IN,2019-11-28 00:00:00,CUSTOMER_ONBOARDING_SVC
CUST006399,Mia Wilson,1984-10-07,3f199707df5c,medium,expired,NG,2023-09-06 00:00:00,CUSTOMER_ONBOARDING_SVC
CUST006400,Nikhil Nair,1979-12-07,188e3bef29db,low,verified,IN,2021-05-02 00:00:00,CUSTOMER_ONBOARDING_SVC
CUST006401,Layla Garcia,1977-08-02,e88d4bfd7b18,high,verified,DE,2021-12-04 00:00:00,CUSTOMER_ONBOARDING_SVC
CUST006402,Olivia Khan,1981-02-14,287277acaba6,medium,verified,AU,2019-01-31 00:00:00,CUSTOMER_ONBOARDING_SVC
CUST006403,Liam Kumar,1959-12-07,924a1b56f3cc,low,verified,CA,2018-08-06 00:00:00,CUSTOMER_ONBOARDING_SVC
CUST006404,Diego Smith,1965-06-23,8a0cc5aba1b5,high,verified,CN,2019-06-28 00:00:00,CUSTOMER_ONBOARDING_SVC
CUST006405,Fatima Sharma,1984-03-30,719fa7ca2b19,medium,verified,NG,2022-09-12 00:00:00,CUSTOMER_ONBOARDING_SVC
CUST006406,Yuki Patel,2000-06-23,4ed1be7a424e,low,pending,NG,2023-08-19 00:00:00,CUSTOMER_ONBOARDING_SVC
CUST006407,Riya Sharma,1994-11-23,9523fcb3aa74,low,verified,NG,2023-03-08 00:00:00,CUSTOMER_ONBOARDING_SVC
CUST006408,Diego Mehta,1983-04-09,69adfd5a1df1,high,pending,GB,2023-11-09 00:00:00,CUSTOMER_ONBOARDING_SVC
CUST006409,Omar Garcia,1983-12-11,01127cea0b02,medium,verified,NG,2021-01-15 00:00:00,CUSTOMER_ONBOARDING_SVC
CUST006410,Yuki Martinez,1964-11-29,174b17f26db4,medium,verified,CN,2019-08-09 00:00:00,CUSTOMER_ONBOARDING_SVC
CUST006411,Wei Kumar,1992-08-02,377dab1768ec,low,expired,NG,2023-04-11 00:00:00,CUSTOMER_ONBOARDING_SVC
CUST006412,Wei Gupta,1961-01-27,4b3fb82bd554,low,expired,IN,2022-11-26 00:00:00,CUSTOMER_ONBOARDING_SVC
CUST006413,Nikhil Gupta,1984-04-05,5dad5ed81a50,low,expired,AU,2024-03-18 00:00:00,CUSTOMER_ONBOARDING_SVC
CUST006414,Priya Patel,1976-09-09,6fe7d53631ce,low,verified,GB,2022-04-22 00:00:00,CUSTOMER_ONBOARDING_SVC
CUST006415,Chen Khan,1955-09-08,d9cd6c7b3171,medium,verified,AE,2021-11-08 00:00:00,CUSTOMER_ONBOARDING_SVC
CUST006416,Aarav Smith,1988-11-27,48ad6881b126,low,verified,DE,2019-01-14 00:00:00,CUSTOMER_ONBOARDING_SVC
CUST006417,Elena Garcia,1961-02-08,8c3ce7d417e5,low,expired,NG,2022-03-20 00:00:00,CUSTOMER_ONBOARDING_SVC
CUST006418,Noah Nair,1989-07-13,242f2505e1dc,,verified,DE,2019-04-08 00:00:00,CUSTOMER_ONBOARDING_SVC
CUST006419,Sophia Patel,1996-08-13,a0b4a3018f6e,high,verified,AE,2021-05-17 00:00:00,CUSTOMER_ONBOARDING_SVC
CUST006420,Lucas Kumar,1962-02-19,29154c9e96f4,low,verified,NG,2019-06-19 00:00:00,CUSTOMER_ONBOARDING_SVC
CUST006421,Mei Mehta,2004-01-05,ffb835ace842,low,verified,AE,2023-02-06 00:00:00,CUSTOMER_ONBOARDING_SVC
CUST006422,Fatima Martinez,1987-03-07,264948d4b3f6,low,pending,CA,2023-03-04 00:00:00,CUSTOMER_ONBOARDING_SVC
CUST006423,Liam Al-Sayed,1956-12-09,de4ea000d10b,medium,verified,US,2024-03-03 00:00:00,CUSTOMER_ONBOARDING_SVC
CUST006424,Chen Smith,1972-04-26,0f971fb330d9,medium,verified,IN,2023-07-22 00:00:00,CUSTOMER_ONBOARDING_SVC
CUST006425,Priya Martinez,1977-10-29,d39f841355e3,low,verified,NG,2026-03-18 00:00:00,CUSTOMER_ONBOARDING_SVC
CUST006426,Mei Zhang,1966-03-28,b7d54febde88,medium,verified,GB,2019-11-24 00:00:00,CUSTOMER_ONBOARDING_SVC
CUST006427,Mia Ivanov,1968-04-08,2cc99642e58a,low,expired,AE,2021-12-09 00:00:00,CUSTOMER_ONBOARDING_SVC
CUST006428,Pooja Sharma,1993-05-11,f3e86bcf12fe,high,verified,SG,2019-02-12 00:00:00,CUSTOMER_ONBOARDING_SVC
CUST006429,Arjun Nair,1997-02-09,f0e12ae36e9f,high,expired,DE,2026-01-15 00:00:00,CUSTOMER_ONBOARDING_SVC
CUST006430,Sophia Ivanov,1970-10-13,105e7e81d362,low,verified,AU,2026-04-20 00:00:00,CUSTOMER_ONBOARDING_SVC
CUST006431,Elena Anderson,1959-05-20,a4cc74c7a72a,medium,expired,AE,2023-09-10 00:00:00,CUSTOMER_ONBOARDING_SVC
CUST006432,Vikram Nair,1962-05-25,6c266f58367b,high,expired,NG,2025-01-25 00:00:00,CUSTOMER_ONBOARDING_SVC
CUST006433,Rohan Sharma,1968-09-30,f0093cb98696,medium,pending,NG,2024-04-20 00:00:00,CUSTOMER_ONBOARDING_SVC
CUST006434,Divya Smith,1973-04-18,2e4ae41dac68,high,expired,AE,2021-07-25 00:00:00,CUSTOMER_ONBOARDING_SVC
CUST006435,Fatima Zhang,1955-10-02,3734025219fb,medium,expired,NG,2022-01-24 00:00:00,CUSTOMER_ONBOARDING_SVC
CUST006436,Amelia Wilson,1996-01-10,8b30579750e6,medium,pending,IN,2022-07-29 00:00:00,CUSTOMER_ONBOARDING_SVC
CUST006437,Rohan Nair,1985-11-23,636965b6fb55,medium,pending,AU,2024-06-12 00:00:00,CUSTOMER_ONBOARDING_SVC
CUST006438,Ivan Reddy,1997-04-29,50433cf36ffc,low,expired,AU,2018-04-30 00:00:00,CUSTOMER_ONBOARDING_SVC
CUST006439,Meera Al-Sayed,2004-09-27,eb878686c497,medium,verified,GB,2024-07-15 00:00:00,CUSTOMER_ONBOARDING_SVC
CUST006440,Pooja Miller,1964-09-01,aac211be1b9f,medium,pending,AE,2021-10-07 00:00:00,CUSTOMER_ONBOARDING_SVC
CUST006441,Karan Smith,1977-02-10,277a6acdf74e,medium,verified,IN,2021-01-15 00:00:00,CUSTOMER_ONBOARDING_SVC
CUST006442,Elena Nair,1970-06-18,bdba1be4467d,low,verified,AU,2022-09-03 00:00:00,CUSTOMER_ONBOARDING_SVC
CUST006443,Vikram Tanaka,1988-11-22,2dd3c103265d,low,verified,SG,2022-07-30 00:00:00,CUSTOMER_ONBOARDING_SVC
CUST006444,Ivan Patel,1986-06-08,e3c4860e91b7,low,verified,NG,2023-04-12 00:00:00,CUSTOMER_ONBOARDING_SVC
CUST006445,Isha Reddy,1974-03-16,54b9dcd9d479,low,expired,AU,2025-03-08 00:00:00,CUSTOMER_ONBOARDING_SVC
CUST006446,Ethan Reddy,1987-07-01,aad56eb0e320,medium,verified,CN,2018-04-04 00:00:00,CUSTOMER_ONBOARDING_SVC
CUST006447,Fatima Johnson,1990-06-06,b85ab18b952f,low,expired,NG,2026-01-27 00:00:00,CUSTOMER_ONBOARDING_SVC
CUST006448,Mia Wilson,1993-10-12,fc23aa86156e,low,pending,CN,2025-04-22 00:00:00,CUSTOMER_ONBOARDING_SVC
CUST006449,Ivan Khan,1975-12-30,ba86d93ea99f,low,verified,CA,2025-04-09 00:00:00,CUSTOMER_ONBOARDING_SVC
CUST006450,Lucia Chen,1993-01-07,ee815f9c5feb,low,verified,GB,2022-11-28 00:00:00,CUSTOMER_ONBOARDING_SVC
CUST006451,Sneha Brown,1985-04-03,c955cd81b6dc,low,verified,SG,2018-05-02 00:00:00,CUSTOMER_ONBOARDING_SVC
CUST006452,Nikhil Ivanov,1997-02-27,f85f23b21038,low,pending,US,2026-02-18 00:00:00,CUSTOMER_ONBOARDING_SVC
CUST006453,Fatima Wilson,1976-01-11,7818ee2b92bd,low,verified,SG,2026-05-10 00:00:00,CUSTOMER_ONBOARDING_SVC
CUST006454,Divya Brown,1983-09-12,1c307ea1d75a,medium,verified,NG,2019-09-16 00:00:00,CUSTOMER_ONBOARDING_SVC
CUST006455,Omar Zhang,1985-03-08,e6e8d6fc9f3c,medium,expired,AU,2023-04-08 00:00:00,CUSTOMER_ONBOARDING_SVC
CUST006456,Liam Gupta,1962-11-13,05bafe4a4795,medium,pending,IN,2019-01-05 00:00:00,CUSTOMER_ONBOARDING_SVC
CUST006457,Olivia Patel,2000-09-10,46996c47ea17,low,verified,US,2024-02-14 00:00:00,CUSTOMER_ONBOARDING_SVC
CUST006458,Hassan Singh,1966-05-02,a227b5969de6,low,verified,NG,2023-03-13 00:00:00,CUSTOMER_ONBOARDING_SVC
CUST006459,Divya Martinez,2002-03-01,08e748c11a2c,high,expired,GB,2019-11-26 00:00:00,CUSTOMER_ONBOARDING_SVC
CUST006460,Pooja Lopez,1993-10-09,7b9c87a0b9ff,low,pending,GB,2020-08-12 00:00:00,CUSTOMER_ONBOARDING_SVC
CUST006461,Layla Nair,1980-02-16,01d0b404f120,low,pending,SG,2023-04-20 00:00:00,CUSTOMER_ONBOARDING_SVC
CUST006462,Diego Reddy,1978-09-11,b403b666ada8,high,pending,CA,2025-07-24 00:00:00,CUSTOMER_ONBOARDING_SVC
CUST006463,Chen Anderson,1994-09-02,db5576ed35c0,low,verified,IN,2018-10-31 00:00:00,CUSTOMER_ONBOARDING_SVC
CUST006464,Karan Brown,1979-04-03,e059bae341b3,low,pending,SG,2019-10-17 00:00:00,CUSTOMER_ONBOARDING_SVC
CUST006465,Priya Smith,1964-03-28,32f3feaa4294,high,verified,AU,2020-10-22 00:00:00,CUSTOMER_ONBOARDING_SVC
CUST006466,Mia Smith,1968-07-13,4cdb0c4fb3e1,low,expired,AE,2020-09-24 00:00:00,CUSTOMER_ONBOARDING_SVC
CUST006467,Fatima Chen,1983-10-08,961a5737e74e,low,verified,CA,2026-06-30 00:00:00,CUSTOMER_ONBOARDING_SVC
CUST006468,Meera Singh,1998-08-17,49ce12cd9631,high,expired,IN,2024-08-16 00:00:00,CUSTOMER_ONBOARDING_SVC
CUST006469,Elena Miller,1990-01-09,492a37f4ee51,medium,expired,DE,2025-09-15 00:00:00,CUSTOMER_ONBOARDING_SVC
CUST006470,Layla Khan,1989-11-12,b74f51a9392d,high,verified,AE,2025-02-27 00:00:00,CUSTOMER_ONBOARDING_SVC
CUST006471,Chen Patel,1998-09-06,5aac780f43cb,high,expired,RU,2026-04-03 00:00:00,CUSTOMER_ONBOARDING_SVC
CUST006472,Elena Wilson,1976-10-29,dcfc6d1c2ad1,low,verified,AE,2023-11-02 00:00:00,CUSTOMER_ONBOARDING_SVC
CUST006473,Aarav Wilson,1962-05-02,46fb0d14e6d4,low,verified,AE,2024-11-01 00:00:00,CUSTOMER_ONBOARDING_SVC
CUST006474,Liam Smith,1991-11-21,3ddc1a3c4798,low,verified,SG,2025-10-01 00:00:00,CUSTOMER_ONBOARDING_SVC
CUST006475,Olivia Al-Sayed,1996-10-23,825651b7572c,medium,expired,DE,2026-04-06 00:00:00,CUSTOMER_ONBOARDING_SVC
CUST006476,Aarav Garcia,1984-09-18,fe21e9dca552,medium,verified,RU,2020-12-09 00:00:00,CUSTOMER_ONBOARDING_SVC
CUST006477,Meera Mehta,1974-10-25,66e070be34d2,medium,verified,GB,2025-06-03 00:00:00,CUSTOMER_ONBOARDING_SVC
CUST006478,Fatima Khan,1960-05-24,8c0d6ed095fa,low,pending,NG,2019-05-18 00:00:00,CUSTOMER_ONBOARDING_SVC
CUST006479,Hassan Johnson,1991-02-27,36c5af6d8e89,medium,verified,IN,2024-10-21 00:00:00,CUSTOMER_ONBOARDING_SVC
CUST006480,Lucia Brown,1970-10-09,e57a895ad994,low,pending,US,2019-09-11 00:00:00,CUSTOMER_ONBOARDING_SVC
CUST006481,Layla Al-Sayed,1984-08-08,fd915d34ca53,low,verified,IN,2022-04-23 00:00:00,CUSTOMER_ONBOARDING_SVC
CUST006482,Rohan Al-Sayed,1976-03-30,8b86b39cee6f,low,pending,US,2026-03-06 00:00:00,CUSTOMER_ONBOARDING_SVC
CUST006483,Aarav Lopez,1991-09-10,db0714174162,low,expired,AU,2021-02-11 00:00:00,CUSTOMER_ONBOARDING_SVC
CUST006484,Rahul Chen,1971-12-11,bc8b57e3deed,low,verified,AU,2019-12-19 00:00:00,CUSTOMER_ONBOARDING_SVC
CUST006485,Olivia Smith,1965-11-14,ce51c70e2606,low,,AU,2020-06-19 00:00:00,CUSTOMER_ONBOARDING_SVC
CUST006486,Yuki Patel,1965-11-15,6266225303d4,low,pending,GB,2024-06-28 00:00:00,CUSTOMER_ONBOARDING_SVC
CUST006487,Karan Garcia,1966-02-11,39fab8808672,low,verified,US,2023-09-17 00:00:00,CUSTOMER_ONBOARDING_SVC
CUST006488,Elena Garcia,1961-12-28,20254f045656,low,verified,IN,2018-04-15 00:00:00,CUSTOMER_ONBOARDING_SVC
CUST006489,Divya Nair,1967-03-07,01e60d9f510f,medium,verified,RU,2026-01-14 00:00:00,CUSTOMER_ONBOARDING_SVC
CUST006490,Isha Tanaka,1983-06-08,ec6fcc2e43b1,low,verified,AE,2018-05-29 00:00:00,CUSTOMER_ONBOARDING_SVC
CUST006491,Mia Singh,1962-07-28,8ab072ca31f4,medium,verified,IN,2024-09-22 00:00:00,CUSTOMER_ONBOARDING_SVC
CUST006492,Wei Wilson,1981-08-29,fef1fe4df53b,low,expired,AU,2025-06-05 00:00:00,CUSTOMER_ONBOARDING_SVC
CUST006493,Noah Kumar,1982-05-02,87095c8cac0e,high,verified,AU,2025-09-17 00:00:00,CUSTOMER_ONBOARDING_SVC
CUST006494,Ananya Tanaka,1976-09-02,23abf94459eb,high,verified,DE,2018-03-30 00:00:00,CUSTOMER_ONBOARDING_SVC
CUST006495,Karan Garcia,1973-10-01,b290cbcdfa94,low,pending,GB,2026-03-16 00:00:00,CUSTOMER_ONBOARDING_SVC
CUST006496,Aarav Johnson,2005-03-23,fa13451116bb,low,verified,AU,2023-11-08 00:00:00,CUSTOMER_ONBOARDING_SVC
CUST006497,Priya Al-Sayed,2004-01-30,842bc5086e90,high,verified,IN,2020-02-11 00:00:00,CUSTOMER_ONBOARDING_SVC
CUST006498,Elena Nair,1995-11-16,23710f193850,low,verified,RU,2019-06-20 00:00:00,CUSTOMER_ONBOARDING_SVC
CUST006499,Lucia Lopez,1993-03-09,d17012ead6d9,low,verified,US,2022-12-27 00:00:00,CUSTOMER_ONBOARDING_SVC
CUST006500,Emma Zhang,1963-09-11,af451ffb42fc,low,verified,IN,2020-07-24 00:00:00,CUSTOMER_ONBOARDING_SVC
CUST006501,Rohan Johnson,1995-10-14,57283b6c970e,,verified,AU,2018-06-28 00:00:00,CUSTOMER_ONBOARDING_SVC
CUST006502,Hassan Davis,1971-05-31,ced16e26cb07,high,verified,US,2018-09-06 00:00:00,CUSTOMER_ONBOARDING_SVC
CUST006503,Emma Sharma,1991-03-10,d1fb6ad4a1c2,low,pending,CN,2026-06-01 00:00:00,CUSTOMER_ONBOARDING_SVC
CUST006504,Sneha Kumar,1993-09-27,8958120d7c69,high,verified,SG,2026-05-24 00:00:00,CUSTOMER_ONBOARDING_SVC
CUST006505,Priya Davis,1981-01-20,e2020486ac5a,high,expired,IN,2021-09-23 00:00:00,CUSTOMER_ONBOARDING_SVC
CUST006506,Wei Patel,1993-12-25,4d0cf6f99221,medium,pending,SG,2021-05-18 00:00:00,CUSTOMER_ONBOARDING_SVC
CUST006507,Mia Martinez,1963-07-18,43b418cf8ff9,low,verified,NG,2021-07-08 00:00:00,CUSTOMER_ONBOARDING_SVC
CUST006508,Pooja Sharma,1967-05-30,f61121ef5aee,medium,pending,RU,2022-09-07 00:00:00,CUSTOMER_ONBOARDING_SVC
CUST006509,Isha Patel,1985-07-30,e919914a890e,low,verified,NG,2025-09-17 00:00:00,CUSTOMER_ONBOARDING_SVC
CUST006510,Aditya Smith,1959-08-25,928245d520e9,medium,verified,GB,2021-10-27 00:00:00,CUSTOMER_ONBOARDING_SVC
CUST006511,Wei Ivanov,1976-11-11,400d40aa2192,low,verified,GB,2024-10-16 00:00:00,CUSTOMER_ONBOARDING_SVC
CUST006512,Olivia Zhang,1967-07-28,c2f8eb5e99b5,high,verified,RU,2026-06-20 00:00:00,CUSTOMER_ONBOARDING_SVC
CUST006513,Ananya Reddy,1973-11-28,39656169ae75,low,pending,NG,2018-10-24 00:00:00,CUSTOMER_ONBOARDING_SVC
CUST006514,Liam Smith,1971-06-26,803e288020b3,low,verified,CN,2023-10-05 00:00:00,CUSTOMER_ONBOARDING_SVC
CUST006515,Liam Gupta,1991-10-24,551705852a83,low,verified,CA,2026-04-25 00:00:00,CUSTOMER_ONBOARDING_SVC
CUST006516,Priya Martinez,1994-08-10,af5bd242e8c2,high,pending,GB,2023-12-17 00:00:00,CUSTOMER_ONBOARDING_SVC
CUST006517,Rohan Wilson,1960-09-11,7c83469b300c,high,verified,AU,2018-02-24 00:00:00,CUSTOMER_ONBOARDING_SVC
CUST006518,Karan Kumar,1980-04-30,c641fafae993,low,verified,NG,2022-04-11 00:00:00,CUSTOMER_ONBOARDING_SVC
CUST006519,Sophia Garcia,1974-12-26,56d654f4803a,,verified,DE,2025-01-20 00:00:00,CUSTOMER_ONBOARDING_SVC
CUST006520,Aditya Nair,1958-08-21,686a633aa281,low,,SG,2018-11-19 00:00:00,CUSTOMER_ONBOARDING_SVC
CUST006521,Ava Zhang,2005-11-11,874915f07dbe,low,verified,DE,2021-03-16 00:00:00,CUSTOMER_ONBOARDING_SVC
CUST006522,Ava Lopez,2000-04-03,d22d75d4462c,high,expired,CN,2020-03-10 00:00:00,CUSTOMER_ONBOARDING_SVC
CUST006523,James Zhang,1990-04-05,333e53e957d7,medium,verified,US,2019-05-17 00:00:00,CUSTOMER_ONBOARDING_SVC
CUST006524,Olivia Sharma,1974-01-28,5348835b4a2d,medium,verified,DE,2020-09-24 00:00:00,CUSTOMER_ONBOARDING_SVC
CUST006525,Amelia Martinez,1996-03-25,e5cbc1cd61a2,medium,expired,DE,2024-05-26 00:00:00,CUSTOMER_ONBOARDING_SVC
CUST006526,Mason Gupta,1982-12-02,11d5271c49ae,low,pending,AE,2021-03-06 00:00:00,CUSTOMER_ONBOARDING_SVC
CUST006527,Mason Reddy,1973-07-01,37cd2dd9d081,medium,verified,NG,2023-07-28 00:00:00,CUSTOMER_ONBOARDING_SVC
CUST006528,Nikhil Zhang,1992-03-16,de1fdfd91b9e,low,verified,AE,2026-04-17 00:00:00,CUSTOMER_ONBOARDING_SVC
CUST006529,Lucas Khan,1987-12-27,6a285d724d9b,low,verified,IN,2020-05-29 00:00:00,CUSTOMER_ONBOARDING_SVC
CUST006530,Karan Davis,1987-07-11,9433e28dbfe0,medium,expired,AU,2021-06-21 00:00:00,CUSTOMER_ONBOARDING_SVC
CUST006531,Fatima Johnson,1982-01-19,bdb4282d6160,,pending,DE,2024-03-20 00:00:00,CUSTOMER_ONBOARDING_SVC
CUST006532,Mia Johnson,1957-04-20,d3ac15f4a0c6,medium,verified,DE,2020-04-14 00:00:00,CUSTOMER_ONBOARDING_SVC
CUST006533,Mia Reddy,1999-10-18,1b0a45301e1a,medium,verified,CN,2019-02-08 00:00:00,CUSTOMER_ONBOARDING_SVC
CUST006534,Amelia Davis,1975-10-14,1d6c04d7a88e,low,pending,CA,2024-10-23 00:00:00,CUSTOMER_ONBOARDING_SVC
CUST006535,Rohan Tanaka,1999-05-24,b0ce271bc009,high,verified,AU,2019-10-31 00:00:00,CUSTOMER_ONBOARDING_SVC
CUST006536,Lucia Zhang,1991-11-23,6ec693c8f256,high,pending,DE,2021-12-15 00:00:00,CUSTOMER_ONBOARDING_SVC
CUST006537,Mia Kumar,1966-05-30,81f2c5145a09,low,expired,AU,2020-03-12 00:00:00,CUSTOMER_ONBOARDING_SVC
CUST006538,Emma Zhang,1962-11-02,88e23bdd2e46,medium,verified,GB,2023-02-09 00:00:00,CUSTOMER_ONBOARDING_SVC
CUST006539,Omar Al-Sayed,1957-04-25,28b05fd6ccd9,medium,verified,US,2024-06-26 00:00:00,CUSTOMER_ONBOARDING_SVC
CUST006540,Riya Nair,1956-07-08,73d1d1b5a400,low,verified,NG,2023-07-05 00:00:00,CUSTOMER_ONBOARDING_SVC
CUST006541,Wei Sharma,1972-05-04,95e7b7c4c8c1,high,verified,SG,2020-10-14 00:00:00,CUSTOMER_ONBOARDING_SVC
CUST006542,Lucas Patel,1991-02-13,65380e05e63d,low,verified,DE,2025-09-26 00:00:00,CUSTOMER_ONBOARDING_SVC
CUST006543,Elena Singh,1958-11-07,acc08b1b20b4,low,expired,US,2020-03-06 00:00:00,CUSTOMER_ONBOARDING_SVC
CUST006544,Pooja Anderson,1957-07-15,2f93e568a6ee,low,verified,AU,2020-11-25 00:00:00,CUSTOMER_ONBOARDING_SVC
CUST006545,Karan Nair,1990-08-26,90da6c73cf29,low,verified,IN,2020-04-03 00:00:00,CUSTOMER_ONBOARDING_SVC
CUST006546,Aarav Johnson,1956-10-12,eba0acb25780,medium,verified,NG,2023-10-11 00:00:00,CUSTOMER_ONBOARDING_SVC
CUST006547,Ivan Wilson,1987-04-26,c70da7cc8145,high,verified,CA,2023-12-11 00:00:00,CUSTOMER_ONBOARDING_SVC
CUST006548,Riya Wilson,1960-12-23,51849e291f32,medium,expired,CA,2020-06-01 00:00:00,CUSTOMER_ONBOARDING_SVC
CUST006549,Liam Smith,1979-02-09,0b7fa7995299,,expired,AU,2021-10-10 00:00:00,CUSTOMER_ONBOARDING_SVC
CUST006550,Sneha Kumar,1983-12-03,6d8cfc709ace,medium,verified,RU,2019-06-26 00:00:00,CUSTOMER_ONBOARDING_SVC
CUST006551,Omar Reddy,1987-12-29,d9ae1118038c,high,pending,GB,2026-03-23 00:00:00,CUSTOMER_ONBOARDING_SVC
CUST006552,Omar Singh,1972-07-12,9eae22d30b8f,medium,expired,DE,2022-11-29 00:00:00,CUSTOMER_ONBOARDING_SVC
CUST006553,Aditya Anderson,1990-07-11,ab528e74f8a1,high,verified,SG,2024-03-06 00:00:00,CUSTOMER_ONBOARDING_SVC
CUST006554,Sneha Kumar,1958-01-15,314696b4bcd2,low,verified,SG,2025-11-29 00:00:00,CUSTOMER_ONBOARDING_SVC
CUST006555,Aditya Ivanov,1991-05-06,41dbb4c8189c,low,verified,SG,2020-01-25 00:00:00,CUSTOMER_ONBOARDING_SVC
CUST006556,Isha Sharma,1998-09-23,3436029dc729,medium,verified,SG,2021-06-24 00:00:00,CUSTOMER_ONBOARDING_SVC
CUST006556,Isha Sharma,1998-09-23,3436029dc729,medium,verified,SG,2021-06-24 01:05:00,CUSTOMER_ONBOARDING_SVC
CUST006557,Isha Wilson,1995-06-12,5af6b3b05cfb,high,expired,RU,2019-06-30 00:00:00,CUSTOMER_ONBOARDING_SVC
CUST006558,Noah Mehta,1959-06-30,639965a6d3e1,medium,expired,US,2023-04-11 00:00:00,CUSTOMER_ONBOARDING_SVC
CUST006559,Elena Miller,2004-04-07,4ab04f14613c,medium,pending,IN,2024-06-09 00:00:00,CUSTOMER_ONBOARDING_SVC
CUST006560,Ivan Mehta,1987-08-27,583cd1196968,medium,verified,GB,2025-05-07 00:00:00,CUSTOMER_ONBOARDING_SVC
CUST006561,Amelia Nair,1989-12-05,302c4159cf5b,,verified,AE,2018-03-19 00:00:00,CUSTOMER_ONBOARDING_SVC
CUST006562,Rohan Nair,1971-02-18,6d3fb8726551,low,verified,US,2020-02-17 00:00:00,CUSTOMER_ONBOARDING_SVC
CUST006563,Nikhil Patel,1962-09-30,3ef63a056bc6,medium,verified,NG,2022-08-11 00:00:00,CUSTOMER_ONBOARDING_SVC
CUST006564,Arjun Patel,1968-01-30,86e1a7a67d8a,high,expired,,2023-09-11 00:00:00,CUSTOMER_ONBOARDING_SVC
CUST006565,Hassan Brown,1961-11-20,83e77a771ebc,medium,expired,US,2025-05-24 00:00:00,CUSTOMER_ONBOARDING_SVC
CUST006566,Vikram Johnson,1988-11-11,1b393dc0e3a6,medium,verified,AE,2023-07-23 00:00:00,CUSTOMER_ONBOARDING_SVC
CUST006567,James Miller,1998-04-14,a7f2658c78d4,high,pending,DE,2022-10-22 00:00:00,CUSTOMER_ONBOARDING_SVC
CUST006568,Yuki Nair,1956-04-24,4285ddbf5be9,medium,pending,CA,2020-09-10 00:00:00,CUSTOMER_ONBOARDING_SVC
CUST006569,Nikhil Wilson,1985-08-26,ce96d0141342,medium,expired,AU,2018-03-11 00:00:00,CUSTOMER_ONBOARDING_SVC
CUST006570,Ava Garcia,1969-09-10,d4b61bcc047e,low,verified,GB,2024-04-04 00:00:00,CUSTOMER_ONBOARDING_SVC
CUST006571,Karan Patel,1978-11-28,8937933676ad,medium,verified,RU,2020-08-14 00:00:00,CUSTOMER_ONBOARDING_SVC
CUST006572,Ivan Al-Sayed,2000-11-01,d4cb0f4851e0,,verified,GB,2024-08-13 00:00:00,CUSTOMER_ONBOARDING_SVC
CUST006573,Sneha Anderson,1997-01-19,699eaf9edc0d,high,verified,IN,2022-02-14 00:00:00,CUSTOMER_ONBOARDING_SVC
CUST006574,Sophia Miller,1993-01-04,16946ead8c57,low,verified,CA,2018-02-06 00:00:00,CUSTOMER_ONBOARDING_SVC
CUST006575,Mason Brown,2002-02-24,d76627262774,medium,verified,GB,2025-01-18 00:00:00,CUSTOMER_ONBOARDING_SVC
CUST006576,Aarav Ivanov,1974-06-23,b54f4fecdb0b,low,verified,SG,2022-08-11 00:00:00,CUSTOMER_ONBOARDING_SVC
CUST006577,Lucas Tanaka,1958-08-27,626cc8d52a4a,medium,expired,NG,2020-11-21 00:00:00,CUSTOMER_ONBOARDING_SVC
CUST006578,Ethan Gupta,1970-05-22,0a96990155fe,medium,verified,RU,2022-02-27 00:00:00,CUSTOMER_ONBOARDING_SVC
CUST006578,Ethan Gupta,1970-05-22,0a96990155fe,medium,verified,RU,2022-02-27 00:58:00,CUSTOMER_ONBOARDING_SVC
CUST006579,James Brown,1970-07-06,2f132bc3039d,high,expired,RU,2019-02-01 00:00:00,CUSTOMER_ONBOARDING_SVC
CUST006580,Wei Miller,1990-11-13,841715e54c23,high,verified,NG,2024-09-29 00:00:00,CUSTOMER_ONBOARDING_SVC
CUST006581,Lucas Brown,1960-08-11,2e9eff75062c,low,pending,CA,2020-12-01 00:00:00,CUSTOMER_ONBOARDING_SVC
CUST006582,Divya Sharma,1990-12-28,fa9c0b56e601,low,verified,SG,2022-08-12 00:00:00,CUSTOMER_ONBOARDING_SVC
CUST006583,Rahul Reddy,1999-03-22,1d3d4d657a8f,high,pending,SG,2024-02-02 00:00:00,CUSTOMER_ONBOARDING_SVC
CUST006584,Mia Chen,1993-04-07,81d19f0023a8,low,verified,AE,2018-04-26 00:00:00,CUSTOMER_ONBOARDING_SVC
CUST006585,Noah Anderson,1962-05-12,aa4e885570a3,low,pending,DE,2022-01-06 00:00:00,CUSTOMER_ONBOARDING_SVC
CUST006586,James Zhang,2003-11-17,578a886bb58a,low,verified,US,2025-08-10 00:00:00,CUSTOMER_ONBOARDING_SVC
CUST006587,Mason Gupta,1960-03-23,7bce32cb6f3e,low,verified,NG,2023-09-25 00:00:00,CUSTOMER_ONBOARDING_SVC
CUST006588,Rohan Nair,2000-09-19,1dad23d45ea9,low,pending,AE,2018-03-25 00:00:00,CUSTOMER_ONBOARDING_SVC
CUST006589,Isha Gupta,1972-01-21,971b31d12af6,medium,verified,GB,2025-11-02 00:00:00,CUSTOMER_ONBOARDING_SVC
CUST006590,Arjun Garcia,1990-01-14,3f7fd4a3da21,medium,pending,RU,2026-05-08 00:00:00,CUSTOMER_ONBOARDING_SVC
CUST006591,Diego Chen,1965-09-11,3c430cfddbb0,low,verified,CA,2022-04-22 00:00:00,CUSTOMER_ONBOARDING_SVC
CUST006592,Mia Gupta,1996-09-06,7910da9cee38,medium,verified,AU,2023-09-26 00:00:00,CUSTOMER_ONBOARDING_SVC
CUST006593,Nikhil Khan,1979-02-01,de5604647b63,low,pending,GB,2018-05-31 00:00:00,CUSTOMER_ONBOARDING_SVC
CUST006594,Nikhil Brown,2004-10-23,a44d75d86fc8,medium,expired,AU,2026-03-21 00:00:00,CUSTOMER_ONBOARDING_SVC
CUST006595,Sneha Wilson,2004-03-20,10ae164974b9,low,verified,SG,2021-04-03 00:00:00,CUSTOMER_ONBOARDING_SVC
CUST006596,Isha Wilson,1989-11-12,1051f9bc0376,high,verified,CA,2023-03-31 00:00:00,CUSTOMER_ONBOARDING_SVC
CUST006597,Hassan Wilson,1982-12-24,629713d59bd5,high,verified,US,2021-11-03 00:00:00,CUSTOMER_ONBOARDING_SVC
CUST006598,Aditya Ivanov,1998-10-26,2ab00342bb1e,low,verified,AE,2020-04-14 00:00:00,CUSTOMER_ONBOARDING_SVC
CUST006599,Chen Al-Sayed,1982-10-28,344f98baaa34,medium,expired,GB,2021-03-19 00:00:00,CUSTOMER_ONBOARDING_SVC
CUST006600,Arjun Chen,1986-12-26,bce767c7c6d7,medium,verified,AE,2024-11-04 00:00:00,CUSTOMER_ONBOARDING_SVC
CUST006601,Fatima Davis,1979-10-08,d5d60bcc9afe,medium,verified,GB,2025-12-24 00:00:00,CUSTOMER_ONBOARDING_SVC
CUST006602,Noah Gupta,2000-10-19,443a8165a808,low,verified,AU,2023-01-07 00:00:00,CUSTOMER_ONBOARDING_SVC
CUST006603,Sophia Gupta,1966-04-23,7db7a54d4139,low,pending,US,2019-09-13 00:00:00,CUSTOMER_ONBOARDING_SVC
CUST006604,Mei Gupta,1993-01-09,2fa35d90d3b7,low,verified,IN,2022-09-11 00:00:00,CUSTOMER_ONBOARDING_SVC
CUST006605,Yuki Patel,1994-07-05,57c9cc7fb7f3,medium,verified,AE,2018-07-16 00:00:00,CUSTOMER_ONBOARDING_SVC
CUST006606,Sophia Zhang,1998-05-20,b7d104cd8593,low,expired,SG,2021-12-18 00:00:00,CUSTOMER_ONBOARDING_SVC
CUST006607,Diego Anderson,1973-06-20,8bbda781c3d2,low,verified,GB,2023-02-23 00:00:00,CUSTOMER_ONBOARDING_SVC
CUST006608,Hassan Garcia,1991-03-13,f094a3797d4b,low,verified,AU,2024-12-05 00:00:00,CUSTOMER_ONBOARDING_SVC
CUST006609,Hassan Tanaka,2000-04-18,0814bb489c7a,low,expired,SG,2018-12-29 00:00:00,CUSTOMER_ONBOARDING_SVC
CUST006610,Riya Lopez,1996-11-07,5a2ba25d1829,low,verified,AE,2023-10-25 00:00:00,CUSTOMER_ONBOARDING_SVC
CUST006611,Ethan Miller,1964-07-10,46ddf5533f56,low,verified,CN,2018-02-09 00:00:00,CUSTOMER_ONBOARDING_SVC
CUST006612,Liam Patel,1984-06-21,a525ec2c3f80,medium,verified,DE,2022-11-10 00:00:00,CUSTOMER_ONBOARDING_SVC
CUST006613,Aarav Anderson,1960-09-03,b161f3c46d25,medium,verified,DE,2021-05-24 00:00:00,CUSTOMER_ONBOARDING_SVC
CUST006614,Liam Reddy,1997-03-30,ef2d62ae8e8a,low,pending,AE,2023-09-05 00:00:00,CUSTOMER_ONBOARDING_SVC
CUST006615,Emma Tanaka,1963-04-30,0ed02541c61d,medium,verified,IN,2019-08-20 00:00:00,CUSTOMER_ONBOARDING_SVC
CUST006616,Rohan Lopez,1991-02-24,18249a8b20b1,medium,verified,CN,2022-05-08 00:00:00,CUSTOMER_ONBOARDING_SVC
CUST006617,Nikhil Johnson,1964-02-16,59325b718c84,high,expired,CN,2020-10-27 00:00:00,CUSTOMER_ONBOARDING_SVC
CUST006618,Fatima Miller,2000-01-23,b6197f03b95d,,expired,CN,2019-03-25 00:00:00,CUSTOMER_ONBOARDING_SVC
CUST006619,Ava Nair,1961-03-11,82bc9452cdcc,high,verified,SG,2020-02-25 00:00:00,CUSTOMER_ONBOARDING_SVC
CUST006620,Liam Chen,2001-12-11,afa4ab70885d,medium,verified,NG,2025-11-07 00:00:00,CUSTOMER_ONBOARDING_SVC
CUST006621,Yuki Anderson,1974-06-06,1764c61d1028,medium,verified,US,2020-05-23 00:00:00,CUSTOMER_ONBOARDING_SVC
CUST006622,Rohan Al-Sayed,1971-06-05,f371419123dd,high,pending,AE,2025-11-21 00:00:00,CUSTOMER_ONBOARDING_SVC
CUST006623,Sneha Garcia,1980-08-15,704ad0ba679d,low,verified,SG,2021-02-26 00:00:00,CUSTOMER_ONBOARDING_SVC
CUST006624,Divya Nair,1958-08-22,08566730240c,low,verified,DE,2023-05-08 00:00:00,CUSTOMER_ONBOARDING_SVC
CUST006625,Karan Sharma,1963-10-18,e51e4bc3a49e,medium,pending,CA,2023-04-18 00:00:00,CUSTOMER_ONBOARDING_SVC
CUST006626,Lucas Sharma,1979-10-04,ff6863765175,low,verified,IN,2021-07-07 00:00:00,CUSTOMER_ONBOARDING_SVC
CUST006627,Lucia Nair,1973-08-17,7c2e171cb76c,medium,expired,CA,2019-11-12 00:00:00,CUSTOMER_ONBOARDING_SVC
CUST006628,Elena Tanaka,1969-08-30,096aecfaf856,medium,expired,US,2019-10-14 00:00:00,CUSTOMER_ONBOARDING_SVC
CUST006629,Riya Davis,1969-07-20,54140c7ca45b,low,expired,RU,2018-07-10 00:00:00,CUSTOMER_ONBOARDING_SVC
CUST006630,Sophia Mehta,1959-08-02,23998faba152,medium,pending,GB,2019-07-05 00:00:00,CUSTOMER_ONBOARDING_SVC
CUST006631,Chen Tanaka,1994-01-19,2902488de32b,low,verified,IN,2025-06-10 00:00:00,CUSTOMER_ONBOARDING_SVC
CUST006632,Mia Tanaka,1966-09-08,0be8e4261581,low,pending,NG,2022-10-21 00:00:00,CUSTOMER_ONBOARDING_SVC
CUST006632,Mia Tanaka,1966-09-08,0be8e4261581,low,pending,NG,2022-10-21 01:14:00,CUSTOMER_ONBOARDING_SVC
CUST006633,Chen Al-Sayed,1965-01-07,0cb5b757f587,low,verified,AE,2024-02-14 00:00:00,CUSTOMER_ONBOARDING_SVC
CUST006634,Noah Patel,1964-04-11,a4cdc91a87d2,medium,verified,SG,2021-09-27 00:00:00,CUSTOMER_ONBOARDING_SVC
CUST006635,Mason Al-Sayed,1996-05-20,53f4dd54b439,,verified,CN,2018-02-13 00:00:00,CUSTOMER_ONBOARDING_SVC
CUST006636,Karan Tanaka,1987-08-06,37b43ca55933,medium,verified,US,2020-09-29 00:00:00,CUSTOMER_ONBOARDING_SVC
CUST006637,Aarav Anderson,2005-01-15,b588005dea2a,low,pending,RU,2023-11-19 00:00:00,CUSTOMER_ONBOARDING_SVC
CUST006638,Divya Garcia,1983-12-03,20458020905b,low,pending,GB,2026-05-22 00:00:00,CUSTOMER_ONBOARDING_SVC
CUST006639,Arjun Wilson,1976-01-28,e547dc97696e,medium,verified,NG,2022-04-30 00:00:00,CUSTOMER_ONBOARDING_SVC
CUST006640,Hassan Anderson,2004-06-21,08d7fe19fd52,medium,pending,DE,2019-07-17 00:00:00,CUSTOMER_ONBOARDING_SVC
CUST006641,Layla Anderson,1971-10-15,78a03db5dbe9,high,verified,CA,2025-02-09 00:00:00,CUSTOMER_ONBOARDING_SVC
CUST006642,Wei Anderson,1963-06-12,2dcdb73392f7,low,expired,DE,2022-04-04 00:00:00,CUSTOMER_ONBOARDING_SVC
CUST006642,Wei Anderson,1963-06-12,2dcdb73392f7,low,expired,DE,2022-04-04 01:20:00,CUSTOMER_ONBOARDING_SVC
CUST006643,Pooja Reddy,1956-12-13,3dad2736c76a,low,pending,CN,2022-07-29 00:00:00,CUSTOMER_ONBOARDING_SVC
CUST006644,Fatima Mehta,1962-08-13,8a54bc91520c,high,verified,DE,2024-08-22 00:00:00,CUSTOMER_ONBOARDING_SVC
CUST006645,Isha Lopez,1973-01-20,662f9ae20844,medium,verified,DE,2026-02-04 00:00:00,CUSTOMER_ONBOARDING_SVC
CUST006646,Meera Anderson,1975-09-19,28a8ef4bd0ca,low,verified,IN,2018-11-02 00:00:00,CUSTOMER_ONBOARDING_SVC
CUST006647,Omar Singh,1996-07-07,b8e968eace7b,medium,verified,CA,2019-12-17 00:00:00,CUSTOMER_ONBOARDING_SVC
CUST006648,Omar Kumar,1974-12-18,186efe59313b,low,verified,CN,2018-03-13 00:00:00,CUSTOMER_ONBOARDING_SVC
CUST006649,Ananya Anderson,1964-08-06,fc085a1ecfd2,low,verified,AU,2020-01-29 00:00:00,CUSTOMER_ONBOARDING_SVC
CUST006650,Sneha Singh,1967-09-20,74e97341df7c,low,verified,AU,2019-11-13 00:00:00,CUSTOMER_ONBOARDING_SVC
CUST006651,Mason Garcia,1963-07-15,37a953d86592,low,verified,CN,2018-09-04 00:00:00,CUSTOMER_ONBOARDING_SVC
CUST006652,Sneha Ivanov,1959-08-06,d6d8b841a22b,medium,expired,SG,2018-05-22 00:00:00,CUSTOMER_ONBOARDING_SVC
CUST006653,Fatima Sharma,1988-04-29,7d1351143416,low,verified,NG,2025-01-15 00:00:00,CUSTOMER_ONBOARDING_SVC
CUST006654,Noah Sharma,1982-03-01,919572872147,low,verified,AU,2019-03-16 00:00:00,CUSTOMER_ONBOARDING_SVC
CUST006655,Rohan Wilson,1984-09-27,5af9c4956acb,medium,verified,CA,2018-09-03 00:00:00,CUSTOMER_ONBOARDING_SVC
CUST006656,Yuki Mehta,1955-09-29,f0067e1a1938,medium,expired,NG,2022-12-03 00:00:00,CUSTOMER_ONBOARDING_SVC
CUST006657,Karan Lopez,1957-10-29,2fe235e0d268,low,verified,US,2021-02-03 00:00:00,CUSTOMER_ONBOARDING_SVC
CUST006658,Divya Tanaka,1991-09-28,dd3980dd2825,low,expired,SG,2018-09-21 00:00:00,CUSTOMER_ONBOARDING_SVC
CUST006659,Riya Brown,1960-11-13,58c566d9e390,medium,verified,RU,2019-10-15 00:00:00,CUSTOMER_ONBOARDING_SVC
CUST006660,Wei Lopez,1960-01-08,5520704b99f4,low,verified,RU,2021-12-20 00:00:00,CUSTOMER_ONBOARDING_SVC
CUST006661,Ava Sharma,1961-04-13,dd5715a99cd4,medium,verified,RU,2023-06-06 00:00:00,CUSTOMER_ONBOARDING_SVC
CUST006662,Emma Patel,1988-02-11,8bae29163248,low,expired,AU,2023-12-01 00:00:00,CUSTOMER_ONBOARDING_SVC
CUST006663,Ananya Tanaka,1994-09-13,33528d45a97d,low,pending,IN,2023-01-23 00:00:00,CUSTOMER_ONBOARDING_SVC
CUST006664,Lucia Singh,1989-12-25,322111166237,low,verified,IN,2019-02-28 00:00:00,CUSTOMER_ONBOARDING_SVC
CUST006665,Ethan Mehta,1990-01-13,6f150925660d,low,expired,NG,2023-12-07 00:00:00,CUSTOMER_ONBOARDING_SVC
CUST006666,Aarav Ivanov,2005-05-10,60ea69da6417,low,pending,CA,2022-04-23 00:00:00,CUSTOMER_ONBOARDING_SVC
CUST006667,Lucia Brown,1960-06-14,469e74033933,medium,verified,SG,2026-05-16 00:00:00,CUSTOMER_ONBOARDING_SVC
CUST006668,Ivan Smith,1991-11-06,71dde3787452,medium,verified,GB,2026-05-11 00:00:00,CUSTOMER_ONBOARDING_SVC
CUST006669,Ethan Kumar,2001-11-09,125091747973,high,verified,RU,2019-03-17 00:00:00,CUSTOMER_ONBOARDING_SVC
CUST006670,Mei Al-Sayed,1962-02-16,c51d71043433,low,verified,GB,2021-07-30 00:00:00,CUSTOMER_ONBOARDING_SVC
CUST006671,Wei Khan,1962-12-26,9eee6d318cb5,low,expired,CA,2020-02-19 00:00:00,CUSTOMER_ONBOARDING_SVC
CUST006672,Mia Sharma,1962-04-04,68bb5a24586a,low,verified,IN,2020-04-19 00:00:00,CUSTOMER_ONBOARDING_SVC
CUST006673,Yuki Wilson,1961-01-20,029b331be0d1,medium,expired,CA,2024-01-25 00:00:00,CUSTOMER_ONBOARDING_SVC
CUST006674,Rohan Martinez,1960-03-29,5b5bb7028fd4,low,pending,AE,2024-06-10 00:00:00,CUSTOMER_ONBOARDING_SVC
CUST006675,Sneha Lopez,1955-06-25,09dbb000a03b,,verified,AU,2022-08-26 00:00:00,CUSTOMER_ONBOARDING_SVC
CUST006676,Mia Sharma,1955-03-03,2fcd08a5719e,,expired,SG,2022-09-02 00:00:00,CUSTOMER_ONBOARDING_SVC
CUST006677,Sophia Ivanov,2000-05-09,7a5fce11378d,medium,pending,CN,2023-11-04 00:00:00,CUSTOMER_ONBOARDING_SVC
CUST006678,Aarav Smith,1957-05-28,01e8e00dc2fc,low,verified,US,2019-12-12 00:00:00,CUSTOMER_ONBOARDING_SVC
CUST006679,Arjun Nair,1994-07-06,726919c06e0d,low,expired,CA,2020-07-27 00:00:00,CUSTOMER_ONBOARDING_SVC
CUST006680,Sneha Kumar,1969-05-16,d8cdff754fc7,low,expired,AU,2021-09-12 00:00:00,CUSTOMER_ONBOARDING_SVC
CUST006681,Noah Patel,1973-04-25,ce7f279354ac,low,pending,CN,2018-12-04 00:00:00,CUSTOMER_ONBOARDING_SVC
CUST006682,Yuki Kumar,1988-12-10,5601cee9ce1a,low,verified,SG,2022-01-07 00:00:00,CUSTOMER_ONBOARDING_SVC
CUST006683,Priya Sharma,1978-01-09,d02a9e31badc,medium,verified,CA,2024-03-22 00:00:00,CUSTOMER_ONBOARDING_SVC
CUST006684,Ananya Gupta,1967-12-17,b0849ef80273,low,verified,IN,2026-01-17 00:00:00,CUSTOMER_ONBOARDING_SVC
CUST006685,Amelia Khan,1987-09-28,f662025140d0,medium,verified,CA,2025-12-27 00:00:00,CUSTOMER_ONBOARDING_SVC
CUST006686,Chen Chen,1987-12-17,73f4ee5f6150,low,pending,CN,2018-03-06 00:00:00,CUSTOMER_ONBOARDING_SVC
CUST006687,Fatima Chen,1978-05-31,b68b0138d18f,high,verified,AU,2024-08-11 00:00:00,CUSTOMER_ONBOARDING_SVC
CUST006688,Divya Sharma,2005-01-14,b7db70347e1a,medium,expired,AU,2018-11-18 00:00:00,CUSTOMER_ONBOARDING_SVC
CUST006689,Mei Patel,1972-09-06,e03f32d20e5c,medium,pending,RU,2025-10-07 00:00:00,CUSTOMER_ONBOARDING_SVC
CUST006690,Fatima Singh,2000-10-05,f4efee23babb,medium,pending,NG,2020-09-09 00:00:00,CUSTOMER_ONBOARDING_SVC
CUST006691,Arjun Garcia,1959-12-18,ed5958b678b1,low,expired,SG,2023-01-21 00:00:00,CUSTOMER_ONBOARDING_SVC
CUST006692,Layla Reddy,1978-11-13,cba6c5c2afc7,medium,verified,DE,2018-08-27 00:00:00,CUSTOMER_ONBOARDING_SVC
CUST006693,Isha Wilson,1985-01-16,6b5f26f6109a,low,expired,NG,2025-09-18 00:00:00,CUSTOMER_ONBOARDING_SVC
CUST006694,Yuki Brown,1988-11-26,ee12c451f053,high,verified,DE,2026-02-28 00:00:00,CUSTOMER_ONBOARDING_SVC
CUST006695,Fatima Singh,1993-01-18,60c8d0658516,low,verified,NG,2023-10-31 00:00:00,CUSTOMER_ONBOARDING_SVC
CUST006696,Mia Brown,1975-12-07,8a0f7a094c75,low,verified,GB,2022-12-28 00:00:00,CUSTOMER_ONBOARDING_SVC
CUST006697,Omar Lopez,1967-03-28,c6787f5b7e13,low,expired,CA,2019-07-01 00:00:00,CUSTOMER_ONBOARDING_SVC
CUST006698,Nikhil Johnson,1999-05-11,790a0b2b6814,high,pending,NG,2023-04-27 00:00:00,CUSTOMER_ONBOARDING_SVC
CUST006699,Amelia Gupta,1987-08-14,3bd0f54149b9,low,verified,GB,2020-03-19 00:00:00,CUSTOMER_ONBOARDING_SVC
CUST006700,Lucas Brown,1971-03-07,451297cdef2e,low,verified,CN,2023-02-11 00:00:00,CUSTOMER_ONBOARDING_SVC
CUST006701,Amelia Garcia,1987-11-07,20e8ceef271c,low,verified,DE,2024-01-28 00:00:00,CUSTOMER_ONBOARDING_SVC
CUST006702,Sneha Nair,1978-12-15,c78343ef1787,medium,verified,CA,2024-07-16 00:00:00,CUSTOMER_ONBOARDING_SVC
CUST006703,Ananya Zhang,1981-11-10,4cab428f3947,medium,pending,CN,2024-10-27 00:00:00,CUSTOMER_ONBOARDING_SVC
CUST006704,Arjun Kumar,1977-04-02,1a8e9a0c6434,high,expired,AU,2018-09-25 00:00:00,CUSTOMER_ONBOARDING_SVC
CUST006705,Ivan Zhang,1970-02-22,7fc258e4f1e3,low,expired,IN,2023-08-17 00:00:00,CUSTOMER_ONBOARDING_SVC
CUST006706,Yuki Singh,1961-11-20,0df61f45df49,low,verified,AU,2020-06-01 00:00:00,CUSTOMER_ONBOARDING_SVC
CUST006707,Ivan Johnson,1980-11-02,7f12a3062da3,low,pending,RU,2024-10-13 00:00:00,CUSTOMER_ONBOARDING_SVC
CUST006708,Aditya Reddy,1984-10-05,d3b96c847aeb,low,expired,GB,2023-01-24 00:00:00,CUSTOMER_ONBOARDING_SVC
CUST006709,Amelia Anderson,1997-09-02,d6f80b086546,medium,pending,GB,2019-10-07 00:00:00,CUSTOMER_ONBOARDING_SVC
CUST006710,Ananya Tanaka,1964-11-25,9a01a4805624,low,pending,CA,2023-06-14 00:00:00,CUSTOMER_ONBOARDING_SVC
CUST006711,Olivia Reddy,2005-04-30,5d9c8aeeee34,medium,pending,AU,2020-02-10 00:00:00,CUSTOMER_ONBOARDING_SVC
CUST006712,Aarav Johnson,1988-04-29,092820c41d84,high,verified,CN,2021-08-12 00:00:00,CUSTOMER_ONBOARDING_SVC
CUST006713,Diego Mehta,1989-05-07,45415bd64ac6,low,expired,US,2024-03-25 00:00:00,CUSTOMER_ONBOARDING_SVC
CUST006714,Mei Al-Sayed,1997-07-10,468833981ef7,medium,pending,RU,2025-02-28 00:00:00,CUSTOMER_ONBOARDING_SVC
CUST006715,Elena Martinez,1974-12-02,c2c9d40626d9,low,expired,NG,2024-06-23 00:00:00,CUSTOMER_ONBOARDING_SVC
CUST006716,Fatima Wilson,1965-07-04,64607aa6feb9,high,verified,GB,2024-07-19 00:00:00,CUSTOMER_ONBOARDING_SVC
CUST006717,Divya Singh,2001-10-27,b6d15a20f022,low,verified,NG,2018-01-17 00:00:00,CUSTOMER_ONBOARDING_SVC
CUST006718,Amelia Lopez,2003-06-09,18eeccbecd6d,medium,verified,AE,2020-12-22 00:00:00,CUSTOMER_ONBOARDING_SVC
CUST006719,Aarav Khan,1970-01-29,3b82f14e41ea,medium,verified,CA,2018-10-16 00:00:00,CUSTOMER_ONBOARDING_SVC
CUST006720,Olivia Patel,1980-04-16,ac9b8ea0d408,low,expired,SG,2022-05-16 00:00:00,CUSTOMER_ONBOARDING_SVC
CUST006721,Divya Tanaka,1970-04-19,df1cbfbcf79d,low,verified,SG,2021-06-21 00:00:00,CUSTOMER_ONBOARDING_SVC
CUST006722,Riya Brown,2004-03-07,433fff42c218,low,verified,CA,2019-04-17 00:00:00,CUSTOMER_ONBOARDING_SVC
CUST006723,Sophia Mehta,2001-09-23,2d8460d171cb,medium,verified,AE,2023-07-21 00:00:00,CUSTOMER_ONBOARDING_SVC
CUST006724,Meera Mehta,1966-02-07,2039616311fc,low,expired,NG,2026-03-25 00:00:00,CUSTOMER_ONBOARDING_SVC
CUST006725,Yuki Smith,1967-11-12,b820a2edf088,low,expired,AE,2022-05-03 00:00:00,CUSTOMER_ONBOARDING_SVC
CUST006726,Yuki Miller,1974-02-08,ba994f003d21,medium,pending,IN,2021-08-01 00:00:00,CUSTOMER_ONBOARDING_SVC
CUST006727,Wei Reddy,1969-02-08,f2ce342cbdc0,low,pending,CN,2022-10-02 00:00:00,CUSTOMER_ONBOARDING_SVC
CUST006728,Riya Reddy,1988-12-24,e812fcd6e4e3,high,verified,AU,2018-06-30 00:00:00,CUSTOMER_ONBOARDING_SVC
CUST006729,Yuki Al-Sayed,2002-05-04,752a49715db3,low,verified,SG,2020-05-27 00:00:00,CUSTOMER_ONBOARDING_SVC
CUST006730,Fatima Zhang,2001-04-02,a538750da64f,low,expired,US,2026-06-06 00:00:00,CUSTOMER_ONBOARDING_SVC
CUST006731,Meera Smith,1970-04-20,47429fe0b291,medium,verified,US,2024-09-21 00:00:00,CUSTOMER_ONBOARDING_SVC
CUST006732,Fatima Mehta,1957-10-17,5cc9ee29c2c5,low,expired,CN,2024-12-12 00:00:00,CUSTOMER_ONBOARDING_SVC
CUST006733,Chen Reddy,1975-09-06,b4d2e771cc1e,medium,pending,RU,2022-07-28 00:00:00,CUSTOMER_ONBOARDING_SVC
CUST006734,Emma Ivanov,1982-12-18,a03df4963c73,low,verified,RU,2021-03-09 00:00:00,CUSTOMER_ONBOARDING_SVC
CUST006735,Nikhil Tanaka,1993-06-06,dd53c8c049a5,low,verified,CN,2024-04-21 00:00:00,CUSTOMER_ONBOARDING_SVC
CUST006736,Aditya Tanaka,1986-09-01,f6f40fb68890,high,pending,AU,2022-03-04 00:00:00,CUSTOMER_ONBOARDING_SVC
CUST006737,Ava Singh,1972-07-29,ae4a50a68663,low,pending,AE,2018-11-09 00:00:00,CUSTOMER_ONBOARDING_SVC
CUST006738,Ethan Miller,1988-12-05,119f0cde0503,low,pending,RU,2022-12-27 00:00:00,CUSTOMER_ONBOARDING_SVC
CUST006739,Sophia Lopez,1962-10-16,742f36bfe100,medium,verified,AU,2025-04-25 00:00:00,CUSTOMER_ONBOARDING_SVC
CUST006740,Rohan Al-Sayed,1988-05-14,7e66111f4658,low,verified,AU,2021-10-11 00:00:00,CUSTOMER_ONBOARDING_SVC
CUST006741,Sneha Zhang,1978-05-12,4cb0c3d1cf03,low,verified,AE,2018-12-07 00:00:00,CUSTOMER_ONBOARDING_SVC
CUST006742,Arjun Gupta,1962-06-13,10689c68fcbd,low,expired,IN,2023-02-08 00:00:00,CUSTOMER_ONBOARDING_SVC
CUST006743,Rahul Miller,1990-05-03,a1e737824dda,medium,,NG,2025-01-22 00:00:00,CUSTOMER_ONBOARDING_SVC
CUST006744,Mason Johnson,2003-06-08,b99dda3bde48,low,expired,NG,2022-07-28 00:00:00,CUSTOMER_ONBOARDING_SVC
CUST006745,Hassan Kumar,1970-03-02,984a2d9f11d8,medium,verified,RU,2025-01-03 00:00:00,CUSTOMER_ONBOARDING_SVC
CUST006746,Mei Wilson,1973-08-16,b1eb6c853a19,,verified,GB,2023-11-25 00:00:00,CUSTOMER_ONBOARDING_SVC
CUST006747,Aditya Gupta,1989-11-10,7528b7bab289,low,expired,RU,2024-10-20 00:00:00,CUSTOMER_ONBOARDING_SVC
CUST006748,Ananya Mehta,1990-07-22,ac74d259bfe7,low,verified,IN,2021-08-15 00:00:00,CUSTOMER_ONBOARDING_SVC
CUST006749,Chen Singh,2005-01-25,6bf15bf09eca,medium,verified,US,2022-03-26 00:00:00,CUSTOMER_ONBOARDING_SVC
CUST006750,Lucas Johnson,1977-08-14,7d038baa1b4f,low,expired,AU,2022-08-19 00:00:00,CUSTOMER_ONBOARDING_SVC
CUST006751,Chen Tanaka,1968-07-30,7592f4471774,medium,,NG,2022-11-07 00:00:00,CUSTOMER_ONBOARDING_SVC
CUST006751,Chen Tanaka,1968-07-30,7592f4471774,medium,,NG,2022-11-07 00:24:00,CUSTOMER_ONBOARDING_SVC
CUST006752,Rohan Davis,1956-02-25,bedd1da9d35a,medium,expired,IN,2023-12-04 00:00:00,CUSTOMER_ONBOARDING_SVC
CUST006753,Aditya Zhang,1996-03-23,a45a020c9ef7,low,verified,GB,2020-10-01 00:00:00,CUSTOMER_ONBOARDING_SVC
CUST006754,Chen Mehta,1969-06-10,f1b6445bacd6,high,verified,US,2024-12-27 00:00:00,CUSTOMER_ONBOARDING_SVC
CUST006755,Meera Mehta,1966-03-05,411b0c13efe9,,verified,DE,2022-11-02 00:00:00,CUSTOMER_ONBOARDING_SVC
CUST006756,Hassan Lopez,1973-07-22,66f9219e8ce3,medium,verified,AU,2025-12-28 00:00:00,CUSTOMER_ONBOARDING_SVC
CUST006757,Karan Garcia,1955-07-06,1e5ac4261083,low,expired,US,2022-08-27 00:00:00,CUSTOMER_ONBOARDING_SVC
CUST006758,Liam Khan,1968-11-08,37998c42898f,low,expired,AU,2025-11-05 00:00:00,CUSTOMER_ONBOARDING_SVC
CUST006759,Amelia Khan,1964-03-14,cae444da3057,low,expired,AE,2018-05-16 00:00:00,CUSTOMER_ONBOARDING_SVC
CUST006760,Emma Gupta,1974-04-06,7486f322add9,low,verified,CN,2022-04-21 00:00:00,CUSTOMER_ONBOARDING_SVC
CUST006761,Isha Al-Sayed,1986-01-18,037d265db95d,medium,pending,AU,2018-02-23 00:00:00,CUSTOMER_ONBOARDING_SVC
CUST006762,Lucia Garcia,1979-07-07,8df92ec87e01,low,expired,IN,2021-06-18 00:00:00,CUSTOMER_ONBOARDING_SVC
CUST006763,Liam Ivanov,1974-03-18,c81295e01121,low,verified,RU,2022-08-28 00:00:00,CUSTOMER_ONBOARDING_SVC
CUST006764,Lucas Mehta,1998-07-03,c81c8dcb52e5,medium,verified,IN,2020-03-30 00:00:00,CUSTOMER_ONBOARDING_SVC
CUST006765,James Wilson,1991-02-21,67a75e35c0c6,medium,verified,AE,2020-05-04 00:00:00,CUSTOMER_ONBOARDING_SVC
CUST006766,Mei Anderson,1964-02-21,ed913b9e4938,low,expired,NG,2018-01-25 00:00:00,CUSTOMER_ONBOARDING_SVC
CUST006767,Pooja Mehta,1985-03-17,e5d63331ffb9,medium,verified,AU,2023-12-10 00:00:00,CUSTOMER_ONBOARDING_SVC
CUST006768,Liam Gupta,1992-06-25,de59237d4648,low,verified,CN,2021-05-22 00:00:00,CUSTOMER_ONBOARDING_SVC
CUST006769,Aarav Garcia,1990-01-12,84535f856701,medium,pending,DE,2021-10-14 00:00:00,CUSTOMER_ONBOARDING_SVC
CUST006770,Meera Garcia,1998-08-07,bae0b7993360,low,verified,US,2020-11-23 00:00:00,CUSTOMER_ONBOARDING_SVC
CUST006771,Layla Wilson,1972-12-08,ec4460de50a5,medium,verified,RU,2025-10-30 00:00:00,CUSTOMER_ONBOARDING_SVC
CUST006772,Amelia Wilson,1968-06-16,7ffbea298415,high,expired,IN,2022-05-27 00:00:00,CUSTOMER_ONBOARDING_SVC
CUST006773,Karan Chen,1993-04-23,36dab4266c47,low,verified,DE,2019-04-15 00:00:00,CUSTOMER_ONBOARDING_SVC
CUST006774,Hassan Brown,1995-12-03,0909166eb576,medium,verified,RU,2022-03-29 00:00:00,CUSTOMER_ONBOARDING_SVC
CUST006775,Rahul Reddy,1969-05-11,be71c521f740,medium,verified,NG,2023-04-22 00:00:00,CUSTOMER_ONBOARDING_SVC
CUST006776,Isha Brown,1983-02-13,36db7da40dde,medium,verified,GB,2023-04-01 00:00:00,CUSTOMER_ONBOARDING_SVC
CUST006777,Rahul Patel,1972-03-09,9e5ca863d8bb,high,pending,US,2023-07-02 00:00:00,CUSTOMER_ONBOARDING_SVC
CUST006778,Omar Singh,1998-07-08,255754e9ce3b,high,verified,AE,2019-06-13 00:00:00,CUSTOMER_ONBOARDING_SVC
CUST006779,Sophia Mehta,1969-03-17,22db1c7b0e1e,high,pending,SG,2018-09-30 00:00:00,CUSTOMER_ONBOARDING_SVC
CUST006780,Arjun Miller,1995-10-12,ba5439763cd4,medium,verified,CA,2024-06-02 00:00:00,CUSTOMER_ONBOARDING_SVC
CUST006781,Sneha Nair,1979-02-01,dcab5324819a,low,verified,IN,2020-02-21 00:00:00,CUSTOMER_ONBOARDING_SVC
CUST006782,Priya Al-Sayed,1966-09-05,fbac99ade337,low,verified,US,2018-12-31 00:00:00,CUSTOMER_ONBOARDING_SVC
CUST006783,Mei Brown,1985-05-15,0d81439a2e72,medium,verified,SG,2018-02-10 00:00:00,CUSTOMER_ONBOARDING_SVC
CUST006784,Chen Anderson,1980-07-23,ac4e993d8e8e,high,expired,SG,2021-02-03 00:00:00,CUSTOMER_ONBOARDING_SVC
CUST006785,Amelia Gupta,1957-12-15,0cb41d89d9f6,high,pending,AU,2025-06-17 00:00:00,CUSTOMER_ONBOARDING_SVC
CUST006786,Noah Smith,1972-09-01,65059881bcd3,low,verified,CA,2023-05-31 00:00:00,CUSTOMER_ONBOARDING_SVC
CUST006787,Meera Mehta,1995-05-11,3b4cc763b244,medium,pending,,2022-12-02 00:00:00,CUSTOMER_ONBOARDING_SVC
CUST006788,Emma Garcia,1991-07-02,3549d08d85e9,medium,verified,IN,2025-02-22 00:00:00,CUSTOMER_ONBOARDING_SVC
CUST006789,Fatima Al-Sayed,1971-09-15,34882142c6c7,low,verified,US,2020-03-06 00:00:00,CUSTOMER_ONBOARDING_SVC
CUST006790,Amelia Patel,1968-11-13,b3a2ef3996a6,low,pending,DE,2018-01-24 00:00:00,CUSTOMER_ONBOARDING_SVC
CUST006791,Yuki Patel,1977-02-10,5a8ab3292bb7,low,pending,CA,2023-04-09 00:00:00,CUSTOMER_ONBOARDING_SVC
CUST006792,Chen Al-Sayed,1994-01-23,4247b8bcd84d,,expired,CA,2018-03-08 00:00:00,CUSTOMER_ONBOARDING_SVC
CUST006793,Ava Brown,1976-03-19,2c8537ba7180,low,expired,RU,2026-04-17 00:00:00,CUSTOMER_ONBOARDING_SVC
CUST006794,Mei Zhang,1961-01-21,3cd8dfb4ffbc,high,pending,RU,2025-04-28 00:00:00,CUSTOMER_ONBOARDING_SVC
CUST006795,Mei Zhang,1968-08-25,0eb1d1ca0ce2,high,verified,NG,2022-09-03 00:00:00,CUSTOMER_ONBOARDING_SVC
CUST006796,Olivia Kumar,1978-05-28,070ddb4415d2,low,verified,RU,2026-01-24 00:00:00,CUSTOMER_ONBOARDING_SVC
CUST006797,Nikhil Davis,1978-10-31,7aed2e1aceaf,medium,verified,AE,2018-02-24 00:00:00,CUSTOMER_ONBOARDING_SVC
CUST006798,Elena Nair,1977-01-05,97c37e2e5125,low,pending,US,2020-03-20 00:00:00,CUSTOMER_ONBOARDING_SVC
CUST006799,Emma Khan,1971-12-11,e80290a6bd0d,high,pending,AE,2019-12-30 00:00:00,CUSTOMER_ONBOARDING_SVC
CUST006800,Mia Johnson,1979-07-11,698c7496102c,low,verified,RU,2022-08-31 00:00:00,CUSTOMER_ONBOARDING_SVC
CUST006801,Mei Kumar,1992-01-09,23c5730783d2,low,verified,SG,2023-03-26 00:00:00,CUSTOMER_ONBOARDING_SVC
CUST006802,Diego Al-Sayed,1957-08-14,d44dc9b5486a,low,expired,RU,2022-10-02 00:00:00,CUSTOMER_ONBOARDING_SVC
CUST006803,Mia Sharma,2002-08-21,95ff30daa983,low,verified,CN,2026-02-04 00:00:00,CUSTOMER_ONBOARDING_SVC
CUST006804,Olivia Tanaka,1991-10-05,764abdec0c32,low,expired,IN,2023-06-23 00:00:00,CUSTOMER_ONBOARDING_SVC
CUST006805,Priya Reddy,1995-06-12,dc880bb0d069,medium,pending,,2024-12-16 00:00:00,CUSTOMER_ONBOARDING_SVC
CUST006806,Hassan Davis,1957-07-29,61acbdfc2198,medium,verified,AU,2018-12-03 00:00:00,CUSTOMER_ONBOARDING_SVC
CUST006807,Mason Martinez,1960-10-06,a2ec9294eb9a,low,verified,SG,2019-07-31 00:00:00,CUSTOMER_ONBOARDING_SVC
CUST006808,Priya Reddy,1964-10-19,6884dd55abdd,low,verified,DE,2021-01-30 00:00:00,CUSTOMER_ONBOARDING_SVC
CUST006809,Lucas Martinez,2001-10-13,31548e43b26b,low,verified,CA,2021-11-09 00:00:00,CUSTOMER_ONBOARDING_SVC
CUST006810,Layla Sharma,1979-09-02,0715dbe78816,high,pending,AU,2020-12-27 00:00:00,CUSTOMER_ONBOARDING_SVC
CUST006811,Rahul Ivanov,1967-01-10,0ade3c77d0b5,low,expired,AU,2023-01-18 00:00:00,CUSTOMER_ONBOARDING_SVC
CUST006812,Isha Lopez,1986-02-05,35a4b4db2584,medium,expired,IN,2023-11-09 00:00:00,CUSTOMER_ONBOARDING_SVC
CUST006813,Rohan Miller,1973-11-16,cae3dac01d3e,low,verified,AU,2019-01-07 00:00:00,CUSTOMER_ONBOARDING_SVC
CUST006814,Fatima Reddy,1985-04-15,6745aeafc43b,low,expired,RU,2019-06-09 00:00:00,CUSTOMER_ONBOARDING_SVC
CUST006815,Mei Nair,1960-11-16,27c901e332d5,low,verified,US,2021-06-28 00:00:00,CUSTOMER_ONBOARDING_SVC
CUST006816,Ivan Zhang,1955-10-07,9900eb69c9d6,medium,expired,CA,2020-11-21 00:00:00,CUSTOMER_ONBOARDING_SVC
CUST006817,Ananya Zhang,1956-07-20,7b58b84b0a0c,high,verified,CN,2022-04-01 00:00:00,CUSTOMER_ONBOARDING_SVC
CUST006818,Riya Zhang,2001-02-22,841f47253ca6,low,verified,CN,2021-02-08 00:00:00,CUSTOMER_ONBOARDING_SVC
CUST006819,Layla Chen,2000-10-16,5e7adab2bfe3,,verified,NG,2021-01-12 00:00:00,CUSTOMER_ONBOARDING_SVC
CUST006820,Omar Chen,1980-03-21,d3f5a5b5cb87,,,DE,2020-01-02 00:00:00,CUSTOMER_ONBOARDING_SVC
CUST006821,Karan Anderson,1998-08-09,5a706218b96f,medium,expired,NG,2018-09-07 00:00:00,CUSTOMER_ONBOARDING_SVC
CUST006822,Emma Patel,1965-04-28,5bf337ab3ad9,low,expired,US,2022-03-26 00:00:00,CUSTOMER_ONBOARDING_SVC
CUST006823,Lucia Mehta,2001-07-10,597743e0d174,medium,pending,CN,2019-03-05 00:00:00,CUSTOMER_ONBOARDING_SVC
CUST006824,Yuki Gupta,2000-03-06,44a8a308d63d,medium,verified,US,2024-03-29 00:00:00,CUSTOMER_ONBOARDING_SVC
CUST006825,Ava Davis,1988-03-25,41addd24ac56,low,verified,SG,2020-08-13 00:00:00,CUSTOMER_ONBOARDING_SVC
CUST006826,Mason Singh,1967-02-04,8461d9fb9434,medium,verified,CA,2023-02-17 00:00:00,CUSTOMER_ONBOARDING_SVC
CUST006827,Pooja Khan,1993-05-17,3f5d43909186,low,expired,US,2019-01-20 00:00:00,CUSTOMER_ONBOARDING_SVC
CUST006828,Isha Al-Sayed,2000-06-27,19c42c4c248f,medium,verified,US,2022-02-24 00:00:00,CUSTOMER_ONBOARDING_SVC
CUST006829,Emma Lopez,1969-01-24,23ffc0e75164,low,pending,CN,2024-07-11 00:00:00,CUSTOMER_ONBOARDING_SVC
CUST006830,Mason Davis,1965-06-14,d1c2ae3fd323,low,pending,US,2024-01-03 00:00:00,CUSTOMER_ONBOARDING_SVC
CUST006831,Rohan Patel,1975-09-19,572b572977fa,medium,pending,CA,2022-12-20 00:00:00,CUSTOMER_ONBOARDING_SVC
CUST006832,Divya Lopez,1984-09-22,c2a92b807a6f,low,expired,SG,2023-05-31 00:00:00,CUSTOMER_ONBOARDING_SVC
CUST006833,Noah Singh,1989-07-08,65efdb319acd,high,verified,CA,2023-07-27 00:00:00,CUSTOMER_ONBOARDING_SVC
CUST006834,Ivan Zhang,1990-09-25,096735c69b23,low,expired,IN,2020-02-23 00:00:00,CUSTOMER_ONBOARDING_SVC
CUST006835,Vikram Khan,1957-09-20,5b06d62ee2f8,medium,expired,IN,2024-10-17 00:00:00,CUSTOMER_ONBOARDING_SVC
CUST006836,Emma Wilson,1963-06-07,49a037ab206a,high,verified,DE,2020-06-11 00:00:00,CUSTOMER_ONBOARDING_SVC
CUST006837,Lucia Chen,1960-01-31,8ca3f66a0c94,low,verified,US,2024-08-13 00:00:00,CUSTOMER_ONBOARDING_SVC
CUST006838,Ivan Mehta,1997-09-06,a65ae1e47bcd,low,expired,NG,2024-10-25 00:00:00,CUSTOMER_ONBOARDING_SVC
CUST006839,Riya Brown,1990-01-27,dd99b71b11d0,low,expired,GB,2024-02-18 00:00:00,CUSTOMER_ONBOARDING_SVC
CUST006840,Sneha Sharma,1994-10-22,6e5560acc064,medium,verified,AE,2020-08-12 00:00:00,CUSTOMER_ONBOARDING_SVC
CUST006841,Rahul Wilson,1984-09-18,f460f6b02e35,high,expired,US,2018-09-19 00:00:00,CUSTOMER_ONBOARDING_SVC
CUST006842,Yuki Anderson,1974-03-21,f353b8555050,medium,verified,AE,2022-10-15 00:00:00,CUSTOMER_ONBOARDING_SVC
CUST006843,James Garcia,1995-03-19,79252494df90,low,verified,SG,2021-12-06 00:00:00,CUSTOMER_ONBOARDING_SVC
CUST006844,Amelia Anderson,1994-10-13,0383d36ea5b9,low,pending,RU,2021-06-23 00:00:00,CUSTOMER_ONBOARDING_SVC
CUST006845,Vikram Reddy,1986-05-16,b319e548430e,medium,verified,SG,2019-06-23 00:00:00,CUSTOMER_ONBOARDING_SVC
CUST006846,Elena Smith,1995-07-03,99e120ad64b6,low,verified,GB,2020-10-27 00:00:00,CUSTOMER_ONBOARDING_SVC
CUST006847,Mason Wilson,1970-05-29,62e891752f5a,low,verified,GB,2022-12-27 00:00:00,CUSTOMER_ONBOARDING_SVC
CUST006848,Meera Smith,1967-05-28,2d77064931f6,low,expired,IN,2020-02-11 00:00:00,CUSTOMER_ONBOARDING_SVC
CUST006849,Ivan Johnson,1994-06-23,9a3f7b029e0a,high,verified,AE,2019-03-07 00:00:00,CUSTOMER_ONBOARDING_SVC
CUST006850,Riya Martinez,1965-06-02,1bc9b63cc780,high,verified,GB,2021-06-18 00:00:00,CUSTOMER_ONBOARDING_SVC
CUST006851,Rahul Kumar,1998-04-27,9350ec875122,low,expired,CA,2026-02-26 00:00:00,CUSTOMER_ONBOARDING_SVC
CUST006852,Arjun Johnson,1988-03-15,c18bc7cb6e32,low,verified,RU,2019-02-01 00:00:00,CUSTOMER_ONBOARDING_SVC
CUST006853,Priya Khan,1981-07-26,143f3e44e543,low,verified,CN,2024-12-26 00:00:00,CUSTOMER_ONBOARDING_SVC
CUST006854,Lucia Al-Sayed,1995-08-22,45186928a233,medium,verified,NG,2023-03-13 00:00:00,CUSTOMER_ONBOARDING_SVC
CUST006855,Chen Nair,1996-06-06,09c59716ae99,low,pending,IN,2019-08-25 00:00:00,CUSTOMER_ONBOARDING_SVC
CUST006856,Arjun Tanaka,1957-07-04,86cad0560919,low,pending,RU,2026-01-04 00:00:00,CUSTOMER_ONBOARDING_SVC
CUST006857,Isha Anderson,1977-04-01,0d792f887876,low,pending,CA,2021-05-18 00:00:00,CUSTOMER_ONBOARDING_SVC
CUST006858,Lucia Nair,1962-10-31,af2e62cef38e,low,verified,US,2018-12-16 00:00:00,CUSTOMER_ONBOARDING_SVC
CUST006859,Emma Brown,1981-02-02,b2042e14c50f,low,verified,DE,2021-07-03 00:00:00,CUSTOMER_ONBOARDING_SVC
CUST006860,Lucas Singh,1992-09-03,c7d98f034abb,low,verified,AE,2023-08-11 00:00:00,CUSTOMER_ONBOARDING_SVC
CUST006861,Rahul Zhang,1993-08-18,7c49f50a598f,medium,verified,GB,2018-01-16 00:00:00,CUSTOMER_ONBOARDING_SVC
CUST006862,Wei Gupta,2002-06-04,ab75817c0992,high,verified,GB,2018-07-07 00:00:00,CUSTOMER_ONBOARDING_SVC
CUST006863,Yuki Lopez,2003-07-06,254da1d3ec34,medium,verified,IN,2020-11-06 00:00:00,CUSTOMER_ONBOARDING_SVC
CUST006864,Karan Singh,1969-07-18,af708bb6ef82,low,verified,SG,2023-07-14 00:00:00,CUSTOMER_ONBOARDING_SVC
CUST006865,Ananya Mehta,1958-03-09,501c14b1384b,low,pending,CN,2021-05-29 00:00:00,CUSTOMER_ONBOARDING_SVC
CUST006866,Isha Al-Sayed,1963-07-28,1a8e43357739,high,expired,NG,2025-03-15 00:00:00,CUSTOMER_ONBOARDING_SVC
CUST006867,Karan Singh,1957-05-13,20fbd9e038d1,low,pending,AE,2023-04-29 00:00:00,CUSTOMER_ONBOARDING_SVC
CUST006868,Lucia Kumar,1994-06-10,58d75177d095,medium,expired,RU,2024-08-12 00:00:00,CUSTOMER_ONBOARDING_SVC
CUST006869,Karan Smith,1993-11-23,d9f7fa5e04d0,low,pending,US,2024-02-14 00:00:00,CUSTOMER_ONBOARDING_SVC
CUST006870,Pooja Reddy,1967-05-21,0bf64a51e3cf,low,verified,US,2023-01-26 00:00:00,CUSTOMER_ONBOARDING_SVC
CUST006871,Priya Lopez,1968-10-15,dfcf9058f9a0,low,verified,DE,2023-02-22 00:00:00,CUSTOMER_ONBOARDING_SVC
CUST006872,Mei Gupta,1978-03-24,1db32b721b5c,medium,pending,NG,2019-08-15 00:00:00,CUSTOMER_ONBOARDING_SVC
CUST006873,Emma Sharma,1981-12-08,0eb3816ef96f,low,verified,SG,2024-01-29 00:00:00,CUSTOMER_ONBOARDING_SVC
CUST006874,Wei Mehta,1956-02-18,44f10137fd17,low,verified,CA,2019-03-12 00:00:00,CUSTOMER_ONBOARDING_SVC
CUST006875,Karan Zhang,2002-03-22,b7884f4716a3,medium,verified,SG,2025-04-08 00:00:00,CUSTOMER_ONBOARDING_SVC
CUST006876,Karan Ivanov,1987-01-25,5fbab4260f51,medium,verified,CN,2024-09-06 00:00:00,CUSTOMER_ONBOARDING_SVC
CUST006877,Yuki Ivanov,1974-03-11,7892f5c292ca,medium,pending,AU,2022-09-16 00:00:00,CUSTOMER_ONBOARDING_SVC
CUST006878,Arjun Zhang,1960-12-20,6ceab0df70c1,medium,verified,DE,2018-01-29 00:00:00,CUSTOMER_ONBOARDING_SVC
CUST006879,Lucas Khan,1972-02-23,42452ad28e47,medium,expired,SG,2024-10-21 00:00:00,CUSTOMER_ONBOARDING_SVC
CUST006880,Lucia Mehta,1992-10-26,b95cf904baf3,low,verified,CN,2026-06-17 00:00:00,CUSTOMER_ONBOARDING_SVC
CUST006881,Ananya Smith,1973-02-18,799df0e0fc41,high,verified,CN,2021-10-25 00:00:00,CUSTOMER_ONBOARDING_SVC
CUST006882,Lucia Singh,1967-09-21,cbc723816d56,medium,pending,DE,2026-02-21 00:00:00,CUSTOMER_ONBOARDING_SVC
CUST006883,Omar Davis,1983-04-17,f4d146ef8148,low,verified,IN,2022-04-22 00:00:00,CUSTOMER_ONBOARDING_SVC
CUST006884,Rahul Ivanov,1999-07-02,febc2b141df3,medium,verified,CN,2019-08-11 00:00:00,CUSTOMER_ONBOARDING_SVC
CUST006885,Aarav Lopez,1959-09-04,d4835caaaf1a,high,,RU,2018-11-08 00:00:00,CUSTOMER_ONBOARDING_SVC
CUST006886,Amelia Al-Sayed,1987-09-12,0653a407f9b7,low,verified,SG,2025-09-13 00:00:00,CUSTOMER_ONBOARDING_SVC
CUST006887,Rohan Mehta,1983-12-03,453a1758f93e,low,verified,CA,2018-03-30 00:00:00,CUSTOMER_ONBOARDING_SVC
CUST006888,Rohan Tanaka,1979-08-04,03fbac83c50c,high,verified,NG,2022-05-13 00:00:00,CUSTOMER_ONBOARDING_SVC
CUST006889,Diego Brown,1978-03-23,4af8236cedbf,low,expired,RU,2026-01-15 00:00:00,CUSTOMER_ONBOARDING_SVC
CUST006890,Priya Tanaka,1960-11-05,e00dae3cc6de,high,verified,AU,2018-06-26 00:00:00,CUSTOMER_ONBOARDING_SVC
CUST006891,Olivia Kumar,2002-01-29,9f20c1073244,medium,expired,SG,2022-04-26 00:00:00,CUSTOMER_ONBOARDING_SVC
CUST006892,Yuki Zhang,1963-12-07,f750aecbf9b6,high,,GB,2021-07-18 00:00:00,CUSTOMER_ONBOARDING_SVC
CUST006893,James Johnson,1988-10-01,939d9609e000,low,expired,RU,2025-01-08 00:00:00,CUSTOMER_ONBOARDING_SVC
CUST006894,Olivia Reddy,1960-07-16,661040e84b65,low,pending,GB,2021-03-03 00:00:00,CUSTOMER_ONBOARDING_SVC
CUST006895,Amelia Patel,1970-11-20,b194834835e0,low,verified,IN,2025-12-11 00:00:00,CUSTOMER_ONBOARDING_SVC
CUST006896,Yuki Lopez,1969-01-26,a2aa931423a5,medium,verified,RU,2022-09-17 00:00:00,CUSTOMER_ONBOARDING_SVC
CUST006897,Karan Chen,1960-11-01,8a541d68cf9e,medium,verified,NG,2021-05-22 00:00:00,CUSTOMER_ONBOARDING_SVC
CUST006898,Hassan Miller,1981-10-22,18ac3b8f6876,medium,verified,US,2022-07-27 00:00:00,CUSTOMER_ONBOARDING_SVC
CUST006899,Ivan Mehta,1989-03-22,fd0d4fd300cd,medium,verified,AU,2024-01-14 00:00:00,CUSTOMER_ONBOARDING_SVC
CUST006900,Fatima Tanaka,1998-07-28,5da7b7c65d66,high,verified,DE,2018-02-18 00:00:00,CUSTOMER_ONBOARDING_SVC
CUST006901,Elena Johnson,1960-09-15,7574d5b17c21,medium,verified,AU,2020-07-20 00:00:00,CUSTOMER_ONBOARDING_SVC
CUST006902,Omar Zhang,1983-06-24,381060842a17,high,verified,AE,2026-03-01 00:00:00,CUSTOMER_ONBOARDING_SVC
CUST006903,Pooja Singh,1962-06-19,a2db8c362bb4,low,verified,RU,2026-02-25 00:00:00,CUSTOMER_ONBOARDING_SVC
CUST006904,Ava Nair,1967-02-01,a46c4554de36,low,verified,AU,2026-01-26 00:00:00,CUSTOMER_ONBOARDING_SVC
CUST006905,Rahul Davis,1984-04-17,6b5ac58cfb6e,medium,verified,,2022-05-25 00:00:00,CUSTOMER_ONBOARDING_SVC
CUST006906,Hassan Brown,1961-02-26,eae52a95fce4,low,verified,GB,2018-10-14 00:00:00,CUSTOMER_ONBOARDING_SVC
CUST006907,Lucas Singh,1988-02-23,93de266b622c,high,verified,SG,2020-11-07 00:00:00,CUSTOMER_ONBOARDING_SVC
CUST006908,Emma Singh,1982-12-15,51d6ccce3a80,low,expired,IN,2022-01-05 00:00:00,CUSTOMER_ONBOARDING_SVC
CUST006909,Fatima Sharma,1957-04-09,7a3f00946b69,high,verified,RU,2025-12-09 00:00:00,CUSTOMER_ONBOARDING_SVC
CUST006910,Karan Ivanov,1988-02-08,bc7c52a1ca21,high,pending,NG,2021-04-16 00:00:00,CUSTOMER_ONBOARDING_SVC
CUST006911,Hassan Kumar,1966-06-13,6c779451af3c,low,verified,US,2019-11-17 00:00:00,CUSTOMER_ONBOARDING_SVC
CUST006912,Amelia Wilson,1970-09-20,f66b58006909,low,verified,IN,2024-10-27 00:00:00,CUSTOMER_ONBOARDING_SVC
CUST006913,Chen Chen,1971-07-12,6bd8aafd297f,low,pending,SG,2022-08-15 00:00:00,CUSTOMER_ONBOARDING_SVC
CUST006914,Liam Johnson,1968-02-06,2d4fd2fad42a,high,verified,AE,2024-12-21 00:00:00,CUSTOMER_ONBOARDING_SVC
CUST006915,Rahul Zhang,1991-11-15,793485b239cc,medium,verified,RU,2019-12-31 00:00:00,CUSTOMER_ONBOARDING_SVC
CUST006916,Amelia Singh,1989-04-13,a1afc7f8ae72,,verified,AE,2019-01-17 00:00:00,CUSTOMER_ONBOARDING_SVC
CUST006917,Elena Khan,1966-02-17,b1d72b25c9b4,low,expired,CN,2019-09-08 00:00:00,CUSTOMER_ONBOARDING_SVC
CUST006918,Sneha Zhang,1996-11-16,8e816ce8b151,low,pending,CA,2025-09-03 00:00:00,CUSTOMER_ONBOARDING_SVC
CUST006919,Arjun Zhang,1980-06-22,1931ef6cb80d,medium,verified,AE,2023-07-28 00:00:00,CUSTOMER_ONBOARDING_SVC
CUST006920,Liam Brown,2000-10-10,f6114ac51e4c,medium,verified,CA,2022-03-13 00:00:00,CUSTOMER_ONBOARDING_SVC
CUST006921,Priya Martinez,1960-06-25,26b6d4d74ad1,medium,verified,SG,2022-01-07 00:00:00,CUSTOMER_ONBOARDING_SVC
CUST006922,Mia Gupta,1963-09-20,2c2bc6b8152c,low,verified,SG,2018-08-13 00:00:00,CUSTOMER_ONBOARDING_SVC
CUST006923,Riya Mehta,1969-07-21,c5d544899013,medium,pending,IN,2021-02-05 00:00:00,CUSTOMER_ONBOARDING_SVC
CUST006924,Hassan Chen,1993-02-13,1b1610a75b80,low,verified,IN,2021-04-18 00:00:00,CUSTOMER_ONBOARDING_SVC
CUST006925,Aarav Tanaka,1968-12-31,2ba825dd9290,medium,pending,AU,2024-04-26 00:00:00,CUSTOMER_ONBOARDING_SVC
CUST006926,Ethan Kumar,1995-03-12,8c2f09172517,low,verified,SG,2018-05-28 00:00:00,CUSTOMER_ONBOARDING_SVC
CUST006927,Vikram Khan,1959-09-28,900348c5009d,high,verified,IN,2020-08-13 00:00:00,CUSTOMER_ONBOARDING_SVC
CUST006928,Nikhil Al-Sayed,1982-08-21,b459b7d935de,low,verified,AE,2024-08-24 00:00:00,CUSTOMER_ONBOARDING_SVC
CUST006929,Mia Anderson,1973-09-19,77534ccc4d7b,medium,verified,SG,2024-04-28 00:00:00,CUSTOMER_ONBOARDING_SVC
CUST006930,Nikhil Smith,1962-03-06,c605137a1b31,low,verified,AU,2018-09-19 00:00:00,CUSTOMER_ONBOARDING_SVC
CUST006931,Sneha Davis,1973-12-22,abc9699e2742,low,verified,GB,2025-12-01 00:00:00,CUSTOMER_ONBOARDING_SVC
CUST006932,Sophia Kumar,2000-11-13,7cd5a7a432e1,medium,expired,GB,2019-07-31 00:00:00,CUSTOMER_ONBOARDING_SVC
CUST006933,Riya Lopez,1958-04-24,3aa0c3e27c91,medium,verified,AE,2018-09-13 00:00:00,CUSTOMER_ONBOARDING_SVC
CUST006934,Wei Tanaka,1987-12-26,8d832da1e4c6,high,verified,US,2021-12-12 00:00:00,CUSTOMER_ONBOARDING_SVC
CUST006935,Liam Reddy,1964-05-07,cc248346f4ce,low,verified,US,2021-11-02 00:00:00,CUSTOMER_ONBOARDING_SVC
CUST006936,Amelia Ivanov,1976-04-20,7917ee75cbaa,low,expired,RU,2022-09-16 00:00:00,CUSTOMER_ONBOARDING_SVC
CUST006937,Sophia Garcia,1975-11-14,b0a4b5633131,low,verified,US,2019-01-19 00:00:00,CUSTOMER_ONBOARDING_SVC
CUST006938,Amelia Nair,1981-06-17,335e6219f782,,verified,SG,2019-02-16 00:00:00,CUSTOMER_ONBOARDING_SVC
CUST006939,Diego Johnson,1977-05-12,04513cc3fecc,high,pending,SG,2023-03-22 00:00:00,CUSTOMER_ONBOARDING_SVC
CUST006940,Mason Nair,1987-08-24,0a6b2df143b6,medium,verified,NG,2018-10-06 00:00:00,CUSTOMER_ONBOARDING_SVC
CUST006941,Ananya Johnson,1966-11-15,01539a49fe53,low,expired,GB,2026-04-11 00:00:00,CUSTOMER_ONBOARDING_SVC
CUST006942,Arjun Tanaka,1964-03-17,8bc64fc28a63,low,pending,GB,2021-11-04 00:00:00,CUSTOMER_ONBOARDING_SVC
CUST006943,Arjun Tanaka,1971-06-11,23556db05d1d,low,pending,US,2025-01-24 00:00:00,CUSTOMER_ONBOARDING_SVC
CUST006944,Lucas Reddy,1998-09-06,122206c68fa9,low,verified,RU,2023-09-13 00:00:00,CUSTOMER_ONBOARDING_SVC
CUST006945,Rohan Martinez,1993-12-09,a56ea47ae3c5,low,verified,US,2022-11-13 00:00:00,CUSTOMER_ONBOARDING_SVC
CUST006946,Priya Ivanov,2004-12-30,93089069998f,low,pending,RU,2024-07-21 00:00:00,CUSTOMER_ONBOARDING_SVC
CUST006947,Sophia Zhang,2002-10-31,4a3a6990e707,high,pending,US,2020-12-18 00:00:00,CUSTOMER_ONBOARDING_SVC
CUST006948,Noah Smith,1977-06-01,def89cf691e6,low,verified,AU,2025-03-15 00:00:00,CUSTOMER_ONBOARDING_SVC
CUST006949,Isha Mehta,1994-09-04,863eb37f32c7,low,verified,CN,2019-11-08 00:00:00,CUSTOMER_ONBOARDING_SVC
CUST006950,Nikhil Wilson,1973-09-24,e5e118439adf,medium,pending,RU,2021-06-01 00:00:00,CUSTOMER_ONBOARDING_SVC
CUST006951,Aditya Gupta,1972-11-15,a1648bbc0873,medium,pending,SG,2026-03-02 00:00:00,CUSTOMER_ONBOARDING_SVC
CUST006952,Diego Singh,1980-10-29,1880e41f72c8,low,verified,DE,2024-02-25 00:00:00,CUSTOMER_ONBOARDING_SVC
CUST006953,Mia Gupta,1958-08-02,a54452f17821,low,verified,DE,2021-08-15 00:00:00,CUSTOMER_ONBOARDING_SVC
CUST006954,Ava Martinez,1963-10-23,6a49cba4c659,high,expired,RU,2026-03-27 00:00:00,CUSTOMER_ONBOARDING_SVC
CUST006955,Lucia Khan,1979-07-16,31eecc7f5332,medium,expired,GB,2026-05-10 00:00:00,CUSTOMER_ONBOARDING_SVC
CUST006956,Chen Kumar,1961-04-21,00dde3b26d53,low,expired,US,2020-07-02 00:00:00,CUSTOMER_ONBOARDING_SVC
CUST006957,Isha Kumar,1964-01-30,707157a8cc39,medium,pending,DE,2025-04-08 00:00:00,CUSTOMER_ONBOARDING_SVC
CUST006958,Pooja Khan,1957-09-13,fca091eb6668,high,expired,US,2019-08-30 00:00:00,CUSTOMER_ONBOARDING_SVC
CUST006959,Amelia Brown,1999-11-29,d0cdf6530d93,low,verified,CN,2019-01-27 00:00:00,CUSTOMER_ONBOARDING_SVC
CUST006960,Layla Anderson,2003-04-22,81c87d2ef98f,low,verified,AU,2023-05-17 00:00:00,CUSTOMER_ONBOARDING_SVC
CUST006961,Hassan Patel,2003-08-09,ac665abb5766,medium,pending,IN,2022-04-08 00:00:00,CUSTOMER_ONBOARDING_SVC
CUST006962,Mei Mehta,1968-12-18,0bb15e3ad4cd,low,verified,DE,2019-08-22 00:00:00,CUSTOMER_ONBOARDING_SVC
CUST006963,Elena Garcia,2005-11-26,404621daf910,low,pending,GB,2025-08-16 00:00:00,CUSTOMER_ONBOARDING_SVC
CUST006964,Meera Sharma,1981-12-19,5a775e614d23,medium,expired,SG,2023-11-13 00:00:00,CUSTOMER_ONBOARDING_SVC
CUST006965,Chen Singh,1971-07-29,cfc151e9e4a3,high,expired,DE,2025-06-01 00:00:00,CUSTOMER_ONBOARDING_SVC
CUST006966,Chen Gupta,1971-09-22,5d31c8a1b5fc,low,verified,SG,2020-05-10 00:00:00,CUSTOMER_ONBOARDING_SVC
CUST006967,Arjun Brown,1998-09-06,2bcea6f7eef6,low,,IN,2018-02-16 00:00:00,CUSTOMER_ONBOARDING_SVC
CUST006968,Sophia Wilson,1969-06-07,6c4fce8036ab,low,pending,NG,2019-06-18 00:00:00,CUSTOMER_ONBOARDING_SVC
CUST006969,Vikram Tanaka,1984-12-30,78c98398b1eb,medium,expired,NG,2023-08-31 00:00:00,CUSTOMER_ONBOARDING_SVC
CUST006970,Ethan Mehta,1990-07-10,7c5ee0c2768b,high,pending,NG,2023-05-18 00:00:00,CUSTOMER_ONBOARDING_SVC
CUST006971,Aditya Chen,1991-04-29,90d5be1ff11f,low,expired,RU,2023-05-02 00:00:00,CUSTOMER_ONBOARDING_SVC
CUST006972,Elena Martinez,1977-07-04,7861ce80fc43,medium,verified,RU,2025-09-04 00:00:00,CUSTOMER_ONBOARDING_SVC
CUST006973,Omar Gupta,1972-09-02,7226146944c1,medium,verified,CN,2025-03-05 00:00:00,CUSTOMER_ONBOARDING_SVC
CUST006974,Layla Mehta,1959-05-16,4908a9c453e5,low,pending,GB,2022-11-16 00:00:00,CUSTOMER_ONBOARDING_SVC
CUST006975,Vikram Smith,1997-06-30,3bc9b1827f05,medium,verified,NG,2023-07-01 00:00:00,CUSTOMER_ONBOARDING_SVC
CUST006976,Nikhil Miller,1955-06-22,5611545d56d0,medium,expired,NG,2024-01-28 00:00:00,CUSTOMER_ONBOARDING_SVC
CUST006977,Aditya Reddy,1994-05-16,3c968f7dd84b,medium,verified,IN,2024-09-17 00:00:00,CUSTOMER_ONBOARDING_SVC
CUST006978,Ethan Garcia,1985-02-10,fa59400a3885,low,expired,CN,2025-12-16 00:00:00,CUSTOMER_ONBOARDING_SVC
CUST006979,Noah Gupta,1957-07-12,1bd0c1b77da6,low,verified,SG,2018-04-23 00:00:00,CUSTOMER_ONBOARDING_SVC
CUST006980,Wei Davis,1970-08-27,07d6fdadc112,medium,pending,IN,2023-04-11 00:00:00,CUSTOMER_ONBOARDING_SVC
CUST006981,Divya Al-Sayed,1999-12-09,d8ebd18ae1b1,high,pending,SG,2020-05-07 00:00:00,CUSTOMER_ONBOARDING_SVC
CUST006982,Ethan Wilson,1996-10-03,3f169c778ae0,,pending,DE,2021-01-16 00:00:00,CUSTOMER_ONBOARDING_SVC
CUST006983,Riya Miller,2004-03-19,4c410024f308,high,verified,CN,2025-09-10 00:00:00,CUSTOMER_ONBOARDING_SVC
CUST006983,Riya Miller,2004-03-19,4c410024f308,high,verified,CN,2025-09-10 00:06:00,CUSTOMER_ONBOARDING_SVC
CUST006984,Ivan Johnson,1960-11-03,09190907645a,,expired,CA,2023-12-29 00:00:00,CUSTOMER_ONBOARDING_SVC
CUST006985,Ethan Singh,1962-07-24,75f3e168696e,low,verified,AE,2024-07-25 00:00:00,CUSTOMER_ONBOARDING_SVC
CUST006986,Diego Smith,2004-03-10,8932c2099cce,medium,verified,DE,2026-02-27 00:00:00,CUSTOMER_ONBOARDING_SVC
CUST006987,Lucia Anderson,1970-05-31,3fb8c70a8405,medium,expired,US,2023-01-24 00:00:00,CUSTOMER_ONBOARDING_SVC
CUST006988,Noah Wilson,2004-07-31,18b32a49aa31,low,verified,RU,2023-09-16 00:00:00,CUSTOMER_ONBOARDING_SVC
CUST006989,Liam Lopez,1980-07-17,1c5af09fa9d4,low,expired,US,2025-03-10 00:00:00,CUSTOMER_ONBOARDING_SVC
CUST006990,Riya Nair,1976-03-25,ecd289b90aef,medium,pending,NG,2019-03-27 00:00:00,CUSTOMER_ONBOARDING_SVC
CUST006991,Olivia Al-Sayed,1960-04-19,a6b92b221b36,high,expired,CA,2026-04-16 00:00:00,CUSTOMER_ONBOARDING_SVC
CUST006992,Ananya Nair,1998-10-27,b0cfde6804d5,low,verified,IN,2021-05-03 00:00:00,CUSTOMER_ONBOARDING_SVC
CUST006993,Mei Reddy,1956-10-22,458daea159f6,medium,verified,AU,2022-02-10 00:00:00,CUSTOMER_ONBOARDING_SVC
CUST006994,Meera Davis,1955-03-13,fd76656e8d07,low,pending,AE,2020-04-22 00:00:00,CUSTOMER_ONBOARDING_SVC
CUST006995,Mason Smith,1979-09-17,c7096493ddc1,medium,verified,CN,2026-03-11 00:00:00,CUSTOMER_ONBOARDING_SVC
CUST006996,Layla Khan,1966-01-07,58293e745b35,low,verified,AU,2025-10-16 00:00:00,CUSTOMER_ONBOARDING_SVC
CUST006997,Aditya Patel,1971-08-06,3021de97f3b9,high,verified,NG,2025-08-12 00:00:00,CUSTOMER_ONBOARDING_SVC
CUST006998,Priya Reddy,1986-05-17,5dd110185834,low,expired,US,2020-05-09 00:00:00,CUSTOMER_ONBOARDING_SVC
CUST006999,Mason Singh,1998-11-08,439f2bca2424,low,verified,CA,2024-02-14 00:00:00,CUSTOMER_ONBOARDING_SVC
CUST007000,Nikhil Smith,1978-01-07,0e089fb6c21b,high,verified,SG,2019-07-18 00:00:00,CUSTOMER_ONBOARDING_SVC
CUST007001,Yuki Wilson,1989-11-01,f3186fd9fe38,low,verified,US,2019-12-29 00:00:00,CUSTOMER_ONBOARDING_SVC
CUST007002,Diego Sharma,1993-01-18,04d455d7f07b,low,verified,CA,2019-09-10 00:00:00,CUSTOMER_ONBOARDING_SVC
CUST007003,Arjun Singh,1971-10-20,a846ca83ef5d,low,pending,GB,2018-12-04 00:00:00,CUSTOMER_ONBOARDING_SVC
CUST007004,Rahul Ivanov,1980-05-26,4900349da427,low,expired,DE,2021-08-10 00:00:00,CUSTOMER_ONBOARDING_SVC
CUST007005,Arjun Smith,1987-03-28,c77038a31cb1,medium,verified,GB,2019-05-25 00:00:00,CUSTOMER_ONBOARDING_SVC
CUST007006,Lucia Sharma,1968-08-27,f5ee9f56c38f,high,expired,RU,2020-06-11 00:00:00,CUSTOMER_ONBOARDING_SVC
CUST007007,Isha Al-Sayed,1970-03-17,e6e3cc254306,high,verified,AE,2026-06-11 00:00:00,CUSTOMER_ONBOARDING_SVC
CUST007008,Hassan Martinez,1973-04-10,63d27fe78940,low,verified,SG,2021-05-06 00:00:00,CUSTOMER_ONBOARDING_SVC
CUST007009,Noah Wilson,1963-03-10,d676c65e914d,low,verified,NG,2025-08-10 00:00:00,CUSTOMER_ONBOARDING_SVC
CUST007010,James Anderson,1977-05-27,67e47df2379c,medium,,RU,2018-01-06 00:00:00,CUSTOMER_ONBOARDING_SVC
CUST007011,Hassan Wilson,1982-09-11,d5bded6e6886,low,verified,IN,2026-06-17 00:00:00,CUSTOMER_ONBOARDING_SVC
CUST007012,Lucas Kumar,1955-05-29,1ab06f4b05dc,high,verified,IN,2022-10-08 00:00:00,CUSTOMER_ONBOARDING_SVC
CUST007013,Lucas Tanaka,1992-07-15,0f4c0e4821a3,medium,pending,GB,2025-11-25 00:00:00,CUSTOMER_ONBOARDING_SVC
CUST007014,Karan Davis,1974-04-20,a05cb0960344,low,expired,AE,2025-10-19 00:00:00,CUSTOMER_ONBOARDING_SVC
CUST007015,Ava Chen,1998-09-29,f42da189b273,medium,pending,GB,2018-12-08 00:00:00,CUSTOMER_ONBOARDING_SVC
CUST007016,Lucas Smith,1968-09-08,d29b2bfbcce6,high,verified,AE,2019-09-11 00:00:00,CUSTOMER_ONBOARDING_SVC
CUST007017,Karan Brown,1992-09-20,65d0444a6182,medium,expired,NG,2018-01-08 00:00:00,CUSTOMER_ONBOARDING_SVC
CUST007018,James Nair,1968-06-06,e190cff0acd4,low,verified,IN,2022-10-31 00:00:00,CUSTOMER_ONBOARDING_SVC
CUST007019,Ethan Gupta,1995-06-01,a237532092a0,medium,verified,US,2020-04-29 00:00:00,CUSTOMER_ONBOARDING_SVC
CUST007020,Riya Ivanov,1971-05-25,f11db33d80f2,medium,verified,AE,2021-03-12 00:00:00,CUSTOMER_ONBOARDING_SVC
CUST007021,Ivan Lopez,1990-10-03,5944acd353b3,low,expired,RU,2023-05-02 00:00:00,CUSTOMER_ONBOARDING_SVC
CUST007022,Isha Wilson,2003-05-26,c1d0168c5e1c,low,expired,US,2023-09-21 00:00:00,CUSTOMER_ONBOARDING_SVC
CUST007023,Ananya Martinez,2004-04-01,e1ca6bdaabf0,high,pending,IN,2021-12-23 00:00:00,CUSTOMER_ONBOARDING_SVC
CUST007024,Omar Zhang,1996-05-20,f668f49cb164,high,expired,DE,2021-10-23 00:00:00,CUSTOMER_ONBOARDING_SVC
CUST007025,Liam Gupta,1966-12-14,482eba656ccb,high,pending,AU,2025-06-02 00:00:00,CUSTOMER_ONBOARDING_SVC
CUST007026,Wei Chen,1969-01-20,c9cc96af5b81,low,verified,AU,2018-05-23 00:00:00,CUSTOMER_ONBOARDING_SVC
CUST007027,Chen Patel,1993-10-08,4decfd964419,low,verified,NG,2021-01-24 00:00:00,CUSTOMER_ONBOARDING_SVC
CUST007028,Rahul Kumar,1997-01-26,cd4641959e9f,medium,pending,NG,2023-06-27 00:00:00,CUSTOMER_ONBOARDING_SVC
CUST007029,James Ivanov,1961-03-22,7aa86b2608d0,low,verified,US,2022-02-25 00:00:00,CUSTOMER_ONBOARDING_SVC
CUST007030,Diego Nair,1990-11-24,c186de7ce821,low,pending,DE,2020-01-02 00:00:00,CUSTOMER_ONBOARDING_SVC
CUST007031,Emma Chen,2005-11-04,070a67cfa91b,medium,,IN,2024-07-09 00:00:00,CUSTOMER_ONBOARDING_SVC
CUST007032,Ivan Gupta,1966-12-09,f3d6127f1a6a,high,verified,SG,2022-11-17 00:00:00,CUSTOMER_ONBOARDING_SVC
CUST007033,Ava Chen,2001-02-07,d21663d7a7c4,low,verified,DE,2019-05-18 00:00:00,CUSTOMER_ONBOARDING_SVC
CUST007034,Noah Khan,1986-01-13,1ca092572322,,verified,SG,2020-09-25 00:00:00,CUSTOMER_ONBOARDING_SVC
CUST007035,Chen Nair,1996-02-23,e33db5a80b8f,high,pending,NG,2019-10-09 00:00:00,CUSTOMER_ONBOARDING_SVC
CUST007036,Pooja Mehta,1970-10-19,abe33c249db0,low,verified,SG,2021-03-17 00:00:00,CUSTOMER_ONBOARDING_SVC
CUST007037,Meera Anderson,1956-02-17,65ab15645e5a,high,pending,RU,2019-02-02 00:00:00,CUSTOMER_ONBOARDING_SVC
CUST007038,Divya Anderson,2001-11-05,606b831892cf,low,expired,DE,2024-08-04 00:00:00,CUSTOMER_ONBOARDING_SVC
CUST007039,James Nair,1984-11-22,2e3b2d894b7a,high,verified,GB,2023-08-07 00:00:00,CUSTOMER_ONBOARDING_SVC
CUST007040,Fatima Smith,1988-01-10,6b8903c34651,medium,pending,IN,2024-03-13 00:00:00,CUSTOMER_ONBOARDING_SVC
CUST007041,Ananya Martinez,1965-03-22,529230389d74,high,pending,AE,2024-02-19 00:00:00,CUSTOMER_ONBOARDING_SVC
CUST007042,Ava Patel,1992-03-02,540fccdcb66e,low,verified,RU,2019-07-30 00:00:00,CUSTOMER_ONBOARDING_SVC
CUST007043,Elena Ivanov,1976-12-02,94bf5893b0b7,high,expired,AU,2024-03-14 00:00:00,CUSTOMER_ONBOARDING_SVC
CUST007044,Omar Tanaka,1975-08-12,41fac6670429,high,expired,AE,2021-08-30 00:00:00,CUSTOMER_ONBOARDING_SVC
CUST007045,Ivan Wilson,1985-06-18,7431505238bd,high,expired,RU,2024-05-17 00:00:00,CUSTOMER_ONBOARDING_SVC
CUST007046,Mei Brown,1986-05-26,0c2f07b287c4,medium,pending,US,2021-11-02 00:00:00,CUSTOMER_ONBOARDING_SVC
CUST007047,Lucia Nair,1958-05-03,2e00f4fb3b28,low,pending,IN,2022-08-28 00:00:00,CUSTOMER_ONBOARDING_SVC
CUST007048,Liam Gupta,1959-01-09,638ddef85bc9,high,expired,NG,2021-01-15 00:00:00,CUSTOMER_ONBOARDING_SVC
CUST007049,Emma Chen,1974-03-30,e0cad43cd4b8,high,pending,DE,2020-03-12 00:00:00,CUSTOMER_ONBOARDING_SVC
CUST007050,James Chen,1965-03-07,f80e81c12452,low,verified,IN,2020-09-25 00:00:00,CUSTOMER_ONBOARDING_SVC
CUST007051,Karan Martinez,1999-03-30,f62e05a4f5f4,,pending,US,2024-09-02 00:00:00,CUSTOMER_ONBOARDING_SVC
CUST007052,Diego Nair,1956-11-01,7e818bf004ba,low,verified,US,2023-08-28 00:00:00,CUSTOMER_ONBOARDING_SVC
CUST007053,Isha Brown,1998-08-13,0bd7c53a799d,low,,SG,2023-11-02 00:00:00,CUSTOMER_ONBOARDING_SVC
CUST007054,Divya Mehta,2000-08-03,97788ff037a4,medium,verified,NG,2022-10-14 00:00:00,CUSTOMER_ONBOARDING_SVC
CUST007055,Mei Johnson,1983-11-16,619ba5131d62,low,verified,US,2023-07-25 00:00:00,CUSTOMER_ONBOARDING_SVC
CUST007056,James Garcia,1989-12-27,1a0f5bee1779,medium,verified,AE,2024-05-09 00:00:00,CUSTOMER_ONBOARDING_SVC
CUST007057,Olivia Sharma,1974-12-01,4c415a2190ac,medium,verified,SG,2021-04-18 00:00:00,CUSTOMER_ONBOARDING_SVC
CUST007058,Pooja Patel,2003-06-03,298accb73285,low,pending,AU,2018-09-28 00:00:00,CUSTOMER_ONBOARDING_SVC
CUST007059,Ethan Miller,1961-06-01,f592188d0e5d,medium,verified,SG,2020-07-08 00:00:00,CUSTOMER_ONBOARDING_SVC
CUST007060,Olivia Khan,1977-05-05,5114f49f278d,low,expired,SG,2026-03-18 00:00:00,CUSTOMER_ONBOARDING_SVC
CUST007061,Diego Anderson,1971-05-09,f0ba59e6819f,low,verified,IN,2023-05-24 00:00:00,CUSTOMER_ONBOARDING_SVC
CUST007062,Rohan Ivanov,1992-02-08,091415863759,medium,pending,CN,2020-03-28 00:00:00,CUSTOMER_ONBOARDING_SVC
CUST007063,Aditya Anderson,1985-06-07,474403a89ea9,low,pending,AE,2023-11-23 00:00:00,CUSTOMER_ONBOARDING_SVC
CUST007064,Noah Sharma,1983-03-05,919ce3d615cb,high,expired,AE,2023-02-02 00:00:00,CUSTOMER_ONBOARDING_SVC
CUST007065,Aditya Al-Sayed,1985-05-01,8be1509f3859,medium,pending,AU,2023-04-24 00:00:00,CUSTOMER_ONBOARDING_SVC
CUST007066,Lucia Martinez,1998-10-01,cbe4a0c9dd04,medium,verified,RU,2024-10-12 00:00:00,CUSTOMER_ONBOARDING_SVC
CUST007067,Mei Singh,1956-03-01,119d16096d1b,medium,verified,US,2025-08-11 00:00:00,CUSTOMER_ONBOARDING_SVC
CUST007068,Riya Sharma,1955-08-10,1f763cc76bde,medium,expired,CN,2018-04-15 00:00:00,CUSTOMER_ONBOARDING_SVC
CUST007069,Sneha Johnson,1956-12-27,800425a03664,low,verified,CN,2025-03-13 00:00:00,CUSTOMER_ONBOARDING_SVC
CUST007069,Sneha Johnson,1956-12-27,800425a03664,low,verified,CN,2025-03-13 00:21:00,CUSTOMER_ONBOARDING_SVC
CUST007070,Omar Johnson,1983-05-15,567fd0e0492c,low,verified,NG,2018-07-18 00:00:00,CUSTOMER_ONBOARDING_SVC
CUST007071,Riya Gupta,1956-12-21,eb897809b554,low,expired,IN,2023-12-03 00:00:00,CUSTOMER_ONBOARDING_SVC
CUST007072,Elena Mehta,1989-05-18,cd1611cbb129,low,verified,CN,2024-10-18 00:00:00,CUSTOMER_ONBOARDING_SVC
CUST007073,Divya Ivanov,1957-06-02,237d07c42ae1,medium,pending,CN,2024-04-29 00:00:00,CUSTOMER_ONBOARDING_SVC
CUST007074,Divya Al-Sayed,2001-09-28,43336db48c2d,low,verified,CA,2022-10-01 00:00:00,CUSTOMER_ONBOARDING_SVC
CUST007075,Mei Nair,2004-11-28,2c6b67e16078,low,,GB,2020-05-22 00:00:00,CUSTOMER_ONBOARDING_SVC
CUST007076,Mei Sharma,1995-02-19,75902fff6ecd,low,verified,US,2021-12-13 00:00:00,CUSTOMER_ONBOARDING_SVC
CUST007077,Nikhil Al-Sayed,1992-07-08,fbb4421a14cf,high,expired,US,2025-02-04 00:00:00,CUSTOMER_ONBOARDING_SVC
CUST007078,Aarav Khan,1992-06-09,1733844491e5,low,,RU,2024-04-13 00:00:00,CUSTOMER_ONBOARDING_SVC
CUST007079,Omar Al-Sayed,1996-04-28,e42fca6f1aec,low,verified,US,2026-03-07 00:00:00,CUSTOMER_ONBOARDING_SVC
CUST007080,Liam Patel,2003-06-23,44db10367e49,medium,verified,NG,2024-03-28 00:00:00,CUSTOMER_ONBOARDING_SVC
CUST007081,Elena Nair,1982-07-19,9e052a25925c,medium,verified,IN,2019-01-12 00:00:00,CUSTOMER_ONBOARDING_SVC
CUST007082,Priya Zhang,1992-09-01,14972a6b02a0,low,expired,GB,2019-10-05 00:00:00,CUSTOMER_ONBOARDING_SVC
CUST007083,Karan Garcia,1975-09-10,8481269f4061,low,expired,DE,2021-04-29 00:00:00,CUSTOMER_ONBOARDING_SVC
CUST007084,Ethan Gupta,2000-06-26,8f387823cefb,low,verified,AE,2019-01-27 00:00:00,CUSTOMER_ONBOARDING_SVC
CUST007085,Chen Lopez,1984-03-11,912062eee937,low,verified,SG,2023-01-08 00:00:00,CUSTOMER_ONBOARDING_SVC
CUST007086,Ethan Zhang,1961-06-14,fae672a46070,medium,verified,GB,2020-02-13 00:00:00,CUSTOMER_ONBOARDING_SVC
CUST007087,Riya Gupta,1998-07-05,bc566558383a,low,verified,RU,2024-05-18 00:00:00,CUSTOMER_ONBOARDING_SVC
CUST007088,Meera Mehta,1995-08-17,ce1ec452f1c6,low,verified,AU,2025-05-13 00:00:00,CUSTOMER_ONBOARDING_SVC
CUST007089,Layla Lopez,1960-04-23,e8c6d43a0d34,low,pending,CA,2025-08-09 00:00:00,CUSTOMER_ONBOARDING_SVC
CUST007090,Divya Sharma,1980-10-08,4f50cb61810a,low,pending,NG,2019-03-24 00:00:00,CUSTOMER_ONBOARDING_SVC
CUST007091,Lucia Brown,1967-07-08,f9b9c0d3fb3f,medium,pending,AE,2020-09-19 00:00:00,CUSTOMER_ONBOARDING_SVC
CUST007092,Liam Gupta,1994-09-04,8c539201fd86,low,pending,US,2024-02-17 00:00:00,CUSTOMER_ONBOARDING_SVC
CUST007093,Emma Zhang,1990-07-12,8d8dd04b98f2,low,pending,AE,2024-10-01 00:00:00,CUSTOMER_ONBOARDING_SVC
CUST007094,Hassan Patel,2003-01-06,2d9812867255,medium,verified,AU,2022-11-21 00:00:00,CUSTOMER_ONBOARDING_SVC
CUST007095,Karan Tanaka,1983-08-18,8dbd18a4748f,high,verified,GB,2021-09-10 00:00:00,CUSTOMER_ONBOARDING_SVC
CUST007096,Aarav Sharma,1964-12-11,0d1a3557e4d1,low,verified,GB,2018-05-19 00:00:00,CUSTOMER_ONBOARDING_SVC
CUST007097,Ananya Singh,1966-04-18,fc1e558396e7,medium,verified,DE,2023-07-04 00:00:00,CUSTOMER_ONBOARDING_SVC
CUST007098,Nikhil Zhang,1993-05-05,d37961baf06f,,expired,AU,2025-05-10 00:00:00,CUSTOMER_ONBOARDING_SVC
CUST007099,Amelia Wilson,1998-11-27,588359f020b5,medium,verified,NG,2019-08-28 00:00:00,CUSTOMER_ONBOARDING_SVC
CUST007100,Ethan Garcia,1956-01-05,a7fe33f2f271,medium,verified,GB,2022-03-16 00:00:00,CUSTOMER_ONBOARDING_SVC
CUST007101,Hassan Singh,1963-10-01,119eaba80c86,low,pending,CA,2023-06-05 00:00:00,CUSTOMER_ONBOARDING_SVC
CUST007102,Wei Lopez,1976-11-12,8050916a0da0,medium,verified,CN,2019-08-07 00:00:00,CUSTOMER_ONBOARDING_SVC
CUST007103,Priya Zhang,1994-11-23,cc2a4ac1e802,low,verified,SG,2022-07-02 00:00:00,CUSTOMER_ONBOARDING_SVC
CUST007104,Chen Mehta,2002-10-30,43b395dbdbcc,low,expired,US,2026-01-15 00:00:00,CUSTOMER_ONBOARDING_SVC
CUST007105,Omar Davis,1988-02-23,5281c7c48ca0,medium,verified,CN,2020-06-27 00:00:00,CUSTOMER_ONBOARDING_SVC
CUST007106,Yuki Johnson,1967-01-01,a0dbffb435fe,low,verified,CN,2020-11-07 00:00:00,CUSTOMER_ONBOARDING_SVC
CUST007107,James Gupta,1969-01-08,b17688197d38,low,verified,,2022-08-04 00:00:00,CUSTOMER_ONBOARDING_SVC
CUST007108,Priya Garcia,1985-04-05,41eca8da7270,medium,expired,GB,2025-05-09 00:00:00,CUSTOMER_ONBOARDING_SVC
CUST007109,Rohan Anderson,1999-10-16,d59347d274b5,high,pending,DE,2021-07-22 00:00:00,CUSTOMER_ONBOARDING_SVC
CUST007110,Olivia Brown,1966-02-27,3e3dea2ff5a0,medium,verified,CA,2018-04-06 00:00:00,CUSTOMER_ONBOARDING_SVC
CUST007111,Rahul Reddy,1982-03-20,efc9e91ba7b3,low,verified,DE,2023-05-06 00:00:00,CUSTOMER_ONBOARDING_SVC
CUST007112,Meera Patel,1956-02-21,12c51551721e,medium,verified,CN,2023-01-01 00:00:00,CUSTOMER_ONBOARDING_SVC
CUST007113,Ethan Wilson,1973-07-16,e4b12d06aa98,low,verified,US,2021-05-11 00:00:00,CUSTOMER_ONBOARDING_SVC
CUST007114,Lucas Ivanov,1975-10-21,90fccb1915f9,high,expired,CN,2022-06-14 00:00:00,CUSTOMER_ONBOARDING_SVC
CUST007115,Amelia Kumar,1955-06-21,bf31c70fee0d,low,expired,CN,2020-12-04 00:00:00,CUSTOMER_ONBOARDING_SVC
CUST007116,James Patel,1986-04-11,215415a64629,medium,expired,GB,2018-05-05 00:00:00,CUSTOMER_ONBOARDING_SVC
CUST007117,Divya Singh,1988-06-21,01b2a14e1364,low,verified,SG,2022-10-23 00:00:00,CUSTOMER_ONBOARDING_SVC
CUST007118,Aditya Miller,1978-03-08,674274d62e85,medium,verified,CN,2025-08-22 00:00:00,CUSTOMER_ONBOARDING_SVC
CUST007119,Nikhil Nair,1976-03-27,395c28adbc5d,low,verified,NG,2024-07-16 00:00:00,CUSTOMER_ONBOARDING_SVC
CUST007120,Rohan Khan,1973-02-05,0ce2421b847e,low,verified,DE,2025-08-01 00:00:00,CUSTOMER_ONBOARDING_SVC
CUST007121,Chen Chen,1983-02-12,925c068e13db,low,verified,NG,2018-11-30 00:00:00,CUSTOMER_ONBOARDING_SVC
CUST007122,Priya Miller,1998-08-23,d946e5d6afaa,medium,expired,CA,2020-07-31 00:00:00,CUSTOMER_ONBOARDING_SVC
CUST007123,Olivia Chen,1965-12-12,f85979aa74bb,low,verified,DE,2019-04-19 00:00:00,CUSTOMER_ONBOARDING_SVC
CUST007124,Aditya Wilson,1955-11-15,b397c04e66ac,medium,verified,GB,2018-01-14 00:00:00,CUSTOMER_ONBOARDING_SVC
CUST007125,James Sharma,1997-12-06,580ae6314633,high,pending,AU,2022-09-30 00:00:00,CUSTOMER_ONBOARDING_SVC
CUST007126,Lucas Miller,1986-09-13,bc0e276b3fda,low,expired,GB,2020-04-05 00:00:00,CUSTOMER_ONBOARDING_SVC
CUST007127,Olivia Chen,1957-04-03,08756c091d96,low,verified,DE,2020-03-01 00:00:00,CUSTOMER_ONBOARDING_SVC
CUST007128,Elena Davis,1962-02-07,76bacd94d2d8,low,verified,GB,2021-01-11 00:00:00,CUSTOMER_ONBOARDING_SVC
CUST007129,Elena Anderson,1956-03-29,02c7943b955a,medium,verified,NG,2019-12-20 00:00:00,CUSTOMER_ONBOARDING_SVC
CUST007130,Sophia Singh,1955-01-31,d7098437a7f2,medium,pending,CN,2024-12-06 00:00:00,CUSTOMER_ONBOARDING_SVC
CUST007131,Yuki Zhang,1955-12-10,7467b5a101d0,medium,verified,IN,2021-03-18 00:00:00,CUSTOMER_ONBOARDING_SVC
CUST007132,Arjun Ivanov,1956-09-25,8b871a0879f9,medium,verified,NG,2024-04-20 00:00:00,CUSTOMER_ONBOARDING_SVC
CUST007133,Aditya Anderson,1961-08-18,122173a0db21,low,verified,DE,2018-05-25 00:00:00,CUSTOMER_ONBOARDING_SVC
CUST007134,Arjun Chen,1956-12-18,1ad280a7e8b5,high,verified,NG,2018-07-05 00:00:00,CUSTOMER_ONBOARDING_SVC
CUST007135,Hassan Khan,1962-09-04,3c24d4a8ce2d,medium,verified,GB,2024-09-28 00:00:00,CUSTOMER_ONBOARDING_SVC
CUST007136,James Chen,1989-11-26,c6139322cb3e,low,verified,GB,2024-12-16 00:00:00,CUSTOMER_ONBOARDING_SVC
CUST007137,Layla Nair,1983-12-09,761dc13d83bd,medium,expired,RU,2023-05-24 00:00:00,CUSTOMER_ONBOARDING_SVC
CUST007138,Noah Miller,1978-12-26,ec2f048068b9,medium,verified,CN,2019-04-07 00:00:00,CUSTOMER_ONBOARDING_SVC
CUST007139,Layla Al-Sayed,1971-02-09,17228624fadb,medium,pending,RU,2023-03-12 00:00:00,CUSTOMER_ONBOARDING_SVC
CUST007140,Elena Miller,1973-02-24,8fc95c72a00b,high,expired,CA,2023-03-21 00:00:00,CUSTOMER_ONBOARDING_SVC
CUST007141,Rahul Ivanov,1983-12-03,d690abcd08b6,high,expired,NG,2026-04-15 00:00:00,CUSTOMER_ONBOARDING_SVC
CUST007142,Lucas Nair,1982-04-14,59c3b47cc5b7,medium,expired,AU,2023-11-24 00:00:00,CUSTOMER_ONBOARDING_SVC
CUST007143,Omar Sharma,1959-08-13,9fdc5932b0dd,low,verified,US,2021-09-12 00:00:00,CUSTOMER_ONBOARDING_SVC
CUST007144,Lucas Johnson,1955-06-07,6a7e18adadf2,low,verified,US,2019-10-05 00:00:00,CUSTOMER_ONBOARDING_SVC
CUST007145,Wei Anderson,1956-12-03,f913be3d9efd,medium,verified,NG,2025-10-20 00:00:00,CUSTOMER_ONBOARDING_SVC
CUST007146,Riya Khan,1971-03-03,d54d709ec547,medium,verified,NG,2022-12-15 00:00:00,CUSTOMER_ONBOARDING_SVC
CUST007147,Aarav Lopez,1997-04-16,77d6b16f85c8,high,expired,US,2026-03-08 00:00:00,CUSTOMER_ONBOARDING_SVC
CUST007148,Layla Zhang,1984-03-28,9c157bc2f203,high,verified,IN,2022-11-26 00:00:00,CUSTOMER_ONBOARDING_SVC
CUST007149,Riya Gupta,1993-09-09,808e7d1286ca,high,verified,AE,2023-07-02 00:00:00,CUSTOMER_ONBOARDING_SVC
CUST007150,Sneha Singh,1997-10-04,c73bd6c7bfc1,low,verified,RU,2020-05-26 00:00:00,CUSTOMER_ONBOARDING_SVC
CUST007151,Lucia Reddy,1965-03-09,ff18f6d6889c,low,verified,CN,2022-06-04 00:00:00,CUSTOMER_ONBOARDING_SVC
CUST007152,Nikhil Anderson,1966-07-03,a46c8acb43d3,medium,verified,RU,2025-05-28 00:00:00,CUSTOMER_ONBOARDING_SVC
CUST007153,Ava Anderson,1976-12-04,4cfbd51fca16,low,pending,DE,2021-08-04 00:00:00,CUSTOMER_ONBOARDING_SVC
CUST007154,Amelia Gupta,1968-08-28,b1ee704a8a5b,high,expired,GB,2024-07-09 00:00:00,CUSTOMER_ONBOARDING_SVC
CUST007155,Nikhil Martinez,1995-03-26,8efd3fc6a3d6,low,pending,IN,2021-02-09 00:00:00,CUSTOMER_ONBOARDING_SVC
CUST007156,Isha Gupta,1957-06-03,b3568c67ac69,low,verified,NG,2018-02-08 00:00:00,CUSTOMER_ONBOARDING_SVC
CUST007157,Mason Sharma,1972-07-15,5955f54f6bd4,low,verified,RU,2018-10-20 00:00:00,CUSTOMER_ONBOARDING_SVC
CUST007158,Rohan Mehta,1974-07-09,73ea0269d467,medium,verified,RU,2020-04-06 00:00:00,CUSTOMER_ONBOARDING_SVC
CUST007159,Ivan Chen,1962-04-14,23c77dd8a4b4,high,verified,SG,2025-09-20 00:00:00,CUSTOMER_ONBOARDING_SVC
CUST007160,Diego Gupta,1956-11-20,944b239cb8bf,medium,verified,SG,2022-04-16 00:00:00,CUSTOMER_ONBOARDING_SVC
CUST007161,Priya Martinez,1976-05-15,23ba85adbd9f,low,verified,IN,2019-03-05 00:00:00,CUSTOMER_ONBOARDING_SVC
CUST007162,Ananya Brown,1975-05-09,8f11b6edb451,medium,verified,AU,2020-06-26 00:00:00,CUSTOMER_ONBOARDING_SVC
CUST007163,Amelia Garcia,1956-03-03,c71ed565dbf2,low,expired,IN,2019-04-29 00:00:00,CUSTOMER_ONBOARDING_SVC
CUST007164,Lucas Johnson,1960-08-05,447d5ed64e4e,high,verified,SG,2020-10-08 00:00:00,CUSTOMER_ONBOARDING_SVC
CUST007165,Elena Martinez,1973-03-15,087b7025e0d9,medium,expired,US,2021-03-09 00:00:00,CUSTOMER_ONBOARDING_SVC
CUST007166,Mia Singh,1965-01-24,e37c60186bdf,medium,verified,CN,2025-07-18 00:00:00,CUSTOMER_ONBOARDING_SVC
CUST007167,Rahul Davis,2004-01-10,24a2fd28ed32,medium,pending,NG,2026-01-15 00:00:00,CUSTOMER_ONBOARDING_SVC
CUST007168,Aditya Anderson,1989-12-10,7d7823c80353,medium,pending,DE,2024-02-29 00:00:00,CUSTOMER_ONBOARDING_SVC
CUST007169,Arjun Kumar,1956-06-15,4e928d9cfd6e,medium,expired,NG,2026-02-26 00:00:00,CUSTOMER_ONBOARDING_SVC
CUST007170,Fatima Gupta,1999-09-18,914b618658ad,medium,verified,AE,2024-06-19 00:00:00,CUSTOMER_ONBOARDING_SVC
CUST007171,Priya Brown,1991-06-10,923fefa1a3ee,low,pending,DE,2023-08-21 00:00:00,CUSTOMER_ONBOARDING_SVC
CUST007172,Noah Miller,1970-10-31,75b92f6a36b4,high,expired,SG,2024-12-19 00:00:00,CUSTOMER_ONBOARDING_SVC
CUST007173,Aditya Miller,1955-10-22,9c18d4b26fc2,low,pending,US,2018-03-09 00:00:00,CUSTOMER_ONBOARDING_SVC
CUST007174,Aarav Sharma,2005-08-04,25f56f6625bc,,verified,US,2026-01-22 00:00:00,CUSTOMER_ONBOARDING_SVC
CUST007175,Rohan Miller,1992-07-17,da818ea719e4,medium,verified,GB,2019-08-11 00:00:00,CUSTOMER_ONBOARDING_SVC
CUST007176,Sophia Martinez,1984-11-26,3668679f5b1c,low,verified,AE,2020-12-12 00:00:00,CUSTOMER_ONBOARDING_SVC
CUST007177,Isha Smith,1980-05-24,53f1d6e76e1a,high,verified,CA,2019-09-03 00:00:00,CUSTOMER_ONBOARDING_SVC
CUST007178,Mei Tanaka,1993-06-13,5dea1247392b,low,expired,GB,2021-08-28 00:00:00,CUSTOMER_ONBOARDING_SVC
CUST007179,Divya Miller,1973-04-11,1e14ad25c718,high,expired,IN,2020-01-27 00:00:00,CUSTOMER_ONBOARDING_SVC
CUST007180,Elena Tanaka,1982-03-07,ab8b5fe6ee93,high,pending,NG,2019-03-07 00:00:00,CUSTOMER_ONBOARDING_SVC
CUST007181,Omar Anderson,2000-01-19,c09d474100fa,high,expired,CN,2018-02-12 00:00:00,CUSTOMER_ONBOARDING_SVC
CUST007182,Rahul Khan,1986-05-05,1ef1ce387a01,low,verified,CN,2019-09-03 00:00:00,CUSTOMER_ONBOARDING_SVC
CUST007183,Omar Lopez,1981-01-02,9f3c0fb17a03,high,pending,IN,2019-10-25 00:00:00,CUSTOMER_ONBOARDING_SVC
CUST007184,Noah Mehta,1988-11-01,ad0ab98a1e52,high,verified,GB,2023-07-22 00:00:00,CUSTOMER_ONBOARDING_SVC
CUST007185,Ava Al-Sayed,1994-01-25,19f33843bccc,medium,verified,IN,2018-10-17 00:00:00,CUSTOMER_ONBOARDING_SVC
CUST007186,Omar Anderson,2002-12-24,b87442e8e763,medium,verified,AU,2026-01-20 00:00:00,CUSTOMER_ONBOARDING_SVC
CUST007187,Fatima Tanaka,1967-07-23,ae0d1ddb0572,low,verified,GB,2019-10-19 00:00:00,CUSTOMER_ONBOARDING_SVC
CUST007188,Olivia Miller,1963-03-07,4573f81a5295,medium,verified,US,2023-03-02 00:00:00,CUSTOMER_ONBOARDING_SVC
CUST007189,Vikram Khan,1994-07-28,c0ef58237b0a,low,expired,US,2018-02-12 00:00:00,CUSTOMER_ONBOARDING_SVC
CUST007190,Sophia Nair,1965-11-29,069f4d332296,low,verified,DE,2020-11-21 00:00:00,CUSTOMER_ONBOARDING_SVC
CUST007191,Pooja Singh,1968-07-23,d8d21c80e189,high,expired,AE,2019-01-23 00:00:00,CUSTOMER_ONBOARDING_SVC
CUST007192,Ivan Kumar,1990-04-10,07701a7783bf,low,verified,SG,2019-03-21 00:00:00,CUSTOMER_ONBOARDING_SVC
CUST007193,Fatima Khan,1961-05-08,ad2fc6d0df98,low,verified,SG,2022-09-21 00:00:00,CUSTOMER_ONBOARDING_SVC
CUST007194,Ava Anderson,1981-05-28,5246b1f0744c,low,verified,GB,2021-11-22 00:00:00,CUSTOMER_ONBOARDING_SVC
CUST007195,Mei Smith,2003-01-10,8ccf361f9342,medium,verified,CN,2024-12-18 00:00:00,CUSTOMER_ONBOARDING_SVC
CUST007196,Liam Lopez,1969-07-23,aa865569b9b9,low,expired,CA,2025-07-10 00:00:00,CUSTOMER_ONBOARDING_SVC
CUST007197,Yuki Johnson,1987-10-25,1566751619df,low,verified,NG,2024-12-22 00:00:00,CUSTOMER_ONBOARDING_SVC
CUST007198,Nikhil Smith,2004-07-11,c8d8a26cddf6,low,expired,SG,2020-02-06 00:00:00,CUSTOMER_ONBOARDING_SVC
CUST007199,Lucas Ivanov,1985-11-28,f810511ebd11,medium,expired,CA,2022-11-07 00:00:00,CUSTOMER_ONBOARDING_SVC
CUST007200,Olivia Al-Sayed,1991-06-21,1de0f4c22f70,low,pending,CA,2023-10-28 00:00:00,CUSTOMER_ONBOARDING_SVC
CUST007201,Vikram Nair,1984-01-17,7d16b24efb9d,low,pending,US,2026-05-13 00:00:00,CUSTOMER_ONBOARDING_SVC
CUST007202,Pooja Khan,1956-02-07,27781d0673a0,low,expired,DE,2022-11-10 00:00:00,CUSTOMER_ONBOARDING_SVC
CUST007203,Isha Tanaka,1982-12-07,959aebc165a9,low,pending,CN,2021-12-23 00:00:00,CUSTOMER_ONBOARDING_SVC
CUST007204,Noah Singh,1980-08-02,06d964c0550c,medium,verified,US,2023-12-05 00:00:00,CUSTOMER_ONBOARDING_SVC
CUST007205,Pooja Lopez,1993-09-21,f1054a572654,low,verified,RU,2018-05-04 00:00:00,CUSTOMER_ONBOARDING_SVC
CUST007206,Elena Martinez,1996-02-15,0ac49ba8d69b,high,verified,AU,2023-07-24 00:00:00,CUSTOMER_ONBOARDING_SVC
CUST007207,Mei Miller,1978-08-19,0bc80dcaeaa1,medium,pending,US,2018-06-08 00:00:00,CUSTOMER_ONBOARDING_SVC
CUST007208,Meera Miller,1957-08-03,bb2aff5881c9,low,verified,GB,2021-08-26 00:00:00,CUSTOMER_ONBOARDING_SVC
CUST007209,Lucia Miller,1998-07-29,203d3f210094,high,verified,RU,2020-02-20 00:00:00,CUSTOMER_ONBOARDING_SVC
CUST007210,Ava Khan,1966-08-11,901d451b9cc7,medium,verified,AE,2025-05-16 00:00:00,CUSTOMER_ONBOARDING_SVC
CUST007211,Elena Martinez,1979-12-08,568a04997a81,high,verified,AE,2021-11-14 00:00:00,CUSTOMER_ONBOARDING_SVC
CUST007212,Aarav Garcia,1978-09-08,eafb667dc915,low,verified,SG,2023-07-06 00:00:00,CUSTOMER_ONBOARDING_SVC
CUST007213,Omar Tanaka,1955-05-29,c06dab83b032,low,expired,AE,2025-01-04 00:00:00,CUSTOMER_ONBOARDING_SVC
CUST007214,Riya Mehta,1978-03-28,c7a9fc3e653d,medium,pending,DE,2018-07-16 00:00:00,CUSTOMER_ONBOARDING_SVC
CUST007215,Rohan Ivanov,2004-04-26,dba41a14e72a,medium,verified,NG,2019-12-23 00:00:00,CUSTOMER_ONBOARDING_SVC
CUST007216,Isha Garcia,1959-03-05,daf40a9f76d3,medium,verified,GB,2022-12-08 00:00:00,CUSTOMER_ONBOARDING_SVC
CUST007217,Vikram Davis,1968-08-11,7c2b8ef4393b,low,verified,NG,2018-02-13 00:00:00,CUSTOMER_ONBOARDING_SVC
CUST007218,Pooja Kumar,1996-08-11,f3766f051c70,high,verified,CA,2021-04-27 00:00:00,CUSTOMER_ONBOARDING_SVC
CUST007219,Aditya Tanaka,2005-02-06,24511daf9f6b,low,verified,NG,2023-04-11 00:00:00,CUSTOMER_ONBOARDING_SVC
CUST007220,Lucas Brown,1984-09-28,9813a32b19f2,low,expired,IN,2024-02-15 00:00:00,CUSTOMER_ONBOARDING_SVC
CUST007221,Sneha Garcia,1978-08-23,f5f68e3a0753,medium,pending,RU,2024-03-02 00:00:00,CUSTOMER_ONBOARDING_SVC
CUST007222,Pooja Reddy,1981-07-29,6baf6e2937a1,medium,expired,NG,2021-11-13 00:00:00,CUSTOMER_ONBOARDING_SVC
CUST007223,Omar Singh,1998-01-16,abb851f2efd0,low,expired,AU,2018-12-23 00:00:00,CUSTOMER_ONBOARDING_SVC
CUST007224,Emma Patel,1973-03-15,7c085e17e994,medium,pending,AE,2020-11-18 00:00:00,CUSTOMER_ONBOARDING_SVC
CUST007225,Riya Nair,1994-09-19,d78cea83cec1,low,verified,DE,2024-02-01 00:00:00,CUSTOMER_ONBOARDING_SVC
CUST007226,Layla Davis,2002-02-04,fa6e2786f3ea,low,expired,CA,2019-01-22 00:00:00,CUSTOMER_ONBOARDING_SVC
CUST007227,Karan Zhang,1991-07-21,67e6d1c43b97,medium,pending,US,2026-01-03 00:00:00,CUSTOMER_ONBOARDING_SVC
CUST007228,Riya Mehta,1988-11-23,906b83b1b1ce,low,expired,SG,2022-04-03 00:00:00,CUSTOMER_ONBOARDING_SVC
CUST007229,Rohan Reddy,1955-10-16,3fbacc84ae53,high,expired,CA,2022-06-23 00:00:00,CUSTOMER_ONBOARDING_SVC
CUST007230,Olivia Reddy,2000-05-15,688434f47b21,low,pending,RU,2021-07-06 00:00:00,CUSTOMER_ONBOARDING_SVC
CUST007231,Ananya Khan,1978-04-04,2b46ef0d5e08,low,pending,IN,2022-09-28 00:00:00,CUSTOMER_ONBOARDING_SVC
CUST007232,Ethan Johnson,1961-05-24,3a9f1a2ff527,low,verified,DE,2019-06-20 00:00:00,CUSTOMER_ONBOARDING_SVC
CUST007233,Isha Anderson,1992-03-16,45edf0ce9d41,medium,verified,AU,2025-08-04 00:00:00,CUSTOMER_ONBOARDING_SVC
CUST007234,Elena Smith,1968-05-16,2c498696bcc1,medium,verified,RU,2025-03-25 00:00:00,CUSTOMER_ONBOARDING_SVC
CUST007235,Fatima Patel,1955-07-25,c6c46171052a,high,verified,CN,2020-01-12 00:00:00,CUSTOMER_ONBOARDING_SVC
CUST007236,Layla Sharma,1991-11-08,50c4467129fc,low,verified,RU,2018-10-14 00:00:00,CUSTOMER_ONBOARDING_SVC
CUST007237,Olivia Ivanov,1984-02-12,35c04e4d0830,high,expired,AE,2026-03-27 00:00:00,CUSTOMER_ONBOARDING_SVC
CUST007238,Mason Brown,1968-01-30,635da8995788,low,expired,CA,2023-06-01 00:00:00,CUSTOMER_ONBOARDING_SVC
CUST007239,Sophia Davis,1971-05-11,dcd53883f7ad,low,,AE,2025-08-29 00:00:00,CUSTOMER_ONBOARDING_SVC
CUST007240,Mia Brown,2000-06-12,a14bdc866524,low,verified,DE,2019-02-15 00:00:00,CUSTOMER_ONBOARDING_SVC
CUST007241,Rohan Kumar,1997-05-21,dc82b738ffa7,high,expired,CA,2020-01-16 00:00:00,CUSTOMER_ONBOARDING_SVC
CUST007242,Liam Ivanov,1998-02-13,6e35f1dbe241,medium,verified,DE,2019-03-15 00:00:00,CUSTOMER_ONBOARDING_SVC
CUST007243,Olivia Mehta,1994-11-01,3c2843de7493,high,pending,IN,2022-06-04 00:00:00,CUSTOMER_ONBOARDING_SVC
CUST007244,Karan Al-Sayed,1981-11-27,af8a90f7c137,high,pending,NG,2023-03-17 00:00:00,CUSTOMER_ONBOARDING_SVC
CUST007245,Ethan Martinez,1957-02-08,e75605b80258,low,verified,DE,2022-12-23 00:00:00,CUSTOMER_ONBOARDING_SVC
CUST007246,James Khan,1989-04-29,931c7a3ce98f,high,verified,CA,2022-01-09 00:00:00,CUSTOMER_ONBOARDING_SVC
CUST007247,Olivia Chen,2002-10-11,1aa1f7c4c61a,low,expired,US,2018-08-31 00:00:00,CUSTOMER_ONBOARDING_SVC
CUST007248,Riya Chen,1960-05-25,80b18e0955ed,high,verified,US,2021-03-19 00:00:00,CUSTOMER_ONBOARDING_SVC
CUST007249,Rahul Sharma,1983-04-18,da052988ecd6,medium,expired,CA,2018-08-14 00:00:00,CUSTOMER_ONBOARDING_SVC
CUST007250,Vikram Chen,1955-10-20,8a5e52a48f26,medium,pending,NG,2022-08-18 00:00:00,CUSTOMER_ONBOARDING_SVC
CUST007251,Aditya Sharma,1961-01-08,cf787c3be745,low,pending,AU,2022-06-22 00:00:00,CUSTOMER_ONBOARDING_SVC
CUST007252,Amelia Mehta,1994-03-18,7194ecaa5c46,medium,expired,AE,2018-12-02 00:00:00,CUSTOMER_ONBOARDING_SVC
CUST007253,Amelia Garcia,1969-07-19,773e94b9f62e,low,expired,CA,2023-03-22 00:00:00,CUSTOMER_ONBOARDING_SVC
CUST007254,James Khan,1982-04-19,711a1fd7b774,medium,verified,US,2023-03-16 00:00:00,CUSTOMER_ONBOARDING_SVC
CUST007255,Yuki Patel,1980-12-18,4a611e3f68e8,low,expired,RU,2022-07-26 00:00:00,CUSTOMER_ONBOARDING_SVC
CUST007256,Emma Singh,1966-02-05,ebca63a6f4fd,medium,verified,NG,2020-12-12 00:00:00,CUSTOMER_ONBOARDING_SVC
CUST007257,Ivan Khan,1993-07-04,cb7a97e5edd3,low,verified,AE,2020-03-30 00:00:00,CUSTOMER_ONBOARDING_SVC
CUST007258,Chen Wilson,1961-07-22,93a15deba8dd,low,pending,IN,2020-05-20 00:00:00,CUSTOMER_ONBOARDING_SVC
CUST007259,Riya Anderson,1989-09-30,948eae0a3644,low,verified,DE,2023-06-01 00:00:00,CUSTOMER_ONBOARDING_SVC
CUST007260,Lucia Sharma,1970-07-12,9bc1999f2e95,low,expired,AE,2023-05-25 00:00:00,CUSTOMER_ONBOARDING_SVC
CUST007261,Mei Chen,1983-08-23,8c91489de1a3,,verified,AU,2018-01-04 00:00:00,CUSTOMER_ONBOARDING_SVC
CUST007262,Rahul Kumar,1993-07-11,255c6e42c345,low,verified,GB,2023-06-30 00:00:00,CUSTOMER_ONBOARDING_SVC
CUST007263,Hassan Zhang,1998-10-14,bf4c9fd9520b,low,verified,CN,2018-08-03 00:00:00,CUSTOMER_ONBOARDING_SVC
CUST007264,Riya Miller,1982-06-05,be49b8e958b0,medium,verified,IN,2020-03-10 00:00:00,CUSTOMER_ONBOARDING_SVC
CUST007265,Riya Martinez,1956-08-06,eef998f5485b,low,expired,GB,2024-01-05 00:00:00,CUSTOMER_ONBOARDING_SVC
CUST007266,Emma Zhang,1969-02-03,c1812cf840d4,medium,verified,NG,2023-06-25 00:00:00,CUSTOMER_ONBOARDING_SVC
CUST007267,Rohan Chen,1959-09-06,a1cb4ebde7a4,medium,verified,AU,2018-12-07 00:00:00,CUSTOMER_ONBOARDING_SVC
CUST007268,Mei Al-Sayed,1973-06-10,ebcfcb558c8e,medium,verified,DE,2020-10-04 00:00:00,CUSTOMER_ONBOARDING_SVC
CUST007269,Divya Chen,2004-07-18,228275081ec6,low,pending,IN,2023-02-10 00:00:00,CUSTOMER_ONBOARDING_SVC
CUST007270,Pooja Khan,1990-06-23,3808c40cd53c,low,verified,CA,2018-10-07 00:00:00,CUSTOMER_ONBOARDING_SVC
CUST007271,Emma Brown,2003-10-17,218256cec272,low,verified,AE,2020-11-26 00:00:00,CUSTOMER_ONBOARDING_SVC
CUST007272,Emma Smith,1994-04-15,83853393d23a,low,expired,AU,2021-11-17 00:00:00,CUSTOMER_ONBOARDING_SVC
CUST007273,Arjun Khan,1963-01-22,9d48289a4b29,medium,verified,IN,2021-03-02 00:00:00,CUSTOMER_ONBOARDING_SVC
CUST007274,Isha Garcia,1989-03-12,07be12462825,,verified,AU,2023-12-27 00:00:00,CUSTOMER_ONBOARDING_SVC
CUST007275,Mia Garcia,2002-03-13,71672531639b,low,verified,SG,2022-06-22 00:00:00,CUSTOMER_ONBOARDING_SVC
CUST007276,Sophia Anderson,2003-10-16,de0485ca2219,low,verified,US,2025-08-07 00:00:00,CUSTOMER_ONBOARDING_SVC
CUST007277,Wei Tanaka,1971-09-01,0f7189c3a0ae,low,,AU,2025-03-04 00:00:00,CUSTOMER_ONBOARDING_SVC
CUST007278,Pooja Anderson,1957-03-09,d29dcd5adb0c,medium,verified,IN,2026-03-23 00:00:00,CUSTOMER_ONBOARDING_SVC
CUST007279,Riya Davis,1965-03-26,30419f77193d,medium,expired,RU,2018-02-24 00:00:00,CUSTOMER_ONBOARDING_SVC
CUST007280,Vikram Martinez,1989-05-25,9d244066f258,high,verified,US,2020-03-21 00:00:00,CUSTOMER_ONBOARDING_SVC
CUST007281,Ananya Davis,1958-10-07,bf87c6c82ef2,low,pending,NG,2018-05-08 00:00:00,CUSTOMER_ONBOARDING_SVC
CUST007282,Rahul Sharma,1973-08-20,2466ce3e473b,medium,pending,RU,2021-09-15 00:00:00,CUSTOMER_ONBOARDING_SVC
CUST007283,Sneha Khan,1984-05-22,5344c9dd3417,low,verified,SG,2025-05-29 00:00:00,CUSTOMER_ONBOARDING_SVC
CUST007284,Ivan Sharma,1984-02-22,f98736eb4c9c,medium,expired,IN,2020-02-06 00:00:00,CUSTOMER_ONBOARDING_SVC
CUST007285,James Nair,1972-08-28,f1e292469aa0,medium,verified,AU,2020-11-21 00:00:00,CUSTOMER_ONBOARDING_SVC
CUST007286,Isha Khan,1972-11-11,323c53779d44,low,verified,GB,2018-01-30 00:00:00,CUSTOMER_ONBOARDING_SVC
CUST007287,Pooja Miller,1961-07-20,d78a6938be4d,low,verified,AU,2020-09-05 00:00:00,CUSTOMER_ONBOARDING_SVC
CUST007288,James Al-Sayed,1998-05-19,8e92b004f7fd,low,verified,AU,2025-05-06 00:00:00,CUSTOMER_ONBOARDING_SVC
CUST007289,Fatima Kumar,1957-10-01,a31df4bdd9e1,,expired,US,2026-04-28 00:00:00,CUSTOMER_ONBOARDING_SVC
CUST007290,Lucas Tanaka,1982-05-11,be04fb2ad7ed,low,verified,NG,2021-10-22 00:00:00,CUSTOMER_ONBOARDING_SVC
CUST007291,Lucia Wilson,1974-08-28,703be0983789,low,verified,GB,2023-02-10 00:00:00,CUSTOMER_ONBOARDING_SVC
CUST007292,Aditya Ivanov,1962-06-29,6663b3995ada,medium,verified,DE,2020-04-18 00:00:00,CUSTOMER_ONBOARDING_SVC
CUST007293,Sneha Mehta,1988-07-22,349f1318dd0a,low,pending,AE,2019-02-04 00:00:00,CUSTOMER_ONBOARDING_SVC
CUST007294,Liam Garcia,1995-06-18,1988a69c2547,low,pending,AU,2025-01-04 00:00:00,CUSTOMER_ONBOARDING_SVC
CUST007295,Riya Smith,1966-04-10,c6588d6349e4,low,verified,AU,2022-11-09 00:00:00,CUSTOMER_ONBOARDING_SVC
CUST007296,Mei Lopez,1995-05-26,2b771a257c0d,high,expired,CN,2019-07-07 00:00:00,CUSTOMER_ONBOARDING_SVC
CUST007297,Priya Martinez,1984-08-19,d71f9bb3d180,low,verified,CA,2018-11-29 00:00:00,CUSTOMER_ONBOARDING_SVC
CUST007298,James Sharma,1992-01-15,69af0150bdbe,medium,pending,RU,2021-12-12 00:00:00,CUSTOMER_ONBOARDING_SVC
CUST007299,Emma Ivanov,2002-01-02,3f01a6dd1995,low,pending,SG,2025-05-24 00:00:00,CUSTOMER_ONBOARDING_SVC
CUST007300,Ivan Gupta,1981-03-07,cf57224e7923,low,verified,NG,2021-05-06 00:00:00,CUSTOMER_ONBOARDING_SVC
CUST007301,Ananya Mehta,1958-05-07,a3f75a953fce,high,verified,AE,2018-09-09 00:00:00,CUSTOMER_ONBOARDING_SVC
CUST007302,Aditya Sharma,1972-10-30,d98bf090ad10,low,expired,CN,2025-08-27 00:00:00,CUSTOMER_ONBOARDING_SVC
CUST007303,Priya Chen,1968-09-28,1befe6712d9b,low,verified,SG,2018-07-25 00:00:00,CUSTOMER_ONBOARDING_SVC
CUST007304,Amelia Sharma,1969-07-17,603135458fd3,high,verified,DE,2020-07-01 00:00:00,CUSTOMER_ONBOARDING_SVC
CUST007305,Riya Sharma,1975-06-15,c7a76cd674a0,medium,pending,SG,2021-12-13 00:00:00,CUSTOMER_ONBOARDING_SVC
CUST007306,Ivan Tanaka,1975-07-30,1d512ed6c402,low,verified,DE,2025-02-12 00:00:00,CUSTOMER_ONBOARDING_SVC
CUST007307,Yuki Smith,2004-03-11,965f66d3053b,low,expired,,2018-12-30 00:00:00,CUSTOMER_ONBOARDING_SVC
CUST007308,Sophia Miller,1982-10-26,f78bd03b95f8,low,verified,RU,2018-09-14 00:00:00,CUSTOMER_ONBOARDING_SVC
CUST007309,Hassan Tanaka,1982-09-11,299c655efd48,medium,verified,NG,2019-10-25 00:00:00,CUSTOMER_ONBOARDING_SVC
CUST007310,Fatima Martinez,1971-10-24,617951e508fb,low,verified,GB,2024-01-04 00:00:00,CUSTOMER_ONBOARDING_SVC
CUST007311,Fatima Garcia,1974-11-23,545157c73e64,low,verified,DE,2023-08-18 00:00:00,CUSTOMER_ONBOARDING_SVC
CUST007312,Sneha Patel,1963-02-18,419a9e762a59,low,expired,GB,2022-07-14 00:00:00,CUSTOMER_ONBOARDING_SVC
CUST007313,Sophia Garcia,1991-05-12,54deca9da8b7,medium,pending,RU,2020-12-07 00:00:00,CUSTOMER_ONBOARDING_SVC
CUST007314,Omar Chen,1976-06-09,acfe03193da2,low,verified,IN,2024-11-18 00:00:00,CUSTOMER_ONBOARDING_SVC
CUST007315,Emma Reddy,1987-07-18,53ebd2052756,low,verified,AE,2024-12-05 00:00:00,CUSTOMER_ONBOARDING_SVC
CUST007316,Rahul Davis,1961-03-25,77544f8f61b2,low,pending,NG,2020-07-20 00:00:00,CUSTOMER_ONBOARDING_SVC
CUST007317,Emma Khan,1993-10-27,ec7c5fb9903a,medium,verified,GB,2020-01-23 00:00:00,CUSTOMER_ONBOARDING_SVC
CUST007318,Arjun Mehta,1985-11-21,64624b9cbb96,medium,verified,SG,2018-12-11 00:00:00,CUSTOMER_ONBOARDING_SVC
CUST007319,Chen Khan,1996-11-29,ea515ff2af72,low,expired,CN,2018-06-25 00:00:00,CUSTOMER_ONBOARDING_SVC
CUST007320,Diego Mehta,1975-04-29,1d5b62133d8a,low,pending,SG,2022-07-03 00:00:00,CUSTOMER_ONBOARDING_SVC
CUST007321,Aarav Davis,1982-07-28,d186170f551f,medium,verified,CA,2018-01-20 00:00:00,CUSTOMER_ONBOARDING_SVC
CUST007322,Sneha Sharma,1960-10-29,41aee6016280,low,pending,CA,2019-03-17 00:00:00,CUSTOMER_ONBOARDING_SVC
CUST007323,Aditya Gupta,2000-08-09,96d8f2dceb78,medium,expired,SG,2022-06-14 00:00:00,CUSTOMER_ONBOARDING_SVC
CUST007324,Layla Anderson,1980-07-14,a672e821c9af,low,expired,US,2023-11-21 00:00:00,CUSTOMER_ONBOARDING_SVC
CUST007325,James Singh,1971-03-05,eb0fc276986c,high,verified,US,2021-02-09 00:00:00,CUSTOMER_ONBOARDING_SVC
CUST007326,Mei Singh,2004-11-26,d703a28763bb,high,verified,AE,2020-01-13 00:00:00,CUSTOMER_ONBOARDING_SVC
CUST007327,Meera Zhang,2005-02-04,58d08836c0eb,medium,pending,US,2022-08-14 00:00:00,CUSTOMER_ONBOARDING_SVC
CUST007328,Mason Tanaka,1993-07-29,79143e912f68,medium,pending,SG,2026-01-25 00:00:00,CUSTOMER_ONBOARDING_SVC
CUST007329,Nikhil Chen,1997-05-17,987b091cdd8e,high,expired,NG,2025-03-12 00:00:00,CUSTOMER_ONBOARDING_SVC
CUST007330,Ananya Wilson,1998-03-11,e3f480f8ecf8,low,verified,RU,2025-10-18 00:00:00,CUSTOMER_ONBOARDING_SVC
CUST007331,Amelia Nair,1997-11-29,d1ff28ba58f8,medium,pending,AE,2025-01-22 00:00:00,CUSTOMER_ONBOARDING_SVC
CUST007332,Diego Ivanov,1969-09-20,193a179115a6,high,expired,AE,2022-04-28 00:00:00,CUSTOMER_ONBOARDING_SVC
CUST007333,Mei Mehta,1982-09-05,01bed5911532,medium,pending,DE,2018-07-14 00:00:00,CUSTOMER_ONBOARDING_SVC
CUST007334,Layla Gupta,1998-03-17,d78a48422017,high,expired,IN,2021-06-13 00:00:00,CUSTOMER_ONBOARDING_SVC
CUST007335,Emma Singh,1977-01-23,ab2621ff12b5,low,verified,AU,2019-08-09 00:00:00,CUSTOMER_ONBOARDING_SVC
CUST007336,Vikram Johnson,1962-07-13,037b95504c62,low,verified,AU,2021-01-09 00:00:00,CUSTOMER_ONBOARDING_SVC
CUST007337,Ava Ivanov,1965-07-07,4c9dbf2baea4,low,verified,AU,2020-10-25 00:00:00,CUSTOMER_ONBOARDING_SVC
CUST007338,Lucas Khan,1966-05-22,66e79056883e,low,verified,RU,2018-05-27 00:00:00,CUSTOMER_ONBOARDING_SVC
CUST007339,Olivia Lopez,1967-04-15,8ca2701ef10b,medium,verified,AU,2026-01-20 00:00:00,CUSTOMER_ONBOARDING_SVC
CUST007340,Arjun Chen,1992-08-13,2d76d25e68ca,medium,pending,IN,2018-02-14 00:00:00,CUSTOMER_ONBOARDING_SVC
CUST007341,Mia Johnson,1975-10-14,f8c416caf7e8,medium,verified,CN,2022-06-09 00:00:00,CUSTOMER_ONBOARDING_SVC
CUST007342,Arjun Johnson,1971-05-06,eb84410d6f77,low,verified,CN,2020-07-17 00:00:00,CUSTOMER_ONBOARDING_SVC
CUST007343,Meera Zhang,1964-06-10,fd8d04fb1128,low,verified,US,2023-02-19 00:00:00,CUSTOMER_ONBOARDING_SVC
CUST007344,Mei Sharma,1969-04-16,c077b401d9bc,medium,verified,US,2026-06-11 00:00:00,CUSTOMER_ONBOARDING_SVC
CUST007345,Priya Reddy,1958-02-07,9c5f08e1f9f3,medium,verified,CA,2025-03-18 00:00:00,CUSTOMER_ONBOARDING_SVC
CUST007346,Chen Lopez,1966-01-03,3b492d3b5fb2,medium,pending,CA,2023-04-19 00:00:00,CUSTOMER_ONBOARDING_SVC
CUST007347,Ananya Garcia,1976-08-07,bb4908572a34,medium,expired,DE,2022-09-28 00:00:00,CUSTOMER_ONBOARDING_SVC
CUST007348,Ava Al-Sayed,1980-07-07,e634724e00a3,medium,expired,IN,2021-08-20 00:00:00,CUSTOMER_ONBOARDING_SVC
CUST007349,Omar Garcia,1989-08-23,df98dcbce17e,high,pending,AE,2026-06-27 00:00:00,CUSTOMER_ONBOARDING_SVC
CUST007350,Omar Tanaka,1961-08-11,c347ddd53c04,low,pending,US,2025-10-18 00:00:00,CUSTOMER_ONBOARDING_SVC
CUST007351,Riya Kumar,1967-09-07,20d3b801bbf1,medium,verified,US,2025-09-14 00:00:00,CUSTOMER_ONBOARDING_SVC
CUST007352,Omar Nair,2005-11-05,1880921b0486,low,expired,RU,2018-03-22 00:00:00,CUSTOMER_ONBOARDING_SVC
CUST007353,Pooja Mehta,1965-05-16,70730967004f,low,,CA,2022-07-16 00:00:00,CUSTOMER_ONBOARDING_SVC
CUST007354,Sneha Davis,1980-05-08,01a7f36db787,medium,verified,GB,2018-01-25 00:00:00,CUSTOMER_ONBOARDING_SVC
CUST007355,Ananya Johnson,1989-05-18,94243900699d,high,verified,IN,2024-07-27 00:00:00,CUSTOMER_ONBOARDING_SVC
CUST007356,Pooja Garcia,1980-03-10,b1c7f7e37ab1,medium,expired,CA,2018-06-06 00:00:00,CUSTOMER_ONBOARDING_SVC
CUST007357,Liam Singh,2002-04-14,8e9065623d0c,low,verified,AE,2024-02-14 00:00:00,CUSTOMER_ONBOARDING_SVC
CUST007358,Ava Gupta,1975-06-18,ceba2b582b7e,low,verified,DE,2023-02-27 00:00:00,CUSTOMER_ONBOARDING_SVC
CUST007359,Yuki Tanaka,2000-12-22,688aa2bcc082,low,verified,RU,2024-04-28 00:00:00,CUSTOMER_ONBOARDING_SVC
CUST007360,Aarav Miller,1964-08-27,492b5876b188,low,expired,AE,2018-01-11 00:00:00,CUSTOMER_ONBOARDING_SVC
CUST007361,Mia Kumar,1955-06-04,0521fce37b2a,low,expired,GB,2025-07-11 00:00:00,CUSTOMER_ONBOARDING_SVC
CUST007362,Sneha Tanaka,1975-03-21,4360e4288d95,low,verified,AE,2024-03-28 00:00:00,CUSTOMER_ONBOARDING_SVC
CUST007363,Emma Lopez,1967-05-16,b86ef8d7d077,high,pending,NG,2019-04-25 00:00:00,CUSTOMER_ONBOARDING_SVC
CUST007364,Fatima Lopez,1996-07-10,4a08969bf9aa,low,expired,GB,2024-12-23 00:00:00,CUSTOMER_ONBOARDING_SVC
CUST007365,James Miller,1956-01-01,d8d7193bb590,,verified,RU,2025-01-19 00:00:00,CUSTOMER_ONBOARDING_SVC
CUST007366,Meera Gupta,1973-10-19,210b0362eae6,high,verified,AU,2024-03-13 00:00:00,CUSTOMER_ONBOARDING_SVC
CUST007367,Yuki Gupta,1958-05-01,3408c0a538ab,medium,verified,CA,2021-09-26 00:00:00,CUSTOMER_ONBOARDING_SVC
CUST007368,Layla Chen,1959-02-26,7a04436a223a,medium,pending,CN,2022-08-04 00:00:00,CUSTOMER_ONBOARDING_SVC
CUST007369,Yuki Ivanov,2004-01-20,7bf2c3dd1097,medium,,CA,2023-08-29 00:00:00,CUSTOMER_ONBOARDING_SVC
CUST007370,Fatima Nair,1999-07-16,6c6dde7783c2,low,verified,RU,2019-06-21 00:00:00,CUSTOMER_ONBOARDING_SVC
CUST007371,Fatima Martinez,1988-09-23,fdad2d0abae5,medium,verified,NG,2021-12-20 00:00:00,CUSTOMER_ONBOARDING_SVC
CUST007372,Mia Chen,1956-08-21,688f5afd47c1,high,verified,AU,2022-11-03 00:00:00,CUSTOMER_ONBOARDING_SVC
CUST007373,Aarav Nair,1961-11-23,c278d0239396,low,verified,NG,2026-01-28 00:00:00,CUSTOMER_ONBOARDING_SVC
CUST007374,Pooja Singh,1955-07-27,2978f1c77eeb,low,expired,SG,2018-02-12 00:00:00,CUSTOMER_ONBOARDING_SVC
CUST007375,Hassan Johnson,1984-08-23,7d3aeeca9396,medium,verified,CN,2021-09-06 00:00:00,CUSTOMER_ONBOARDING_SVC
CUST007376,Omar Johnson,1995-06-26,06418f6aa1a2,low,verified,AE,2022-05-17 00:00:00,CUSTOMER_ONBOARDING_SVC
CUST007377,Wei Khan,2000-11-20,a9f1b21309df,high,pending,RU,2019-04-27 00:00:00,CUSTOMER_ONBOARDING_SVC
CUST007378,Sophia Gupta,1991-07-08,fe6ef50bcaff,low,pending,GB,2024-08-26 00:00:00,CUSTOMER_ONBOARDING_SVC
CUST007379,Ivan Sharma,1955-08-25,47c230dcea59,medium,verified,GB,2018-10-10 00:00:00,CUSTOMER_ONBOARDING_SVC
CUST007380,Fatima Singh,1981-02-07,33c5f33447bb,high,verified,NG,2020-08-24 00:00:00,CUSTOMER_ONBOARDING_SVC
CUST007381,Olivia Mehta,1971-06-02,82258c6421a4,medium,verified,GB,2021-07-14 00:00:00,CUSTOMER_ONBOARDING_SVC
CUST007382,Ivan Brown,1974-12-05,14cefb54f04f,high,expired,CN,2026-04-12 00:00:00,CUSTOMER_ONBOARDING_SVC
CUST007383,Hassan Garcia,1963-11-06,7639cb802c65,low,verified,CN,2025-08-31 00:00:00,CUSTOMER_ONBOARDING_SVC
CUST007384,Isha Ivanov,1986-08-06,d32f7e6eb451,low,verified,AU,2023-03-06 00:00:00,CUSTOMER_ONBOARDING_SVC
CUST007385,Meera Smith,1956-08-22,a3ea39b285d1,low,expired,AE,2020-01-21 00:00:00,CUSTOMER_ONBOARDING_SVC
CUST007386,Noah Chen,1974-10-01,1da0452dde9d,medium,verified,,2024-10-16 00:00:00,CUSTOMER_ONBOARDING_SVC
CUST007387,Rahul Gupta,1990-04-14,871f7364eb3b,low,expired,AU,2019-10-07 00:00:00,CUSTOMER_ONBOARDING_SVC
CUST007388,Riya Brown,1987-05-13,17d6f550e8d3,low,pending,AE,2024-09-04 00:00:00,CUSTOMER_ONBOARDING_SVC
CUST007389,Wei Patel,1994-01-22,b5c15b6859a1,medium,expired,AE,2025-11-16 00:00:00,CUSTOMER_ONBOARDING_SVC
CUST007390,Aditya Miller,1959-04-23,87860fb93260,low,verified,AE,2019-01-30 00:00:00,CUSTOMER_ONBOARDING_SVC
CUST007391,Layla Singh,2002-09-08,31c5222f92a7,low,expired,US,2021-05-17 00:00:00,CUSTOMER_ONBOARDING_SVC
CUST007392,Karan Anderson,1980-12-18,8148f3b77076,medium,verified,GB,2018-07-25 00:00:00,CUSTOMER_ONBOARDING_SVC
CUST007393,Omar Chen,1968-09-07,85bc72228a29,medium,verified,NG,2021-08-20 00:00:00,CUSTOMER_ONBOARDING_SVC
CUST007394,Priya Mehta,1977-01-21,b7d7282b64a6,low,verified,CA,2025-01-23 00:00:00,CUSTOMER_ONBOARDING_SVC
CUST007395,James Sharma,1992-06-16,9054ec2386a0,high,pending,US,2021-02-12 00:00:00,CUSTOMER_ONBOARDING_SVC
CUST007396,Rahul Lopez,1972-10-05,b8e751173f6d,low,expired,AE,2023-08-08 00:00:00,CUSTOMER_ONBOARDING_SVC
CUST007397,Arjun Zhang,1980-12-01,8b1b35eda543,low,verified,US,2022-06-30 00:00:00,CUSTOMER_ONBOARDING_SVC
CUST007398,Isha Reddy,1990-02-11,5c13c935860d,low,verified,IN,2018-10-02 00:00:00,CUSTOMER_ONBOARDING_SVC
CUST007399,Diego Tanaka,2000-10-09,b815a7c55d5b,medium,expired,RU,2025-12-27 00:00:00,CUSTOMER_ONBOARDING_SVC
CUST007400,Rahul Sharma,1971-06-17,7252851e3084,low,verified,DE,2019-07-30 00:00:00,CUSTOMER_ONBOARDING_SVC
CUST007401,Lucia Khan,2004-01-08,24b935ed35d9,medium,verified,GB,2025-03-26 00:00:00,CUSTOMER_ONBOARDING_SVC
CUST007402,Nikhil Davis,1982-08-26,d1d7e1ed9e9e,,pending,IN,2025-03-11 00:00:00,CUSTOMER_ONBOARDING_SVC
CUST007403,Amelia Patel,1999-03-26,bc57f3d5e45c,medium,verified,SG,2024-12-01 00:00:00,CUSTOMER_ONBOARDING_SVC
CUST007404,Hassan Mehta,1963-07-26,1b269f85ed6a,high,verified,US,2019-10-16 00:00:00,CUSTOMER_ONBOARDING_SVC
CUST007405,Fatima Zhang,2003-01-29,8195b8f856b0,low,verified,RU,2023-01-13 00:00:00,CUSTOMER_ONBOARDING_SVC
CUST007406,Ethan Singh,1991-11-28,148932f173b7,,pending,DE,2018-12-04 00:00:00,CUSTOMER_ONBOARDING_SVC
CUST007407,Chen Tanaka,1983-12-31,e968de8f1f51,low,verified,NG,2020-07-09 00:00:00,CUSTOMER_ONBOARDING_SVC
CUST007408,Lucia Al-Sayed,1976-09-18,2dba681e707a,low,expired,GB,2024-04-25 00:00:00,CUSTOMER_ONBOARDING_SVC
CUST007409,Lucas Garcia,1983-04-06,061ddcd7195b,,expired,GB,2024-08-20 00:00:00,CUSTOMER_ONBOARDING_SVC
CUST007410,Arjun Ivanov,1984-12-30,9143ede98a4a,high,pending,CA,2023-08-12 00:00:00,CUSTOMER_ONBOARDING_SVC
CUST007411,Chen Nair,1974-09-13,edcb3e3baff0,low,verified,AE,2018-03-30 00:00:00,CUSTOMER_ONBOARDING_SVC
CUST007412,Noah Nair,1980-05-08,e7e988e73771,low,expired,NG,2021-10-11 00:00:00,CUSTOMER_ONBOARDING_SVC
CUST007413,Diego Brown,1975-01-17,a964c7fdb78c,medium,pending,CN,2019-08-17 00:00:00,CUSTOMER_ONBOARDING_SVC
CUST007414,Omar Davis,1955-09-02,1cd4fe04191f,low,verified,CN,2021-08-01 00:00:00,CUSTOMER_ONBOARDING_SVC
CUST007415,Elena Al-Sayed,1990-03-08,35badff578cb,medium,verified,RU,2019-12-08 00:00:00,CUSTOMER_ONBOARDING_SVC
CUST007416,Mei Tanaka,1956-06-26,8090dec2cd65,low,verified,CA,2023-04-30 00:00:00,CUSTOMER_ONBOARDING_SVC
CUST007417,Arjun Tanaka,1968-09-29,5ac2487f4732,medium,expired,GB,2019-03-27 00:00:00,CUSTOMER_ONBOARDING_SVC
CUST007418,Elena Johnson,2005-12-16,40403cb3236d,low,verified,US,2026-03-08 00:00:00,CUSTOMER_ONBOARDING_SVC
CUST007419,Yuki Wilson,1968-03-02,ef5cc5de59cb,low,expired,CN,2021-05-16 00:00:00,CUSTOMER_ONBOARDING_SVC
CUST007420,Karan Wilson,1960-02-27,20da6cc59c87,medium,verified,CA,2018-02-24 00:00:00,CUSTOMER_ONBOARDING_SVC
CUST007421,Mason Singh,1958-07-16,edfc6b0975cd,low,verified,NG,2019-09-19 00:00:00,CUSTOMER_ONBOARDING_SVC
CUST007422,Noah Reddy,1991-11-11,d20c42097877,low,expired,US,2020-03-11 00:00:00,CUSTOMER_ONBOARDING_SVC
CUST007423,Ethan Sharma,1993-12-23,2bfd1215b2a8,low,pending,CA,2021-08-16 00:00:00,CUSTOMER_ONBOARDING_SVC
CUST007424,Sophia Lopez,2003-01-11,b8f89ba6f572,medium,pending,AE,2024-07-23 00:00:00,CUSTOMER_ONBOARDING_SVC
CUST007425,Olivia Gupta,1999-11-14,645a1a585e12,medium,verified,,2018-03-28 00:00:00,CUSTOMER_ONBOARDING_SVC
CUST007426,Wei Ivanov,1992-02-07,787434e984f8,low,verified,AE,2018-02-19 00:00:00,CUSTOMER_ONBOARDING_SVC
CUST007427,Mei Kumar,1966-12-31,a40f9db0e6d2,low,verified,GB,2025-02-24 00:00:00,CUSTOMER_ONBOARDING_SVC
CUST007428,Nikhil Wilson,1972-03-30,79c62a9bb796,medium,verified,GB,2018-03-03 00:00:00,CUSTOMER_ONBOARDING_SVC
CUST007429,Riya Zhang,1964-11-16,c24a7ea2abf2,low,expired,SG,2025-04-12 00:00:00,CUSTOMER_ONBOARDING_SVC
CUST007430,Riya Martinez,1989-03-18,e2dc951e0055,low,verified,AE,2026-04-17 00:00:00,CUSTOMER_ONBOARDING_SVC
CUST007431,Aditya Singh,1987-05-29,40e0431211f9,high,pending,US,2025-07-16 00:00:00,CUSTOMER_ONBOARDING_SVC
CUST007432,Fatima Davis,2002-09-22,611a6a3eaf70,medium,verified,SG,2019-06-28 00:00:00,CUSTOMER_ONBOARDING_SVC
CUST007433,Fatima Patel,1958-02-01,97e28ca8ef62,low,expired,AE,2025-07-13 00:00:00,CUSTOMER_ONBOARDING_SVC
CUST007434,Pooja Khan,1955-09-08,d08cc16434ab,low,verified,GB,2026-03-18 00:00:00,CUSTOMER_ONBOARDING_SVC
CUST007435,Mia Lopez,1975-03-08,945dd7e971ee,low,expired,NG,2019-10-04 00:00:00,CUSTOMER_ONBOARDING_SVC
CUST007436,Rohan Wilson,1955-08-13,b916abcf1f4d,low,expired,AU,2024-10-28 00:00:00,CUSTOMER_ONBOARDING_SVC
CUST007437,Omar Reddy,1996-07-17,aa70c0ffc4c2,low,pending,CA,2025-04-01 00:00:00,CUSTOMER_ONBOARDING_SVC
CUST007438,Hassan Chen,1994-03-11,6deb94f08d33,low,verified,DE,2019-05-19 00:00:00,CUSTOMER_ONBOARDING_SVC
CUST007439,James Johnson,1985-12-31,9310101aa882,low,pending,US,2022-03-27 00:00:00,CUSTOMER_ONBOARDING_SVC
CUST007440,Ava Lopez,1971-06-25,6ee09fa2c1a2,medium,verified,NG,2021-04-15 00:00:00,CUSTOMER_ONBOARDING_SVC
CUST007441,Aarav Kumar,1987-11-04,ed025db8b34e,medium,verified,CN,2021-12-11 00:00:00,CUSTOMER_ONBOARDING_SVC
CUST007442,Lucas Smith,1995-02-13,0a72b637b1b8,high,verified,IN,2019-03-19 00:00:00,CUSTOMER_ONBOARDING_SVC
CUST007443,James Davis,1967-11-03,0ad868ad784e,low,verified,SG,2023-08-04 00:00:00,CUSTOMER_ONBOARDING_SVC
CUST007444,Pooja Singh,1970-12-14,695fcdf27cca,low,verified,AU,2024-06-13 00:00:00,CUSTOMER_ONBOARDING_SVC
CUST007445,Ivan Smith,1971-08-23,7a10396d6b0f,medium,verified,CA,2024-06-04 00:00:00,CUSTOMER_ONBOARDING_SVC
CUST007446,Rahul Lopez,1965-11-16,c9273c4966fc,low,expired,SG,2018-10-12 00:00:00,CUSTOMER_ONBOARDING_SVC
CUST007447,Meera Gupta,1993-11-10,70faa45c5189,low,expired,CA,2019-02-09 00:00:00,CUSTOMER_ONBOARDING_SVC
CUST007448,Layla Tanaka,1971-04-05,db0eb420b8a3,low,verified,GB,2019-10-07 00:00:00,CUSTOMER_ONBOARDING_SVC
CUST007449,Pooja Reddy,1998-04-18,6c8282495bfa,medium,verified,RU,2021-12-07 00:00:00,CUSTOMER_ONBOARDING_SVC
CUST007450,Divya Ivanov,1963-05-21,b503dc537771,medium,verified,NG,2021-01-01 00:00:00,CUSTOMER_ONBOARDING_SVC
CUST007451,Emma Wilson,2005-05-08,218f0be6cbd1,low,verified,US,2023-03-18 00:00:00,CUSTOMER_ONBOARDING_SVC
CUST007452,Wei Davis,1969-07-23,91f604ae81c0,low,pending,GB,2023-09-14 00:00:00,CUSTOMER_ONBOARDING_SVC
CUST007453,Ethan Khan,1990-10-11,45fe4084ba34,low,pending,NG,2024-09-24 00:00:00,CUSTOMER_ONBOARDING_SVC
CUST007454,Sneha Mehta,1965-09-23,c02c15b18350,low,verified,RU,2022-05-26 00:00:00,CUSTOMER_ONBOARDING_SVC
CUST007455,Yuki Patel,1956-10-31,d77db41dbbbc,high,pending,GB,2021-04-01 00:00:00,CUSTOMER_ONBOARDING_SVC
CUST007456,Olivia Wilson,1988-07-09,fcc841bdedb8,low,pending,IN,2019-07-10 00:00:00,CUSTOMER_ONBOARDING_SVC
CUST007457,Wei Patel,1962-03-02,9e26ed1fce10,high,verified,AU,2022-09-01 00:00:00,CUSTOMER_ONBOARDING_SVC
CUST007458,Vikram Patel,1997-12-12,d00c42b4405b,medium,pending,CA,2019-04-04 00:00:00,CUSTOMER_ONBOARDING_SVC
CUST007459,James Singh,1991-02-07,99d1ab76d0dd,low,pending,AU,2022-04-25 00:00:00,CUSTOMER_ONBOARDING_SVC
CUST007460,Omar Anderson,1980-09-29,fd7fab7c8eaf,low,verified,AU,2025-01-30 00:00:00,CUSTOMER_ONBOARDING_SVC
CUST007461,Mei Ivanov,2000-11-08,f2faf38e9aee,low,verified,NG,2022-07-13 00:00:00,CUSTOMER_ONBOARDING_SVC
CUST007462,Noah Kumar,1992-05-26,fb9d7619147f,low,pending,CN,2021-09-13 00:00:00,CUSTOMER_ONBOARDING_SVC
CUST007463,Riya Kumar,1988-02-03,b53d5d4ea765,low,verified,SG,2019-12-06 00:00:00,CUSTOMER_ONBOARDING_SVC
CUST007464,Isha Singh,1968-07-29,0418f4f82613,medium,verified,US,2022-04-05 00:00:00,CUSTOMER_ONBOARDING_SVC
CUST007465,Pooja Johnson,2002-04-21,11112471039f,low,pending,SG,2025-07-29 00:00:00,CUSTOMER_ONBOARDING_SVC
CUST007466,Liam Garcia,1988-10-13,225397b50b9b,high,expired,AU,2023-08-30 00:00:00,CUSTOMER_ONBOARDING_SVC
CUST007467,Olivia Reddy,1987-04-05,9b94bf8356e9,low,expired,AE,2024-11-29 00:00:00,CUSTOMER_ONBOARDING_SVC
CUST007468,Arjun Garcia,1973-10-24,06d244f32bd2,low,pending,US,2022-06-04 00:00:00,CUSTOMER_ONBOARDING_SVC
CUST007469,Mia Kumar,1971-07-01,5e9be8973305,,verified,NG,2019-02-08 00:00:00,CUSTOMER_ONBOARDING_SVC
CUST007470,Lucia Smith,1992-01-16,24e6ee58e2b5,low,verified,CN,2019-04-11 00:00:00,CUSTOMER_ONBOARDING_SVC
CUST007471,Arjun Tanaka,1995-10-19,e5f12fda75ab,low,verified,SG,2025-01-27 00:00:00,CUSTOMER_ONBOARDING_SVC
CUST007472,Divya Al-Sayed,1975-01-08,d58dd15ce576,medium,expired,AU,2022-11-16 00:00:00,CUSTOMER_ONBOARDING_SVC
CUST007473,Liam Anderson,1970-02-21,94ab7fe1c636,low,verified,IN,2026-01-21 00:00:00,CUSTOMER_ONBOARDING_SVC
CUST007474,James Khan,1993-11-11,d38badf90c5f,medium,verified,SG,2020-08-22 00:00:00,CUSTOMER_ONBOARDING_SVC
CUST007475,Liam Martinez,1990-04-08,72a8a28edd96,medium,expired,US,2026-05-21 00:00:00,CUSTOMER_ONBOARDING_SVC
CUST007476,Chen Davis,1982-11-20,31a1ac741265,high,verified,IN,2023-04-20 00:00:00,CUSTOMER_ONBOARDING_SVC
CUST007477,Emma Gupta,2004-12-03,be5a60b40e68,medium,verified,SG,2020-11-30 00:00:00,CUSTOMER_ONBOARDING_SVC
CUST007478,Ava Tanaka,1995-03-05,69d612cdbd96,medium,verified,US,2022-11-08 00:00:00,CUSTOMER_ONBOARDING_SVC
CUST007479,Emma Sharma,1979-03-27,e5de3d644ece,medium,pending,NG,2026-04-24 00:00:00,CUSTOMER_ONBOARDING_SVC
CUST007480,Priya Lopez,1999-08-20,b3de66796d22,high,verified,CN,2023-02-16 00:00:00,CUSTOMER_ONBOARDING_SVC
CUST007481,Lucas Smith,2002-05-06,b52d7764a240,medium,expired,IN,2023-07-30 00:00:00,CUSTOMER_ONBOARDING_SVC
CUST007482,Omar Brown,1985-10-27,c71648e2e9b8,low,verified,CA,2019-09-02 00:00:00,CUSTOMER_ONBOARDING_SVC
CUST007483,Rahul Zhang,1964-12-12,d05080512287,medium,verified,US,2026-03-31 00:00:00,CUSTOMER_ONBOARDING_SVC
CUST007484,James Al-Sayed,1983-08-02,b2f5278a1a2c,low,verified,NG,2019-07-02 00:00:00,CUSTOMER_ONBOARDING_SVC
CUST007485,Olivia Davis,1971-11-21,e0971ea083f7,medium,verified,AE,2020-10-09 00:00:00,CUSTOMER_ONBOARDING_SVC
CUST007486,James Gupta,1992-09-09,61137af398df,low,verified,CA,2024-08-26 00:00:00,CUSTOMER_ONBOARDING_SVC
CUST007487,Ava Mehta,1996-12-09,d09692684502,high,verified,AE,2018-09-09 00:00:00,CUSTOMER_ONBOARDING_SVC
CUST007488,Mei Wilson,1985-06-06,ee7467719920,low,verified,DE,2018-09-15 00:00:00,CUSTOMER_ONBOARDING_SVC
CUST007489,Elena Patel,1982-12-30,430ffc8105f9,low,verified,SG,2026-01-20 00:00:00,CUSTOMER_ONBOARDING_SVC
CUST007490,Divya Reddy,2003-03-08,cd53306ffb88,low,verified,SG,2021-01-30 00:00:00,CUSTOMER_ONBOARDING_SVC
CUST007491,Riya Ivanov,1994-04-11,6ef0c7997eda,low,,IN,2020-10-08 00:00:00,CUSTOMER_ONBOARDING_SVC
CUST007492,James Patel,1997-04-10,f3259c9af302,medium,verified,AU,2022-11-26 00:00:00,CUSTOMER_ONBOARDING_SVC
CUST007493,Meera Brown,1975-09-16,664f3667f3be,low,expired,SG,2020-10-08 00:00:00,CUSTOMER_ONBOARDING_SVC
CUST007494,Sneha Sharma,1970-11-21,aa87e1a819f5,high,expired,CN,2018-03-02 00:00:00,CUSTOMER_ONBOARDING_SVC
CUST007495,Yuki Khan,1985-04-29,7d2976c98ec8,medium,verified,SG,2024-05-05 00:00:00,CUSTOMER_ONBOARDING_SVC
CUST007496,Nikhil Johnson,1965-12-16,b881d3f23658,medium,verified,AU,2019-09-19 00:00:00,CUSTOMER_ONBOARDING_SVC
CUST007497,Riya Chen,1971-10-09,c2b891af4e09,medium,pending,SG,2022-05-27 00:00:00,CUSTOMER_ONBOARDING_SVC
CUST007498,Lucas Al-Sayed,1964-04-21,174e6b0a87cd,medium,verified,RU,2020-02-13 00:00:00,CUSTOMER_ONBOARDING_SVC
CUST007499,Mia Miller,1988-10-04,c9e5bd8ea704,medium,expired,US,2020-06-10 00:00:00,CUSTOMER_ONBOARDING_SVC
CUST007500,Meera Brown,1970-08-26,0162fc3354e4,medium,verified,US,2021-08-24 00:00:00,CUSTOMER_ONBOARDING_SVC
CUST007501,Amelia Al-Sayed,1988-10-26,bc3f0032ec83,medium,expired,IN,2020-07-18 00:00:00,CUSTOMER_ONBOARDING_SVC
CUST007502,Isha Patel,1955-03-17,ac63e4ff8a56,high,expired,DE,2024-11-05 00:00:00,CUSTOMER_ONBOARDING_SVC
CUST007503,Sneha Zhang,2004-02-20,2107507a6ffb,high,verified,CA,2024-06-03 00:00:00,CUSTOMER_ONBOARDING_SVC
CUST007504,Mia Kumar,1995-08-27,d6fb3cc43dbf,low,expired,CA,2020-01-11 00:00:00,CUSTOMER_ONBOARDING_SVC
CUST007505,Hassan Davis,1995-06-10,8fcd5b7252df,medium,expired,SG,2024-08-18 00:00:00,CUSTOMER_ONBOARDING_SVC
CUST007506,Aarav Kumar,1974-12-13,5ec4924a08f8,low,expired,CA,2025-08-12 00:00:00,CUSTOMER_ONBOARDING_SVC
CUST007507,Olivia Nair,1967-10-19,0bf418d3dc9f,high,,,2020-11-30 00:00:00,CUSTOMER_ONBOARDING_SVC
CUST007508,Aarav Johnson,1995-03-29,d681b38b37d4,low,verified,AE,2024-02-26 00:00:00,CUSTOMER_ONBOARDING_SVC
CUST007509,Nikhil Davis,1991-12-25,7f8f448691be,low,verified,IN,2025-10-29 00:00:00,CUSTOMER_ONBOARDING_SVC
CUST007510,Aditya Patel,1986-05-08,27d089531c5d,low,verified,IN,2023-03-11 00:00:00,CUSTOMER_ONBOARDING_SVC
CUST007511,Fatima Reddy,1974-10-13,1aaa7ca0b7f3,medium,pending,AE,2019-05-21 00:00:00,CUSTOMER_ONBOARDING_SVC
CUST007512,Hassan Singh,1996-12-19,8bca4c0cc5a2,low,expired,AU,2021-09-27 00:00:00,CUSTOMER_ONBOARDING_SVC
CUST007513,Riya Mehta,1968-12-15,f31e1a36dd10,low,verified,SG,2025-06-21 00:00:00,CUSTOMER_ONBOARDING_SVC
CUST007514,Olivia Tanaka,1990-07-25,4062a2cea5bd,medium,expired,GB,2023-11-29 00:00:00,CUSTOMER_ONBOARDING_SVC
CUST007515,Vikram Mehta,1959-11-13,151a20b52bfe,high,verified,CA,2020-05-04 00:00:00,CUSTOMER_ONBOARDING_SVC
CUST007516,Lucia Anderson,2005-02-18,9ccbeade7ad9,medium,verified,IN,2023-07-18 00:00:00,CUSTOMER_ONBOARDING_SVC
CUST007517,Mei Al-Sayed,1974-05-06,28749cfd3890,medium,verified,AE,2022-11-19 00:00:00,CUSTOMER_ONBOARDING_SVC
CUST007518,Ava Tanaka,1957-09-04,0485d6e76d1b,low,verified,CN,2019-06-22 00:00:00,CUSTOMER_ONBOARDING_SVC
CUST007519,Karan Kumar,1992-06-12,79e860be87a3,high,verified,GB,2023-12-07 00:00:00,CUSTOMER_ONBOARDING_SVC
CUST007520,Nikhil Mehta,1973-12-27,a71d3e456539,medium,verified,US,2023-11-15 00:00:00,CUSTOMER_ONBOARDING_SVC
CUST007521,Noah Zhang,1967-01-20,8e6868a4332c,low,expired,AU,2026-05-07 00:00:00,CUSTOMER_ONBOARDING_SVC
CUST007522,Karan Chen,1971-09-23,7815cc9c804a,low,verified,,2024-03-26 00:00:00,CUSTOMER_ONBOARDING_SVC
CUST007523,Vikram Davis,1958-10-03,1aa734ef0f06,low,verified,GB,2026-04-16 00:00:00,CUSTOMER_ONBOARDING_SVC
CUST007524,Mia Gupta,1964-12-01,fed371bc4658,medium,verified,US,2023-12-04 00:00:00,CUSTOMER_ONBOARDING_SVC
CUST007525,Ivan Singh,1982-04-11,ee5927de6a67,medium,verified,US,2025-04-03 00:00:00,CUSTOMER_ONBOARDING_SVC
CUST007526,Lucas Gupta,1980-10-11,ea4ce50215d4,medium,verified,GB,2018-09-19 00:00:00,CUSTOMER_ONBOARDING_SVC
CUST007527,Liam Khan,1985-07-01,8ef56c29d1be,medium,expired,US,2018-03-16 00:00:00,CUSTOMER_ONBOARDING_SVC
CUST007528,Omar Singh,1975-07-07,dd8868d1ed70,low,verified,US,2020-11-01 00:00:00,CUSTOMER_ONBOARDING_SVC
CUST007529,James Martinez,1967-01-15,97e53e66c668,medium,verified,AE,2026-03-31 00:00:00,CUSTOMER_ONBOARDING_SVC
CUST007530,Riya Smith,1969-12-31,9cbdc25d0667,low,verified,CA,2022-10-24 00:00:00,CUSTOMER_ONBOARDING_SVC
CUST007531,Elena Kumar,1983-07-08,680bf568e571,medium,pending,,2019-11-13 00:00:00,CUSTOMER_ONBOARDING_SVC
CUST007532,Arjun Khan,1955-11-29,d4f58133e37a,medium,verified,GB,2020-08-15 00:00:00,CUSTOMER_ONBOARDING_SVC
CUST007533,Ethan Khan,1955-10-29,3160d3bf8118,high,verified,GB,2022-11-03 00:00:00,CUSTOMER_ONBOARDING_SVC
CUST007534,Lucia Davis,1960-10-17,ca88af215454,low,pending,SG,2023-07-09 00:00:00,CUSTOMER_ONBOARDING_SVC
CUST007535,Elena Kumar,1973-03-24,cc1a8a96f4b6,medium,verified,CN,2025-02-18 00:00:00,CUSTOMER_ONBOARDING_SVC
CUST007536,Aditya Sharma,1961-06-28,e9c76c345014,,expired,IN,2026-04-05 00:00:00,CUSTOMER_ONBOARDING_SVC
CUST007537,Riya Patel,1969-09-23,d9e98a5b64a4,high,expired,RU,2019-07-20 00:00:00,CUSTOMER_ONBOARDING_SVC
CUST007538,Sophia Miller,1972-12-23,ec263889eb3e,medium,verified,DE,2018-04-06 00:00:00,CUSTOMER_ONBOARDING_SVC
CUST007539,Liam Lopez,1956-09-11,47e265735da3,medium,verified,GB,2022-05-22 00:00:00,CUSTOMER_ONBOARDING_SVC
CUST007540,Yuki Khan,1968-08-27,9abf3ce70f4f,,verified,RU,2025-10-15 00:00:00,CUSTOMER_ONBOARDING_SVC
CUST007541,Emma Martinez,1966-05-12,c4fcde8711e3,low,verified,AU,2024-01-06 00:00:00,CUSTOMER_ONBOARDING_SVC
CUST007542,Rohan Lopez,2001-03-17,503cf4aa3612,medium,verified,AU,2019-08-04 00:00:00,CUSTOMER_ONBOARDING_SVC
CUST007543,Priya Patel,1960-10-24,93c9f3b95f1c,low,pending,IN,2018-01-16 00:00:00,CUSTOMER_ONBOARDING_SVC
CUST007544,Sneha Mehta,1978-02-04,8455d933d739,medium,verified,DE,2024-10-31 00:00:00,CUSTOMER_ONBOARDING_SVC
CUST007545,Mia Martinez,2001-12-16,56feabb53612,low,expired,DE,2024-10-21 00:00:00,CUSTOMER_ONBOARDING_SVC
CUST007546,Ivan Mehta,1999-11-10,d928f3210be8,medium,pending,GB,2021-08-02 00:00:00,CUSTOMER_ONBOARDING_SVC
CUST007547,Aditya Ivanov,1983-05-04,bb2f9d4d7987,high,pending,US,2019-06-03 00:00:00,CUSTOMER_ONBOARDING_SVC
CUST007548,Vikram Brown,1983-08-14,3d7af020e273,low,verified,CA,2023-12-12 00:00:00,CUSTOMER_ONBOARDING_SVC
CUST007549,Vikram Reddy,1988-04-21,4408c0676a1b,low,pending,GB,2023-07-02 00:00:00,CUSTOMER_ONBOARDING_SVC
CUST007550,Sneha Gupta,1974-12-25,c7e23ac710b8,medium,pending,IN,2019-11-20 00:00:00,CUSTOMER_ONBOARDING_SVC
CUST007551,Elena Miller,1997-12-10,49df4cff2d50,high,verified,US,2023-11-28 00:00:00,CUSTOMER_ONBOARDING_SVC
CUST007552,Sneha Lopez,1988-01-16,37691bce1b3f,low,pending,US,2026-01-28 00:00:00,CUSTOMER_ONBOARDING_SVC
CUST007553,Arjun Miller,1963-01-31,9bbe501cc35d,low,verified,IN,2023-02-01 00:00:00,CUSTOMER_ONBOARDING_SVC
CUST007554,Pooja Reddy,1962-03-06,d01fe0a4fcbe,low,verified,IN,2019-07-12 00:00:00,CUSTOMER_ONBOARDING_SVC
CUST007555,Rahul Ivanov,1962-01-20,cf6388de020f,medium,verified,DE,2025-11-22 00:00:00,CUSTOMER_ONBOARDING_SVC
CUST007556,Fatima Garcia,1972-08-30,967984b58684,low,verified,CA,2018-04-05 00:00:00,CUSTOMER_ONBOARDING_SVC
CUST007557,Diego Singh,1990-05-06,2d554dfd085d,low,verified,GB,2023-04-13 00:00:00,CUSTOMER_ONBOARDING_SVC
CUST007558,Riya Ivanov,1958-07-24,c86638dbbb9c,medium,verified,CA,2019-04-06 00:00:00,CUSTOMER_ONBOARDING_SVC
CUST007559,Aditya Kumar,1980-12-05,d021a8fd47bf,high,pending,DE,2025-03-01 00:00:00,CUSTOMER_ONBOARDING_SVC
CUST007560,Sophia Al-Sayed,1993-06-21,c22c3280bef6,low,verified,CA,2025-07-29 00:00:00,CUSTOMER_ONBOARDING_SVC
CUST007561,James Brown,2005-04-03,6ab09900b1e8,low,expired,RU,2019-07-23 00:00:00,CUSTOMER_ONBOARDING_SVC
CUST007562,Riya Wilson,1962-12-06,f3aec2f503c7,,expired,DE,2024-03-10 00:00:00,CUSTOMER_ONBOARDING_SVC
CUST007563,Nikhil Patel,1967-11-15,1d91cb76d5c4,low,verified,AE,2022-01-09 00:00:00,CUSTOMER_ONBOARDING_SVC
CUST007564,Diego Reddy,1984-02-11,27d05aecb692,low,verified,IN,2022-08-23 00:00:00,CUSTOMER_ONBOARDING_SVC
CUST007565,Aarav Lopez,1967-10-02,73da87b522ea,medium,pending,CN,2022-01-24 00:00:00,CUSTOMER_ONBOARDING_SVC
CUST007566,Diego Singh,1989-11-29,233cbce7519c,low,verified,IN,2025-12-02 00:00:00,CUSTOMER_ONBOARDING_SVC
CUST007567,Nikhil Gupta,1973-12-09,eb178c8d6432,low,verified,CN,2025-06-21 00:00:00,CUSTOMER_ONBOARDING_SVC
CUST007568,James Brown,1993-07-20,08a8ff5670ef,low,pending,AE,2025-11-14 00:00:00,CUSTOMER_ONBOARDING_SVC
CUST007569,Karan Reddy,1990-06-24,852a932b4e9b,medium,verified,US,2020-06-22 00:00:00,CUSTOMER_ONBOARDING_SVC
CUST007570,Nikhil Lopez,1998-10-05,d2b0d9878c29,low,expired,AU,2019-08-10 00:00:00,CUSTOMER_ONBOARDING_SVC
CUST007571,Sneha Lopez,1989-01-30,918939c4a4f1,low,pending,RU,2025-10-29 00:00:00,CUSTOMER_ONBOARDING_SVC
CUST007572,Karan Garcia,1957-10-07,928d55212eee,medium,verified,AU,2026-04-25 00:00:00,CUSTOMER_ONBOARDING_SVC
CUST007573,Mason Garcia,1985-08-18,b1f19bb62333,high,expired,AE,2024-06-13 00:00:00,CUSTOMER_ONBOARDING_SVC
CUST007574,Aditya Al-Sayed,1960-07-23,54e742798c7f,medium,verified,CN,2026-01-06 00:00:00,CUSTOMER_ONBOARDING_SVC
CUST007575,Emma Al-Sayed,1984-09-27,fb4c9b635e67,high,verified,RU,2018-02-06 00:00:00,CUSTOMER_ONBOARDING_SVC
CUST007576,Aarav Patel,1978-08-06,4c8467be1e2f,medium,verified,DE,2023-11-30 00:00:00,CUSTOMER_ONBOARDING_SVC
CUST007577,Ivan Nair,1971-08-06,4e4930c7b8ca,medium,expired,AU,2021-01-03 00:00:00,CUSTOMER_ONBOARDING_SVC
CUST007578,Omar Martinez,1973-01-17,c84862c3144b,medium,expired,DE,2023-12-04 00:00:00,CUSTOMER_ONBOARDING_SVC
CUST007579,Lucas Martinez,1972-04-13,ee0ba914900e,low,verified,RU,2018-08-10 00:00:00,CUSTOMER_ONBOARDING_SVC
CUST007580,Liam Lopez,1982-07-15,491373a5d179,high,expired,GB,2019-08-05 00:00:00,CUSTOMER_ONBOARDING_SVC
CUST007581,Meera Brown,1962-05-23,62de2451aa6f,medium,pending,SG,2019-10-11 00:00:00,CUSTOMER_ONBOARDING_SVC
CUST007582,Layla Reddy,1969-02-07,f58afefd799a,medium,verified,CA,2024-10-16 00:00:00,CUSTOMER_ONBOARDING_SVC
CUST007583,Amelia Sharma,1966-08-02,5fb8efeb7430,medium,verified,CN,2024-07-28 00:00:00,CUSTOMER_ONBOARDING_SVC
CUST007584,Emma Patel,1955-11-21,be81fc198bfe,high,verified,GB,2026-05-29 00:00:00,CUSTOMER_ONBOARDING_SVC
CUST007585,Mei Tanaka,1972-12-26,b3dce715bf0b,medium,pending,US,2023-08-10 00:00:00,CUSTOMER_ONBOARDING_SVC
CUST007586,Lucia Sharma,1968-08-02,dbff67020656,high,expired,GB,2018-06-27 00:00:00,CUSTOMER_ONBOARDING_SVC
CUST007587,Omar Davis,1987-08-22,5ddc2b07a8b5,medium,verified,AE,2025-11-02 00:00:00,CUSTOMER_ONBOARDING_SVC
CUST007588,Lucas Lopez,1965-07-29,7d3b03e1a84a,low,verified,GB,2021-08-21 00:00:00,CUSTOMER_ONBOARDING_SVC
CUST007589,Aarav Al-Sayed,1986-02-07,0c995b689f4c,low,expired,AU,2026-06-10 00:00:00,CUSTOMER_ONBOARDING_SVC
CUST007590,Arjun Ivanov,1974-12-01,a36e934fbfcc,,verified,SG,2019-12-12 00:00:00,CUSTOMER_ONBOARDING_SVC
CUST007591,Liam Al-Sayed,1999-09-04,36dcb0a76a69,medium,verified,IN,2021-04-21 00:00:00,CUSTOMER_ONBOARDING_SVC
CUST007592,Riya Gupta,1966-12-01,a479bf451785,medium,verified,SG,2023-09-20 00:00:00,CUSTOMER_ONBOARDING_SVC
CUST007593,Aditya Nair,1968-08-15,cb2422ba174d,medium,verified,CN,2023-05-15 00:00:00,CUSTOMER_ONBOARDING_SVC
CUST007594,Karan Davis,1999-11-26,ab99f045e3d3,low,pending,SG,2026-06-14 00:00:00,CUSTOMER_ONBOARDING_SVC
CUST007595,Ava Ivanov,1967-06-16,5261b0e9c470,medium,expired,US,2024-11-17 00:00:00,CUSTOMER_ONBOARDING_SVC
CUST007596,Priya Brown,1976-12-15,fd6ae1c64f28,medium,pending,NG,2018-02-04 00:00:00,CUSTOMER_ONBOARDING_SVC
CUST007597,Aditya Brown,1999-09-03,ecd443791d94,low,verified,IN,2023-04-25 00:00:00,CUSTOMER_ONBOARDING_SVC
CUST007598,Lucia Chen,1976-07-11,9b422b10ad16,low,expired,SG,2020-06-12 00:00:00,CUSTOMER_ONBOARDING_SVC
CUST007599,Noah Al-Sayed,1976-11-21,26660ef3c44c,low,verified,AU,2020-03-02 00:00:00,CUSTOMER_ONBOARDING_SVC
CUST007600,Noah Sharma,2002-03-17,daa88a3c151e,low,verified,DE,2021-04-03 00:00:00,CUSTOMER_ONBOARDING_SVC
CUST007601,Emma Tanaka,1970-10-17,c8908b5fa15a,medium,verified,US,2023-04-23 00:00:00,CUSTOMER_ONBOARDING_SVC
CUST007602,Sophia Al-Sayed,1998-04-25,7eefd6ff33b9,high,pending,DE,2024-02-19 00:00:00,CUSTOMER_ONBOARDING_SVC
CUST007603,Noah Kumar,1998-01-31,355e3b8a88c3,high,verified,CN,2018-08-05 00:00:00,CUSTOMER_ONBOARDING_SVC
CUST007604,Nikhil Ivanov,1956-01-29,3164e9a23f28,high,verified,CA,2025-11-02 00:00:00,CUSTOMER_ONBOARDING_SVC
CUST007605,Emma Al-Sayed,1979-12-20,ec00ea7531b0,low,expired,US,2019-12-22 00:00:00,CUSTOMER_ONBOARDING_SVC
CUST007606,Divya Mehta,2004-10-16,068616134ff9,low,verified,AU,2019-11-28 00:00:00,CUSTOMER_ONBOARDING_SVC
CUST007607,Aarav Kumar,1965-11-21,eaa6f33e9917,low,verified,AU,2024-06-21 00:00:00,CUSTOMER_ONBOARDING_SVC
CUST007608,Layla Kumar,1982-05-14,f3be389e84d6,medium,verified,DE,2021-07-23 00:00:00,CUSTOMER_ONBOARDING_SVC
CUST007609,Nikhil Brown,1964-01-25,de258c0f50ee,medium,verified,SG,2024-06-29 00:00:00,CUSTOMER_ONBOARDING_SVC
CUST007610,Sophia Anderson,1981-01-18,af758fbecc8c,medium,expired,CN,2023-07-17 00:00:00,CUSTOMER_ONBOARDING_SVC
CUST007611,James Garcia,1999-10-02,398ee71e25bd,low,verified,RU,2019-06-29 00:00:00,CUSTOMER_ONBOARDING_SVC
CUST007612,Arjun Davis,1982-01-26,fe594afc4623,medium,pending,NG,2025-07-25 00:00:00,CUSTOMER_ONBOARDING_SVC
CUST007613,Isha Patel,1996-10-20,1cc88ea85bdd,low,pending,CN,2022-07-04 00:00:00,CUSTOMER_ONBOARDING_SVC
CUST007614,Mei Johnson,1964-04-20,e2331cc91142,high,expired,AE,2025-08-17 00:00:00,CUSTOMER_ONBOARDING_SVC
CUST007615,Ananya Miller,1987-02-21,914e6a17efd7,low,verified,CN,2020-04-10 00:00:00,CUSTOMER_ONBOARDING_SVC
CUST007616,Mia Reddy,1962-04-21,7db6bf5be83d,medium,expired,RU,2024-01-06 00:00:00,CUSTOMER_ONBOARDING_SVC
CUST007617,Ava Lopez,1995-09-26,2507af1990f5,low,pending,AE,2025-02-12 00:00:00,CUSTOMER_ONBOARDING_SVC
CUST007618,Noah Wilson,1967-10-20,30d13acc84f5,medium,verified,DE,2018-04-06 00:00:00,CUSTOMER_ONBOARDING_SVC
CUST007619,Lucia Khan,1985-02-23,c7e758ad439e,high,verified,NG,2021-05-11 00:00:00,CUSTOMER_ONBOARDING_SVC
CUST007620,Emma Singh,1971-07-28,439113a64adc,medium,verified,US,2020-06-13 00:00:00,CUSTOMER_ONBOARDING_SVC
CUST007621,Sneha Miller,1990-10-20,b56d606afde6,high,,RU,2023-02-12 00:00:00,CUSTOMER_ONBOARDING_SVC
CUST007622,Lucia Johnson,1985-07-19,1a7739f8afab,high,verified,IN,2022-02-26 00:00:00,CUSTOMER_ONBOARDING_SVC
CUST007623,Mason Sharma,1987-09-10,8df81839f2a8,high,verified,SG,2023-06-28 00:00:00,CUSTOMER_ONBOARDING_SVC
CUST007624,Arjun Mehta,1970-10-28,5778efb8d2b9,medium,verified,CA,2024-03-26 00:00:00,CUSTOMER_ONBOARDING_SVC
CUST007625,James Gupta,1992-01-29,e8753ba64dd3,low,expired,RU,2021-11-24 00:00:00,CUSTOMER_ONBOARDING_SVC
CUST007626,Wei Singh,1994-05-04,84bd4c4b0306,high,verified,CA,2020-11-05 00:00:00,CUSTOMER_ONBOARDING_SVC
CUST007627,Elena Lopez,1965-09-04,0620139a88fe,low,verified,DE,2025-09-25 00:00:00,CUSTOMER_ONBOARDING_SVC
CUST007628,Liam Nair,2003-01-22,3f204239807c,,verified,SG,2020-07-23 00:00:00,CUSTOMER_ONBOARDING_SVC
CUST007629,Diego Al-Sayed,1957-03-13,dd49d894a4d8,high,verified,DE,2020-10-06 00:00:00,CUSTOMER_ONBOARDING_SVC
CUST007630,Lucia Al-Sayed,1980-03-10,e5bc2b66f4a8,low,verified,AE,2018-12-26 00:00:00,CUSTOMER_ONBOARDING_SVC
CUST007631,Meera Anderson,1977-01-17,0faf34b68200,low,expired,US,2020-04-02 00:00:00,CUSTOMER_ONBOARDING_SVC
CUST007632,Hassan Patel,1999-02-04,95361cc3a912,low,verified,NG,2025-12-04 00:00:00,CUSTOMER_ONBOARDING_SVC
CUST007633,Mason Sharma,1969-06-25,07ba6f64012e,high,pending,IN,2022-10-02 00:00:00,CUSTOMER_ONBOARDING_SVC
CUST007634,Omar Martinez,1978-02-10,b93ffe63a298,low,pending,AU,2019-06-20 00:00:00,CUSTOMER_ONBOARDING_SVC
CUST007635,Arjun Khan,1969-06-06,d4c92d1e055b,medium,verified,IN,2026-06-01 00:00:00,CUSTOMER_ONBOARDING_SVC
CUST007636,Noah Gupta,1956-12-14,d1bcbcda8db2,low,expired,CN,2021-07-08 00:00:00,CUSTOMER_ONBOARDING_SVC
CUST007637,Ethan Kumar,1996-10-23,e9085372ae50,medium,verified,SG,2019-04-19 00:00:00,CUSTOMER_ONBOARDING_SVC
CUST007638,Chen Sharma,1980-11-26,c75b01c71e0a,low,expired,AU,2021-05-29 00:00:00,CUSTOMER_ONBOARDING_SVC
CUST007639,Pooja Wilson,1985-12-07,ba5f14cdf0ca,low,pending,AE,2018-10-01 00:00:00,CUSTOMER_ONBOARDING_SVC
CUST007640,Emma Anderson,1983-12-17,c06949fad12f,high,,NG,2021-05-09 00:00:00,CUSTOMER_ONBOARDING_SVC
CUST007641,Liam Wilson,1998-06-16,210d5f89720a,medium,verified,DE,2020-05-18 00:00:00,CUSTOMER_ONBOARDING_SVC
CUST007642,Divya Tanaka,1972-12-24,6b51be27e1e2,medium,verified,GB,2019-07-22 00:00:00,CUSTOMER_ONBOARDING_SVC
CUST007643,Sophia Garcia,1981-04-07,edc495a8c44f,medium,expired,US,2021-12-02 00:00:00,CUSTOMER_ONBOARDING_SVC
CUST007644,Aarav Lopez,1955-11-21,0fc6ba4e439f,low,verified,US,2019-03-23 00:00:00,CUSTOMER_ONBOARDING_SVC
CUST007645,Karan Lopez,1957-09-14,1e3d769704f1,high,verified,RU,2023-01-10 00:00:00,CUSTOMER_ONBOARDING_SVC
CUST007646,Aarav Nair,1958-04-08,41ec26165790,high,verified,RU,2022-10-01 00:00:00,CUSTOMER_ONBOARDING_SVC
CUST007647,Layla Chen,1998-08-16,425e83ace090,low,verified,CN,2018-07-15 00:00:00,CUSTOMER_ONBOARDING_SVC
CUST007648,Fatima Ivanov,1958-11-21,c2c46cb8a56e,low,verified,CN,2019-12-04 00:00:00,CUSTOMER_ONBOARDING_SVC
CUST007649,Pooja Lopez,1997-04-08,f94295e90ba2,low,verified,AU,2021-04-04 00:00:00,CUSTOMER_ONBOARDING_SVC
CUST007650,Aarav Johnson,1966-10-05,569d5f929a26,low,verified,AU,2019-03-04 00:00:00,CUSTOMER_ONBOARDING_SVC
CUST007651,Ananya Nair,1961-02-24,bfe5093de536,low,expired,IN,2024-08-28 00:00:00,CUSTOMER_ONBOARDING_SVC
CUST007652,Arjun Miller,1970-07-11,c735d05c6600,low,pending,CA,2020-10-08 00:00:00,CUSTOMER_ONBOARDING_SVC
CUST007653,Liam Tanaka,1989-10-26,23cb6cb727f2,medium,pending,SG,2019-07-19 00:00:00,CUSTOMER_ONBOARDING_SVC
CUST007654,Pooja Singh,1978-01-24,3eaab8de7952,low,pending,NG,2021-04-13 00:00:00,CUSTOMER_ONBOARDING_SVC
CUST007655,Aditya Johnson,1963-11-10,24e15a5b772c,medium,expired,CA,2022-10-30 00:00:00,CUSTOMER_ONBOARDING_SVC
CUST007656,Layla Ivanov,1990-03-16,063874747450,low,verified,DE,2022-02-11 00:00:00,CUSTOMER_ONBOARDING_SVC
CUST007657,Mia Ivanov,1962-06-23,03750451d63c,low,pending,GB,2021-05-08 00:00:00,CUSTOMER_ONBOARDING_SVC
CUST007658,Priya Brown,1976-12-23,038c0f3ff33a,high,verified,GB,2021-09-17 00:00:00,CUSTOMER_ONBOARDING_SVC
CUST007659,Ivan Al-Sayed,1968-05-25,3379ef04794b,medium,verified,CA,2019-09-21 00:00:00,CUSTOMER_ONBOARDING_SVC
CUST007660,Layla Garcia,2000-07-02,de1801784fc1,medium,expired,AU,2021-08-18 00:00:00,CUSTOMER_ONBOARDING_SVC
CUST007661,Meera Kumar,1993-11-25,401509ee8105,medium,verified,CA,2024-08-03 00:00:00,CUSTOMER_ONBOARDING_SVC
CUST007662,Yuki Wilson,1968-05-15,604a824d67cb,low,pending,DE,2022-08-05 00:00:00,CUSTOMER_ONBOARDING_SVC
CUST007663,Sneha Singh,1991-12-02,73d04ea0877c,low,verified,NG,2018-03-30 00:00:00,CUSTOMER_ONBOARDING_SVC
CUST007664,Mei Sharma,1999-10-02,68ff0cff223d,medium,verified,AU,2023-12-29 00:00:00,CUSTOMER_ONBOARDING_SVC
CUST007665,Lucia Davis,1956-10-27,18094f40bcc5,,pending,CA,2020-08-05 00:00:00,CUSTOMER_ONBOARDING_SVC
CUST007666,Olivia Khan,1980-05-11,35a775a85986,low,verified,DE,2022-03-17 00:00:00,CUSTOMER_ONBOARDING_SVC
CUST007667,Amelia Reddy,2005-07-22,1f3c2937067b,medium,verified,US,2024-02-22 00:00:00,CUSTOMER_ONBOARDING_SVC
CUST007668,Elena Mehta,1961-09-22,8269c38f5179,medium,verified,IN,2022-05-28 00:00:00,CUSTOMER_ONBOARDING_SVC
CUST007669,Sophia Tanaka,1965-09-22,5ef2475f3fdc,medium,verified,SG,2019-02-28 00:00:00,CUSTOMER_ONBOARDING_SVC
CUST007670,Isha Anderson,1983-08-21,0e37ef6820c1,medium,pending,CA,2025-02-01 00:00:00,CUSTOMER_ONBOARDING_SVC
CUST007671,Divya Chen,1989-08-04,507821d4f19f,low,pending,DE,2018-01-10 00:00:00,CUSTOMER_ONBOARDING_SVC
CUST007672,Emma Patel,2001-01-16,9cae60a1f075,low,pending,RU,2025-05-18 00:00:00,CUSTOMER_ONBOARDING_SVC
CUST007673,Olivia Anderson,1960-03-09,aaefa742304c,low,verified,US,2018-08-30 00:00:00,CUSTOMER_ONBOARDING_SVC
CUST007674,Wei Johnson,1967-12-16,2e230504f2f1,medium,verified,CN,2019-01-16 00:00:00,CUSTOMER_ONBOARDING_SVC
CUST007675,Wei Martinez,1972-10-18,e78850a926d3,high,pending,US,2022-05-05 00:00:00,CUSTOMER_ONBOARDING_SVC
CUST007676,Diego Lopez,2003-07-15,d98c7ff0434e,medium,verified,CN,2018-09-01 00:00:00,CUSTOMER_ONBOARDING_SVC
CUST007677,Vikram Tanaka,1971-09-10,9410ee7805da,medium,verified,AU,2024-11-16 00:00:00,CUSTOMER_ONBOARDING_SVC
CUST007678,Rohan Brown,2003-05-03,b1a0c9eb72c7,low,verified,IN,2021-04-09 00:00:00,CUSTOMER_ONBOARDING_SVC
CUST007679,Karan Zhang,1971-06-01,6bae0de2e93f,medium,verified,NG,2024-01-12 00:00:00,CUSTOMER_ONBOARDING_SVC
CUST007680,Rahul Al-Sayed,1983-09-19,2772e645acf8,low,verified,AU,2021-03-02 00:00:00,CUSTOMER_ONBOARDING_SVC
CUST007681,Liam Nair,1979-10-10,b0cf9ddaa5cc,high,verified,CN,2021-04-11 00:00:00,CUSTOMER_ONBOARDING_SVC
CUST007682,Divya Sharma,1957-08-31,42448c449916,medium,expired,SG,2024-02-24 00:00:00,CUSTOMER_ONBOARDING_SVC
CUST007683,Layla Zhang,1991-05-13,3cc62c1184df,medium,verified,US,2025-01-16 00:00:00,CUSTOMER_ONBOARDING_SVC
CUST007684,Sophia Kumar,1996-08-19,01b9a9a10a81,medium,verified,IN,2020-06-07 00:00:00,CUSTOMER_ONBOARDING_SVC
CUST007685,Sophia Davis,1980-08-11,dc554528f8d9,low,,CA,2018-10-20 00:00:00,CUSTOMER_ONBOARDING_SVC
CUST007686,Diego Smith,1983-08-19,c6add32475e9,low,pending,SG,2022-08-06 00:00:00,CUSTOMER_ONBOARDING_SVC
CUST007687,Noah Singh,1955-10-12,6ed8ad33f0db,medium,verified,AE,2018-01-22 00:00:00,CUSTOMER_ONBOARDING_SVC
CUST007688,Ivan Martinez,1988-10-26,0be9136c85ee,high,verified,CN,2019-09-02 00:00:00,CUSTOMER_ONBOARDING_SVC
CUST007689,Diego Martinez,1994-09-23,b7217c371f77,low,verified,CA,2022-07-24 00:00:00,CUSTOMER_ONBOARDING_SVC
CUST007690,Elena Zhang,1982-08-06,67478ceb6d6a,low,verified,,2023-03-03 00:00:00,CUSTOMER_ONBOARDING_SVC
CUST007691,Pooja Zhang,1956-10-16,05d00f4bdcf8,low,,SG,2019-03-08 00:00:00,CUSTOMER_ONBOARDING_SVC
CUST007692,Divya Zhang,1978-11-27,0a2959263bb2,low,verified,CN,2024-11-21 00:00:00,CUSTOMER_ONBOARDING_SVC
CUST007693,Meera Gupta,1969-12-19,cc99cf7a1972,low,verified,US,2018-12-10 00:00:00,CUSTOMER_ONBOARDING_SVC
CUST007693,Meera Gupta,1969-12-19,cc99cf7a1972,low,verified,US,2018-12-10 01:18:00,CUSTOMER_ONBOARDING_SVC
CUST007694,Layla Martinez,1959-06-04,44b7c975f76f,medium,verified,SG,2022-05-08 00:00:00,CUSTOMER_ONBOARDING_SVC
CUST007695,Karan Zhang,1960-04-03,a4e5ef89e7a3,medium,verified,GB,2018-04-10 00:00:00,CUSTOMER_ONBOARDING_SVC
CUST007696,Hassan Miller,1991-02-08,ae24f455e8dd,medium,verified,IN,2024-01-04 00:00:00,CUSTOMER_ONBOARDING_SVC
CUST007697,Priya Tanaka,1984-10-17,15fc9b53dd5f,low,verified,GB,2019-12-10 00:00:00,CUSTOMER_ONBOARDING_SVC
CUST007698,Ivan Chen,1975-07-24,b7f77f7341fa,,pending,DE,2024-05-19 00:00:00,CUSTOMER_ONBOARDING_SVC
CUST007699,Mason Brown,2005-01-23,12d7f062c8f9,low,verified,AU,2023-03-18 00:00:00,CUSTOMER_ONBOARDING_SVC
CUST007700,Mason Mehta,1981-08-20,e56db30ed1cf,high,pending,SG,2019-03-28 00:00:00,CUSTOMER_ONBOARDING_SVC
CUST007701,Olivia Brown,1996-09-29,fbb76c17fc46,high,expired,DE,2021-11-13 00:00:00,CUSTOMER_ONBOARDING_SVC
CUST007702,Mia Mehta,1981-12-15,b6c911777da5,high,verified,CN,2026-06-29 00:00:00,CUSTOMER_ONBOARDING_SVC
CUST007703,Ethan Singh,1966-05-27,0a1a83f74e3c,low,expired,US,2023-03-19 00:00:00,CUSTOMER_ONBOARDING_SVC
CUST007704,Mei Wilson,1970-07-26,9ec2121bb183,low,,SG,2018-04-12 00:00:00,CUSTOMER_ONBOARDING_SVC
CUST007705,Aditya Gupta,1960-10-09,715084abed83,medium,verified,AU,2024-06-18 00:00:00,CUSTOMER_ONBOARDING_SVC
CUST007706,Meera Garcia,1959-02-17,2e9f1c4e1b9d,medium,pending,DE,2019-10-07 00:00:00,CUSTOMER_ONBOARDING_SVC
CUST007707,Mason Anderson,1974-11-06,66721c5874a3,,verified,US,2023-09-06 00:00:00,CUSTOMER_ONBOARDING_SVC
CUST007708,Rahul Reddy,1975-11-08,5673f774ea55,low,verified,NG,2022-09-15 00:00:00,CUSTOMER_ONBOARDING_SVC
CUST007709,Mei Sharma,1983-05-11,513028c9b0d2,medium,expired,NG,2023-02-14 00:00:00,CUSTOMER_ONBOARDING_SVC
CUST007710,Fatima Al-Sayed,1986-11-25,84187cc68c86,low,pending,DE,2019-06-01 00:00:00,CUSTOMER_ONBOARDING_SVC
CUST007711,Ethan Davis,1997-08-15,dc84772cad68,low,verified,AE,2023-09-14 00:00:00,CUSTOMER_ONBOARDING_SVC
CUST007712,Chen Chen,1994-08-16,da169f7a12e2,low,expired,CN,2020-09-22 00:00:00,CUSTOMER_ONBOARDING_SVC
CUST007713,Wei Smith,1977-10-29,fa88680ff66c,low,expired,NG,2026-05-16 00:00:00,CUSTOMER_ONBOARDING_SVC
CUST007714,Chen Wilson,1994-05-26,54da7081d6bb,medium,verified,CN,2019-08-27 00:00:00,CUSTOMER_ONBOARDING_SVC
CUST007715,Mei Lopez,1997-03-22,aca5a1b3a035,medium,verified,DE,2019-08-25 00:00:00,CUSTOMER_ONBOARDING_SVC
CUST007716,Mei Chen,1991-02-12,d542c4702951,low,verified,NG,2023-09-06 00:00:00,CUSTOMER_ONBOARDING_SVC
CUST007717,Noah Martinez,1990-06-22,f16bb7639365,high,verified,NG,2022-12-08 00:00:00,CUSTOMER_ONBOARDING_SVC
CUST007718,Divya Al-Sayed,1997-05-29,ce4b2663bff3,medium,pending,SG,2018-10-12 00:00:00,CUSTOMER_ONBOARDING_SVC
CUST007719,Layla Martinez,1987-04-07,1c39669477f9,medium,verified,CN,2023-06-13 00:00:00,CUSTOMER_ONBOARDING_SVC
CUST007720,Sophia Lopez,2000-05-10,49772c4cd3b7,low,verified,RU,2020-07-28 00:00:00,CUSTOMER_ONBOARDING_SVC
CUST007721,Nikhil Reddy,2003-08-03,7ab355a6ea1e,low,verified,US,2024-06-19 00:00:00,CUSTOMER_ONBOARDING_SVC
CUST007722,Noah Khan,1989-02-21,9240853ff0ef,low,expired,NG,2022-02-18 00:00:00,CUSTOMER_ONBOARDING_SVC
CUST007723,Yuki Kumar,1964-04-21,0df797810673,low,verified,RU,2023-07-12 00:00:00,CUSTOMER_ONBOARDING_SVC
CUST007724,Lucia Ivanov,1991-11-26,e4c6618ba116,high,pending,SG,2022-03-29 00:00:00,CUSTOMER_ONBOARDING_SVC
CUST007725,Arjun Johnson,1959-02-04,ab90c47c1715,medium,verified,AU,2024-11-17 00:00:00,CUSTOMER_ONBOARDING_SVC
CUST007726,Elena Mehta,1997-03-18,c6730f86d7c3,high,expired,GB,2020-11-30 00:00:00,CUSTOMER_ONBOARDING_SVC
CUST007727,Vikram Anderson,1960-01-10,72590d10bc7e,high,,SG,2018-02-09 00:00:00,CUSTOMER_ONBOARDING_SVC
CUST007728,Chen Wilson,1976-05-24,390384ec6821,medium,verified,GB,2026-06-25 00:00:00,CUSTOMER_ONBOARDING_SVC
CUST007729,Noah Anderson,1997-06-28,3ef26d71c247,low,verified,NG,2024-10-02 00:00:00,CUSTOMER_ONBOARDING_SVC
CUST007730,Riya Anderson,1961-05-30,28c569e62341,medium,verified,GB,2020-03-29 00:00:00,CUSTOMER_ONBOARDING_SVC
CUST007731,Sneha Singh,1960-12-10,572cc04133fc,medium,verified,GB,2019-04-05 00:00:00,CUSTOMER_ONBOARDING_SVC
CUST007732,Lucas Wilson,1962-04-03,0161bc2802fe,medium,pending,CN,2023-04-25 00:00:00,CUSTOMER_ONBOARDING_SVC
CUST007733,Priya Brown,1981-10-09,1ed8c3305fb7,low,verified,CA,2019-11-23 00:00:00,CUSTOMER_ONBOARDING_SVC
CUST007733,Priya Brown,1981-10-09,1ed8c3305fb7,low,verified,CA,2019-11-23 00:05:00,CUSTOMER_ONBOARDING_SVC
CUST007734,Vikram Wilson,1968-08-22,80fc286a1766,low,pending,AU,2022-09-10 00:00:00,CUSTOMER_ONBOARDING_SVC
CUST007735,Lucas Anderson,1998-01-25,82ae6d97c9e4,high,expired,NG,2018-01-20 00:00:00,CUSTOMER_ONBOARDING_SVC
CUST007736,Mason Ivanov,1992-02-11,478ecd4f04a4,high,verified,AU,2020-07-04 00:00:00,CUSTOMER_ONBOARDING_SVC
CUST007737,Rahul Zhang,1981-05-03,0d599a05427a,high,verified,CA,2019-08-27 00:00:00,CUSTOMER_ONBOARDING_SVC
CUST007738,Nikhil Lopez,1984-04-24,6e47baabf848,low,pending,AU,2019-06-18 00:00:00,CUSTOMER_ONBOARDING_SVC
CUST007739,Ava Martinez,1968-08-21,f75807a35d29,medium,verified,AE,2022-02-05 00:00:00,CUSTOMER_ONBOARDING_SVC
CUST007740,Wei Patel,1985-10-01,b6a73ac5f149,medium,verified,US,2023-02-03 00:00:00,CUSTOMER_ONBOARDING_SVC
CUST007741,Divya Johnson,2005-07-29,e558e5ca923f,low,expired,SG,2023-10-09 00:00:00,CUSTOMER_ONBOARDING_SVC
CUST007742,Ananya Davis,1975-01-17,a998bef3efa7,high,verified,AU,2022-09-22 00:00:00,CUSTOMER_ONBOARDING_SVC
CUST007743,Mia Anderson,1978-03-03,dfaf8cb375f1,low,verified,US,2025-07-03 00:00:00,CUSTOMER_ONBOARDING_SVC
CUST007744,Lucia Sharma,1980-04-18,2eaa48022122,low,verified,IN,2025-07-25 00:00:00,CUSTOMER_ONBOARDING_SVC
CUST007745,Ananya Kumar,1970-04-14,86e3ba2940c7,high,pending,AU,2023-11-30 00:00:00,CUSTOMER_ONBOARDING_SVC
CUST007746,Pooja Lopez,1984-07-18,3520d2cfe636,low,verified,SG,2023-01-07 00:00:00,CUSTOMER_ONBOARDING_SVC
CUST007747,Sophia Martinez,1970-03-14,c029b37475cb,high,verified,GB,2021-11-24 00:00:00,CUSTOMER_ONBOARDING_SVC
CUST007748,Mei Johnson,1957-08-01,4fd3ec4a74d1,medium,verified,CN,2025-12-09 00:00:00,CUSTOMER_ONBOARDING_SVC
CUST007749,Emma Smith,2004-04-10,63458087a20e,high,expired,IN,2018-02-19 00:00:00,CUSTOMER_ONBOARDING_SVC
CUST007750,Arjun Kumar,1984-12-18,d5c3c3b23254,medium,,AU,2021-06-09 00:00:00,CUSTOMER_ONBOARDING_SVC
CUST007751,Wei Tanaka,1985-05-28,62907da99198,medium,expired,CN,2019-04-10 00:00:00,CUSTOMER_ONBOARDING_SVC
CUST007752,Olivia Martinez,1958-01-15,e92756ec371e,medium,verified,US,2020-01-01 00:00:00,CUSTOMER_ONBOARDING_SVC
CUST007753,Liam Smith,1998-07-19,56dc56687dca,medium,verified,RU,2018-02-19 00:00:00,CUSTOMER_ONBOARDING_SVC
CUST007754,Rohan Gupta,1979-05-11,35d196572d48,medium,verified,AE,2018-05-04 00:00:00,CUSTOMER_ONBOARDING_SVC
CUST007755,Yuki Johnson,2002-03-16,37d4ee99b5dc,medium,pending,AE,2019-08-14 00:00:00,CUSTOMER_ONBOARDING_SVC
CUST007756,Omar Chen,2002-01-18,c55d01069214,medium,expired,DE,2018-06-30 00:00:00,CUSTOMER_ONBOARDING_SVC
CUST007757,Nikhil Kumar,1994-03-13,db86c9cfb00c,low,expired,GB,2024-07-13 00:00:00,CUSTOMER_ONBOARDING_SVC
CUST007758,Pooja Smith,2000-03-30,d37479f097b2,low,verified,SG,2023-06-12 00:00:00,CUSTOMER_ONBOARDING_SVC
CUST007759,Fatima Johnson,2003-11-17,83ba21ffd8d8,low,verified,AU,2018-10-30 00:00:00,CUSTOMER_ONBOARDING_SVC
CUST007760,Layla Davis,2002-03-09,3e3cff9b0376,low,verified,NG,2018-05-02 00:00:00,CUSTOMER_ONBOARDING_SVC
CUST007761,Liam Chen,2002-04-18,5e1f540572d5,medium,,US,2026-04-22 00:00:00,CUSTOMER_ONBOARDING_SVC
CUST007762,Aarav Patel,1985-08-03,45c37a7c69df,low,pending,AE,2025-05-26 00:00:00,CUSTOMER_ONBOARDING_SVC
CUST007763,Nikhil Gupta,1982-06-10,fef67385da45,medium,expired,GB,2024-03-05 00:00:00,CUSTOMER_ONBOARDING_SVC
CUST007764,Rahul Zhang,1958-09-29,4be42b664bae,medium,expired,AU,2019-08-28 00:00:00,CUSTOMER_ONBOARDING_SVC
CUST007765,Layla Reddy,1961-05-06,d99e570e17c5,medium,verified,NG,2021-04-26 00:00:00,CUSTOMER_ONBOARDING_SVC
CUST007766,Priya Singh,1965-06-21,9786bdc95a65,medium,expired,NG,2020-05-08 00:00:00,CUSTOMER_ONBOARDING_SVC
CUST007767,Layla Mehta,1955-03-09,44362e02f9c4,medium,pending,DE,2022-11-12 00:00:00,CUSTOMER_ONBOARDING_SVC
CUST007768,James Anderson,1980-10-26,0f91a6748c03,low,verified,CA,2024-11-02 00:00:00,CUSTOMER_ONBOARDING_SVC
CUST007769,Isha Smith,1957-10-06,d7fec9f6da1f,low,pending,NG,2023-03-14 00:00:00,CUSTOMER_ONBOARDING_SVC
CUST007770,Elena Nair,2000-02-05,5bd57f9ac9b3,high,verified,CN,2023-06-27 00:00:00,CUSTOMER_ONBOARDING_SVC
CUST007771,Sneha Brown,1969-08-11,3385dd8434c4,low,expired,IN,2021-03-18 00:00:00,CUSTOMER_ONBOARDING_SVC
CUST007772,Liam Garcia,1972-07-31,8d8726c49506,,verified,IN,2023-01-25 00:00:00,CUSTOMER_ONBOARDING_SVC
CUST007773,Elena Reddy,1969-07-13,768a6e097ffe,low,pending,SG,2022-10-11 00:00:00,CUSTOMER_ONBOARDING_SVC
CUST007774,Layla Al-Sayed,1970-12-12,c5db02787d45,medium,pending,CN,2025-09-15 00:00:00,CUSTOMER_ONBOARDING_SVC
CUST007775,Ananya Nair,2005-12-18,53c920e5b612,low,verified,RU,2019-11-29 00:00:00,CUSTOMER_ONBOARDING_SVC
CUST007776,Emma Khan,1980-12-24,d6da1f310582,low,verified,AU,2021-09-06 00:00:00,CUSTOMER_ONBOARDING_SVC
CUST007776,Emma Khan,1980-12-24,d6da1f310582,low,verified,AU,2021-09-06 00:58:00,CUSTOMER_ONBOARDING_SVC
CUST007777,Layla Davis,1955-09-03,4810ea336b3f,high,pending,DE,2023-01-05 00:00:00,CUSTOMER_ONBOARDING_SVC
CUST007777,Layla Davis,1955-09-03,4810ea336b3f,high,pending,DE,2023-01-05 00:59:00,CUSTOMER_ONBOARDING_SVC
CUST007778,Rahul Tanaka,1964-03-26,512061a46a8c,high,verified,CA,2020-08-05 00:00:00,CUSTOMER_ONBOARDING_SVC
CUST007779,Ananya Reddy,1999-11-21,4e908049c569,low,verified,NG,2021-07-19 00:00:00,CUSTOMER_ONBOARDING_SVC
CUST007780,Ethan Smith,1972-11-24,3c2d7e33a642,low,verified,CN,2018-11-05 00:00:00,CUSTOMER_ONBOARDING_SVC
CUST007781,Fatima Lopez,1990-06-22,0cfa29707a8e,high,pending,GB,2022-07-04 00:00:00,CUSTOMER_ONBOARDING_SVC
CUST007782,Noah Khan,1978-12-07,b2a0c69729e8,low,verified,US,2020-08-08 00:00:00,CUSTOMER_ONBOARDING_SVC
CUST007783,Layla Garcia,1962-02-12,38d52a97871a,low,expired,US,2022-01-16 00:00:00,CUSTOMER_ONBOARDING_SVC
CUST007784,Aarav Khan,1992-12-15,33c964b8df42,low,verified,GB,2022-02-28 00:00:00,CUSTOMER_ONBOARDING_SVC
CUST007785,Fatima Anderson,1975-06-22,1feb5c6debd4,,pending,IN,2025-12-01 00:00:00,CUSTOMER_ONBOARDING_SVC
CUST007786,Liam Anderson,1983-12-13,663fad7f25da,medium,pending,IN,2023-02-12 00:00:00,CUSTOMER_ONBOARDING_SVC
CUST007787,Aditya Nair,1969-08-17,f0c02dadf1c3,low,expired,SG,2018-05-27 00:00:00,CUSTOMER_ONBOARDING_SVC
CUST007788,Chen Chen,1972-12-20,5614e1f7e03d,low,expired,DE,2018-06-08 00:00:00,CUSTOMER_ONBOARDING_SVC
CUST007789,Ethan Mehta,2004-11-10,0c2f07474978,medium,expired,SG,2018-11-10 00:00:00,CUSTOMER_ONBOARDING_SVC
CUST007790,Karan Khan,1969-03-13,a1791539e6d8,low,expired,CA,2018-11-26 00:00:00,CUSTOMER_ONBOARDING_SVC
CUST007791,Ethan Garcia,1985-12-07,76e4d32b927e,low,expired,US,2019-02-21 00:00:00,CUSTOMER_ONBOARDING_SVC
CUST007792,Fatima Anderson,1978-04-27,d43c6dbe24f5,high,verified,IN,2024-02-02 00:00:00,CUSTOMER_ONBOARDING_SVC
CUST007793,Yuki Zhang,1993-08-17,f9109cda8867,low,verified,GB,2018-02-27 00:00:00,CUSTOMER_ONBOARDING_SVC
CUST007794,Mason Mehta,1965-10-22,c98ef8066b02,low,verified,AU,2026-04-08 00:00:00,CUSTOMER_ONBOARDING_SVC
CUST007795,Lucia Zhang,1972-04-04,1d99e13ddf07,high,verified,RU,2024-10-04 00:00:00,CUSTOMER_ONBOARDING_SVC
CUST007796,Karan Johnson,1991-06-01,1da0fd944bbd,medium,pending,CA,2022-05-01 00:00:00,CUSTOMER_ONBOARDING_SVC
CUST007797,Karan Sharma,1981-11-17,640b4c5fdf9a,low,expired,US,2021-08-03 00:00:00,CUSTOMER_ONBOARDING_SVC
CUST007798,Aarav Smith,1963-11-01,7dc33bd14592,low,expired,,2018-10-13 00:00:00,CUSTOMER_ONBOARDING_SVC
CUST007799,Vikram Al-Sayed,1991-11-06,85f3daf2bd8c,low,pending,IN,2026-01-05 00:00:00,CUSTOMER_ONBOARDING_SVC
CUST007800,Yuki Kumar,1997-10-25,cae8b378a440,low,verified,CA,2022-12-15 00:00:00,CUSTOMER_ONBOARDING_SVC
CUST007801,Lucas Reddy,2005-07-30,f09b80ecbaf8,low,verified,SG,2021-11-02 00:00:00,CUSTOMER_ONBOARDING_SVC
CUST007802,Priya Wilson,1972-06-15,6259f4aafdda,low,verified,RU,2023-07-21 00:00:00,CUSTOMER_ONBOARDING_SVC
CUST007803,Layla Lopez,1973-01-12,75c2ca1a3b72,,verified,NG,2023-07-26 00:00:00,CUSTOMER_ONBOARDING_SVC
CUST007804,Rahul Reddy,1957-06-22,3e2d48e8b1be,high,verified,CA,2026-05-31 00:00:00,CUSTOMER_ONBOARDING_SVC
CUST007805,Wei Miller,1958-11-16,bb6db10bc0b7,low,pending,US,2022-01-14 00:00:00,CUSTOMER_ONBOARDING_SVC
CUST007806,Aditya Brown,1997-05-13,3f7fd8a973d5,medium,verified,GB,2023-05-30 00:00:00,CUSTOMER_ONBOARDING_SVC
CUST007807,Liam Anderson,2005-10-14,051087a8b651,medium,verified,DE,2026-01-05 00:00:00,CUSTOMER_ONBOARDING_SVC
CUST007808,Hassan Smith,1965-01-22,57f3e9216bb7,high,pending,CA,2025-12-24 00:00:00,CUSTOMER_ONBOARDING_SVC
CUST007809,Olivia Smith,1956-07-11,b86cb638ab58,low,verified,SG,2020-07-16 00:00:00,CUSTOMER_ONBOARDING_SVC
CUST007810,Elena Kumar,1969-04-12,4ab07420695a,low,verified,GB,2023-06-25 00:00:00,CUSTOMER_ONBOARDING_SVC
CUST007811,Chen Miller,1981-11-23,496d5863f7d7,high,expired,SG,2021-09-16 00:00:00,CUSTOMER_ONBOARDING_SVC
CUST007812,Priya Smith,1994-02-15,6b9dcc38bc13,medium,verified,US,2023-09-11 00:00:00,CUSTOMER_ONBOARDING_SVC
CUST007813,Noah Sharma,2002-02-08,1bd90beb7ef6,low,verified,GB,2024-08-01 00:00:00,CUSTOMER_ONBOARDING_SVC
CUST007814,Yuki Miller,1979-01-18,d953901668b8,medium,verified,CN,2018-05-07 00:00:00,CUSTOMER_ONBOARDING_SVC
CUST007815,Priya Khan,1971-05-23,c05981dba28b,low,verified,RU,2023-04-05 00:00:00,CUSTOMER_ONBOARDING_SVC
CUST007816,Noah Tanaka,1967-10-05,4d6886e68542,medium,pending,IN,2025-12-31 00:00:00,CUSTOMER_ONBOARDING_SVC
CUST007817,Vikram Garcia,1999-01-25,b2e45c0b1849,high,verified,CA,2020-08-09 00:00:00,CUSTOMER_ONBOARDING_SVC
CUST007818,Diego Anderson,1958-11-06,dd7a24488521,medium,verified,DE,2020-06-22 00:00:00,CUSTOMER_ONBOARDING_SVC
CUST007819,Mason Anderson,1969-05-04,f467b1c760e0,medium,verified,CN,2024-07-23 00:00:00,CUSTOMER_ONBOARDING_SVC
CUST007820,Karan Tanaka,1973-08-17,610348fedd01,,verified,NG,2018-02-12 00:00:00,CUSTOMER_ONBOARDING_SVC
CUST007821,Hassan Lopez,2004-03-13,191ce864b361,high,pending,DE,2024-07-02 00:00:00,CUSTOMER_ONBOARDING_SVC
CUST007822,Noah Al-Sayed,1973-09-25,f261102fbb42,high,verified,NG,2025-09-01 00:00:00,CUSTOMER_ONBOARDING_SVC
CUST007823,Riya Khan,1956-08-18,f9c3cd3fcef9,high,verified,RU,2026-05-13 00:00:00,CUSTOMER_ONBOARDING_SVC
CUST007824,Meera Sharma,1973-10-03,898ab1186eaa,medium,verified,NG,2025-11-15 00:00:00,CUSTOMER_ONBOARDING_SVC
CUST007825,Ivan Johnson,1975-11-26,2a1a953e235d,low,verified,CA,2018-12-23 00:00:00,CUSTOMER_ONBOARDING_SVC
CUST007826,Divya Davis,1960-09-13,56649d1a13b9,low,pending,US,2020-02-14 00:00:00,CUSTOMER_ONBOARDING_SVC
CUST007827,Sophia Tanaka,1960-07-29,3e6aadcc16d0,low,expired,AU,2019-02-27 00:00:00,CUSTOMER_ONBOARDING_SVC
CUST007828,Elena Davis,1969-04-24,07a34dea5cd0,medium,,SG,2025-03-23 00:00:00,CUSTOMER_ONBOARDING_SVC
CUST007829,Mason Lopez,1959-02-28,5db6b18c7605,low,pending,NG,2020-04-16 00:00:00,CUSTOMER_ONBOARDING_SVC
CUST007830,Elena Davis,1989-06-24,dee8b0b9e36b,medium,verified,DE,2019-12-30 00:00:00,CUSTOMER_ONBOARDING_SVC
CUST007831,Rohan Anderson,1961-05-30,c722cf17c506,medium,verified,AE,2025-05-13 00:00:00,CUSTOMER_ONBOARDING_SVC
CUST007832,Rahul Khan,1970-09-10,1a8e19e1a41e,high,verified,NG,2019-06-18 00:00:00,CUSTOMER_ONBOARDING_SVC
CUST007833,Nikhil Sharma,1966-09-19,07ce7f3bfe1c,medium,verified,US,2020-12-14 00:00:00,CUSTOMER_ONBOARDING_SVC
CUST007834,Emma Kumar,1974-02-19,126a58e8bad4,low,verified,NG,2025-03-09 00:00:00,CUSTOMER_ONBOARDING_SVC
CUST007835,Vikram Al-Sayed,1956-08-27,501654f626bd,low,pending,RU,2019-03-24 00:00:00,CUSTOMER_ONBOARDING_SVC
CUST007836,Isha Patel,1988-01-26,8cd9e9c20e66,high,verified,NG,2024-01-12 00:00:00,CUSTOMER_ONBOARDING_SVC
CUST007837,Lucia Johnson,2003-06-13,2854a9188d5b,medium,,AU,2024-08-26 00:00:00,CUSTOMER_ONBOARDING_SVC
CUST007838,Wei Mehta,1979-08-23,d4baeb339724,high,expired,DE,2020-09-04 00:00:00,CUSTOMER_ONBOARDING_SVC
CUST007839,Ivan Wilson,1960-07-15,a2e93968c405,medium,verified,CN,2019-07-08 00:00:00,CUSTOMER_ONBOARDING_SVC
CUST007840,Karan Garcia,1996-07-18,f10df98003a2,medium,pending,US,2020-12-12 00:00:00,CUSTOMER_ONBOARDING_SVC
CUST007841,Pooja Khan,1990-04-04,95a9e1580af9,medium,verified,DE,2025-01-06 00:00:00,CUSTOMER_ONBOARDING_SVC
CUST007842,Amelia Brown,1955-09-12,256602e928f4,,verified,AU,2020-06-09 00:00:00,CUSTOMER_ONBOARDING_SVC
CUST007843,Karan Brown,1995-03-17,f03e7a4467b2,low,verified,CN,2022-07-21 00:00:00,CUSTOMER_ONBOARDING_SVC
CUST007844,Sophia Zhang,1985-10-10,bfe1c7d8ccdc,medium,verified,NG,2022-08-01 00:00:00,CUSTOMER_ONBOARDING_SVC
CUST007845,Nikhil Gupta,1966-01-05,e0a878f32179,low,verified,CN,2024-10-26 00:00:00,CUSTOMER_ONBOARDING_SVC
CUST007846,Pooja Mehta,1999-08-28,01d83d84ad6e,low,verified,RU,2018-10-12 00:00:00,CUSTOMER_ONBOARDING_SVC
CUST007847,Diego Zhang,1996-11-24,521159ab1fbd,low,pending,AU,2025-03-28 00:00:00,CUSTOMER_ONBOARDING_SVC
CUST007848,Sneha Al-Sayed,2004-03-31,8a4e6d710581,high,verified,US,2023-03-23 00:00:00,CUSTOMER_ONBOARDING_SVC
CUST007849,Aditya Smith,1962-11-16,b6dfa7276882,low,verified,AU,2018-08-13 00:00:00,CUSTOMER_ONBOARDING_SVC
CUST007850,Diego Smith,1958-02-13,ff354f0a9180,high,pending,CN,2025-03-06 00:00:00,CUSTOMER_ONBOARDING_SVC
CUST007851,Lucia Kumar,1960-09-08,9c5f8d4b37e6,medium,verified,CA,2020-02-26 00:00:00,CUSTOMER_ONBOARDING_SVC
CUST007852,Diego Ivanov,1978-08-27,473d4e3391bd,medium,verified,US,2020-06-26 00:00:00,CUSTOMER_ONBOARDING_SVC
CUST007853,Lucia Brown,1956-01-01,efbc06abeafc,medium,pending,RU,2023-08-13 00:00:00,CUSTOMER_ONBOARDING_SVC
CUST007854,Karan Wilson,1970-05-08,2ed987742408,low,pending,NG,2024-04-04 00:00:00,CUSTOMER_ONBOARDING_SVC
CUST007855,Liam Singh,1955-02-07,914ba87e8cbc,low,verified,US,2019-12-05 00:00:00,CUSTOMER_ONBOARDING_SVC
CUST007856,Elena Gupta,2002-04-30,e1146738e039,,pending,CN,2024-11-09 00:00:00,CUSTOMER_ONBOARDING_SVC
CUST007857,Isha Davis,1976-08-13,c2b9e32d5afb,medium,verified,AE,2019-09-01 00:00:00,CUSTOMER_ONBOARDING_SVC
CUST007858,Aarav Gupta,1970-04-09,fd438919a28a,high,verified,,2024-02-02 00:00:00,CUSTOMER_ONBOARDING_SVC
CUST007859,Arjun Gupta,1963-06-02,607b3cfe6a00,low,expired,GB,2023-06-03 00:00:00,CUSTOMER_ONBOARDING_SVC
CUST007860,Fatima Wilson,1977-06-27,3e3c25def183,high,pending,CN,2023-01-31 00:00:00,CUSTOMER_ONBOARDING_SVC
CUST007861,Isha Chen,1956-12-12,3fa2d58252ba,low,verified,DE,2021-01-03 00:00:00,CUSTOMER_ONBOARDING_SVC
CUST007862,Rohan Davis,1966-11-18,7e99941e2b6c,medium,verified,RU,2023-02-16 00:00:00,CUSTOMER_ONBOARDING_SVC
CUST007863,Ava Nair,2002-03-05,0697aa9f8546,high,pending,RU,2020-02-15 00:00:00,CUSTOMER_ONBOARDING_SVC
CUST007864,Isha Miller,1978-12-03,9c63f2519f91,medium,verified,NG,2026-06-13 00:00:00,CUSTOMER_ONBOARDING_SVC
CUST007865,Aditya Gupta,1955-11-05,93de0ef5f58b,low,expired,AU,2022-08-12 00:00:00,CUSTOMER_ONBOARDING_SVC
CUST007866,Riya Anderson,1995-04-21,cbab29ae41f0,low,pending,CN,2024-10-29 00:00:00,CUSTOMER_ONBOARDING_SVC
CUST007867,Ava Chen,1978-08-23,2f6dd6878722,medium,verified,AE,2025-07-13 00:00:00,CUSTOMER_ONBOARDING_SVC
CUST007868,Lucas Singh,1971-06-13,267b7b832225,low,verified,DE,2022-02-15 00:00:00,CUSTOMER_ONBOARDING_SVC
CUST007869,Chen Khan,1974-07-03,b98da9ec7e48,high,verified,CA,2025-09-06 00:00:00,CUSTOMER_ONBOARDING_SVC
CUST007870,Aarav Smith,1968-04-04,0b4155cf72f0,low,verified,SG,2021-02-21 00:00:00,CUSTOMER_ONBOARDING_SVC
CUST007871,Fatima Lopez,1995-07-06,1ea43d9fccc5,high,verified,IN,2022-03-31 00:00:00,CUSTOMER_ONBOARDING_SVC
CUST007872,Lucas Mehta,1985-05-05,c8d57b2b7dc2,,verified,AU,2021-04-04 00:00:00,CUSTOMER_ONBOARDING_SVC
CUST007873,Rohan Zhang,1995-11-23,39186fef19ce,medium,pending,DE,2024-04-08 00:00:00,CUSTOMER_ONBOARDING_SVC
CUST007874,Aarav Brown,1957-07-29,52eef8c7c05c,low,pending,CA,2025-12-24 00:00:00,CUSTOMER_ONBOARDING_SVC
CUST007875,Isha Patel,1955-10-05,924960262651,low,verified,IN,2025-07-08 00:00:00,CUSTOMER_ONBOARDING_SVC
CUST007876,Sneha Martinez,2005-02-27,c4f8a550fc1c,low,verified,CN,2019-11-21 00:00:00,CUSTOMER_ONBOARDING_SVC
CUST007877,Fatima Kumar,1965-04-11,fae4044f0e35,low,pending,SG,2021-04-04 00:00:00,CUSTOMER_ONBOARDING_SVC
CUST007878,Sneha Singh,1970-10-22,21ba2dc0b6ac,low,verified,DE,2026-04-04 00:00:00,CUSTOMER_ONBOARDING_SVC
CUST007879,Nikhil Wilson,1959-06-07,55c76576371c,medium,expired,CA,2024-05-25 00:00:00,CUSTOMER_ONBOARDING_SVC
CUST007880,Sneha Garcia,1972-11-16,218cd3aace60,high,expired,NG,2019-07-21 00:00:00,CUSTOMER_ONBOARDING_SVC
CUST007881,Wei Brown,1977-10-30,cdc1b91a9fba,medium,verified,GB,2024-11-03 00:00:00,CUSTOMER_ONBOARDING_SVC
CUST007882,Mia Miller,1982-12-30,334c91103f62,low,expired,IN,2023-06-11 00:00:00,CUSTOMER_ONBOARDING_SVC
CUST007883,Mei Sharma,1964-07-22,8e909b5cc91e,low,verified,IN,2026-05-14 00:00:00,CUSTOMER_ONBOARDING_SVC
CUST007884,Sneha Lopez,1957-04-27,e707f2b2ebd4,medium,pending,CA,2026-04-09 00:00:00,CUSTOMER_ONBOARDING_SVC
CUST007885,Karan Lopez,1986-04-03,c413511635d5,medium,verified,AE,2018-05-09 00:00:00,CUSTOMER_ONBOARDING_SVC
CUST007886,Yuki Johnson,1986-12-10,0b4b75259fa2,medium,verified,US,2019-05-11 00:00:00,CUSTOMER_ONBOARDING_SVC
CUST007887,Layla Al-Sayed,1965-01-29,84073eb5d204,low,verified,NG,2022-01-23 00:00:00,CUSTOMER_ONBOARDING_SVC
CUST007888,Aarav Brown,1996-08-27,71cc082db139,high,expired,AE,2024-07-03 00:00:00,CUSTOMER_ONBOARDING_SVC
CUST007889,Yuki Gupta,1998-05-01,0c1c625a8f61,medium,verified,NG,2022-05-04 00:00:00,CUSTOMER_ONBOARDING_SVC
CUST007890,Hassan Reddy,1965-04-29,4308c3a4422d,low,pending,DE,2025-11-25 00:00:00,CUSTOMER_ONBOARDING_SVC
CUST007891,Ananya Chen,1972-11-11,c1719b075972,medium,verified,AU,2025-11-17 00:00:00,CUSTOMER_ONBOARDING_SVC
CUST007892,Priya Brown,1979-01-18,da58ee90349e,medium,verified,SG,2025-02-01 00:00:00,CUSTOMER_ONBOARDING_SVC
CUST007893,Mia Ivanov,1993-07-06,519516410e2b,medium,verified,CN,2024-03-17 00:00:00,CUSTOMER_ONBOARDING_SVC
CUST007894,Wei Davis,1998-10-22,dbf2355b8cd5,medium,expired,IN,2023-07-12 00:00:00,CUSTOMER_ONBOARDING_SVC
CUST007895,Rohan Wilson,1999-09-16,caced971e1b3,low,verified,DE,2021-04-08 00:00:00,CUSTOMER_ONBOARDING_SVC
CUST007896,Chen Wilson,1968-12-07,22ab8ecbfb80,medium,expired,SG,2021-08-04 00:00:00,CUSTOMER_ONBOARDING_SVC
CUST007897,Rohan Garcia,2004-12-18,6810c11c44b6,low,verified,SG,2018-05-01 00:00:00,CUSTOMER_ONBOARDING_SVC
CUST007898,Vikram Ivanov,1961-08-15,eb9035c47061,low,verified,AE,2020-05-18 00:00:00,CUSTOMER_ONBOARDING_SVC
CUST007899,Ava Singh,1978-12-30,feca1e41c359,low,expired,CA,2020-08-19 00:00:00,CUSTOMER_ONBOARDING_SVC
CUST007900,Ivan Chen,1964-05-17,8038de5590ef,low,pending,AE,2021-05-07 00:00:00,CUSTOMER_ONBOARDING_SVC
CUST007901,Fatima Khan,1990-03-27,511c430bb984,low,expired,DE,2018-01-13 00:00:00,CUSTOMER_ONBOARDING_SVC
CUST007902,Karan Kumar,1955-01-17,7cae4d05ceb5,low,verified,DE,2024-01-15 00:00:00,CUSTOMER_ONBOARDING_SVC
CUST007903,Layla Miller,1984-08-06,36173699868e,medium,verified,US,2018-06-20 00:00:00,CUSTOMER_ONBOARDING_SVC
CUST007904,Layla Sharma,1956-05-03,b65df1306fb4,high,verified,AE,2022-07-02 00:00:00,CUSTOMER_ONBOARDING_SVC
CUST007905,Layla Chen,1977-03-26,e7af9795986f,medium,verified,IN,2025-01-11 00:00:00,CUSTOMER_ONBOARDING_SVC
CUST007906,Arjun Zhang,1961-11-30,fbe278508298,low,verified,CA,2018-07-02 00:00:00,CUSTOMER_ONBOARDING_SVC
CUST007907,Amelia Nair,2004-11-04,eebd8956e3bb,high,pending,CN,2025-11-19 00:00:00,CUSTOMER_ONBOARDING_SVC
CUST007908,Ava Davis,1990-05-17,5ac2a3d94ef9,high,verified,IN,2024-06-01 00:00:00,CUSTOMER_ONBOARDING_SVC
CUST007909,Karan Brown,1978-11-20,efeb67060e16,medium,verified,CN,2020-01-09 00:00:00,CUSTOMER_ONBOARDING_SVC
CUST007910,Karan Brown,1990-02-06,9f9545e190cc,low,verified,AE,2020-11-15 00:00:00,CUSTOMER_ONBOARDING_SVC
CUST007911,Riya Sharma,1982-08-18,7c4ab69035fc,low,verified,IN,2025-07-24 00:00:00,CUSTOMER_ONBOARDING_SVC
CUST007912,Aarav Lopez,2001-01-04,202fa3ec5b28,high,expired,DE,2023-12-31 00:00:00,CUSTOMER_ONBOARDING_SVC
CUST007913,Ananya Johnson,1991-06-02,d3483967a1d8,high,expired,RU,2020-03-22 00:00:00,CUSTOMER_ONBOARDING_SVC
CUST007914,Emma Singh,1968-06-28,8e35a186aaa9,medium,verified,AU,2019-04-06 00:00:00,CUSTOMER_ONBOARDING_SVC
CUST007915,Divya Tanaka,1982-08-17,9565ad64f1ee,medium,,NG,2019-06-02 00:00:00,CUSTOMER_ONBOARDING_SVC
CUST007916,Elena Sharma,1965-03-03,67c617178b53,low,verified,CN,2021-10-01 00:00:00,CUSTOMER_ONBOARDING_SVC
CUST007917,Ivan Zhang,1964-02-14,53b298a1fa84,low,verified,NG,2019-03-28 00:00:00,CUSTOMER_ONBOARDING_SVC
CUST007918,Ananya Reddy,1978-06-01,317424d0aff3,low,verified,,2025-07-26 00:00:00,CUSTOMER_ONBOARDING_SVC
CUST007919,Mason Tanaka,1971-01-29,8d71e9fa1337,low,expired,AE,2025-10-27 00:00:00,CUSTOMER_ONBOARDING_SVC
CUST007920,Chen Ivanov,1984-08-21,f299dba40c5a,low,expired,SG,2021-06-08 00:00:00,CUSTOMER_ONBOARDING_SVC
CUST007921,Layla Davis,1964-06-20,c5471f5c7d80,medium,verified,RU,2021-02-19 00:00:00,CUSTOMER_ONBOARDING_SVC
CUST007922,Mia Khan,1972-11-07,755ba6136d5e,high,verified,RU,2018-03-22 00:00:00,CUSTOMER_ONBOARDING_SVC
CUST007923,Noah Al-Sayed,1992-03-31,8c3c698c5d9a,medium,verified,SG,2023-01-15 00:00:00,CUSTOMER_ONBOARDING_SVC
CUST007924,Emma Smith,1956-11-18,a1d1f94b384a,low,pending,AE,2025-10-15 00:00:00,CUSTOMER_ONBOARDING_SVC
CUST007925,Ethan Singh,1986-12-27,b7c5cb0e0274,low,verified,AE,2021-03-13 00:00:00,CUSTOMER_ONBOARDING_SVC
CUST007926,Ananya Singh,2002-05-16,fe7fedab2bcc,low,verified,CN,2020-11-12 00:00:00,CUSTOMER_ONBOARDING_SVC
CUST007927,Mia Reddy,1967-01-27,eddb3aaf4e7c,medium,expired,AE,2025-02-15 00:00:00,CUSTOMER_ONBOARDING_SVC
CUST007928,Meera Tanaka,1955-05-23,86037fdfc963,low,verified,DE,2021-12-26 00:00:00,CUSTOMER_ONBOARDING_SVC
CUST007929,Karan Sharma,1978-11-11,b86c7d9e9129,medium,expired,AE,2021-06-22 00:00:00,CUSTOMER_ONBOARDING_SVC
CUST007930,Fatima Al-Sayed,1959-03-29,fd35656edbd2,medium,pending,CN,2024-10-16 00:00:00,CUSTOMER_ONBOARDING_SVC
CUST007931,Mei Sharma,1971-02-07,ffb2a00a9f24,medium,expired,US,2019-08-25 00:00:00,CUSTOMER_ONBOARDING_SVC
CUST007932,Mason Reddy,1982-04-20,3b478d7f99a1,low,verified,RU,2021-05-23 00:00:00,CUSTOMER_ONBOARDING_SVC
CUST007933,Ava Tanaka,1968-01-04,e8530d130c33,medium,verified,US,2024-04-12 00:00:00,CUSTOMER_ONBOARDING_SVC
CUST007934,Priya Al-Sayed,1956-09-22,c1f2294869d2,low,pending,NG,2018-10-31 00:00:00,CUSTOMER_ONBOARDING_SVC
CUST007935,Yuki Smith,1965-10-10,9d1c347e62fa,low,verified,CN,2021-02-06 00:00:00,CUSTOMER_ONBOARDING_SVC
CUST007936,Karan Anderson,2004-12-07,e64bd77bedc7,low,verified,RU,2018-05-05 00:00:00,CUSTOMER_ONBOARDING_SVC
CUST007937,Rohan Garcia,1981-08-27,05baa8811926,high,verified,NG,2023-05-01 00:00:00,CUSTOMER_ONBOARDING_SVC
CUST007938,Chen Al-Sayed,1987-08-15,3f7e9a75b91d,low,verified,AU,2025-01-01 00:00:00,CUSTOMER_ONBOARDING_SVC
CUST007939,Ananya Al-Sayed,1996-12-29,b15130214c75,low,pending,RU,2021-05-15 00:00:00,CUSTOMER_ONBOARDING_SVC
CUST007940,Mei Patel,1955-02-18,d2d406cf12d2,medium,pending,CA,2018-06-21 00:00:00,CUSTOMER_ONBOARDING_SVC
CUST007941,Yuki Nair,1965-04-18,cd4c9404dcaa,medium,verified,SG,2018-04-11 00:00:00,CUSTOMER_ONBOARDING_SVC
CUST007942,Omar Davis,1976-07-21,ec5ad3a1c982,medium,expired,NG,2025-06-28 00:00:00,CUSTOMER_ONBOARDING_SVC
CUST007943,Mei Mehta,1988-10-06,0122262803b9,high,pending,DE,2026-01-29 00:00:00,CUSTOMER_ONBOARDING_SVC
CUST007944,Ivan Kumar,1955-01-20,f2cbba9389fa,low,verified,NG,2023-05-08 00:00:00,CUSTOMER_ONBOARDING_SVC
CUST007945,Divya Smith,1960-09-29,28df701db7ab,medium,verified,AU,2024-11-18 00:00:00,CUSTOMER_ONBOARDING_SVC
CUST007946,Ananya Chen,1983-01-23,56af53366c2b,low,verified,CA,2021-04-03 00:00:00,CUSTOMER_ONBOARDING_SVC
CUST007947,Fatima Khan,2004-03-21,0b27037235f3,low,pending,DE,2018-04-19 00:00:00,CUSTOMER_ONBOARDING_SVC
CUST007948,Sneha Singh,1972-01-19,5ac0e9b09e0c,high,expired,AU,2024-04-12 00:00:00,CUSTOMER_ONBOARDING_SVC
CUST007949,Ivan Singh,1971-10-18,4a77bd9cdd21,low,pending,AE,2018-09-21 00:00:00,CUSTOMER_ONBOARDING_SVC
CUST007950,Ivan Miller,1978-03-12,eacdb4b93fd7,medium,expired,US,2025-07-14 00:00:00,CUSTOMER_ONBOARDING_SVC
CUST007951,Arjun Miller,1978-12-04,f34aa97030ab,low,verified,RU,2023-11-20 00:00:00,CUSTOMER_ONBOARDING_SVC
CUST007952,Ethan Ivanov,1960-03-03,2d9f96be4cdb,high,verified,GB,2025-02-01 00:00:00,CUSTOMER_ONBOARDING_SVC
CUST007953,Karan Johnson,1962-08-31,d253090c4165,medium,pending,AE,2025-09-21 00:00:00,CUSTOMER_ONBOARDING_SVC
CUST007954,Mei Smith,1972-10-13,b9339489d844,high,verified,IN,2022-06-17 00:00:00,CUSTOMER_ONBOARDING_SVC
CUST007955,Yuki Anderson,1974-07-16,6cbd60195c3e,low,,AU,2020-05-19 00:00:00,CUSTOMER_ONBOARDING_SVC
CUST007956,Ava Wilson,1978-11-24,68e96a81949a,low,expired,RU,2023-05-03 00:00:00,CUSTOMER_ONBOARDING_SVC
CUST007957,Karan Martinez,1972-07-05,af70b8431bb3,high,verified,NG,2022-07-30 00:00:00,CUSTOMER_ONBOARDING_SVC
CUST007958,Lucia Gupta,1956-07-26,100c2b6987c6,medium,verified,DE,2023-05-26 00:00:00,CUSTOMER_ONBOARDING_SVC
CUST007959,Ava Miller,1967-03-25,9385b56d620b,high,verified,NG,2026-02-27 00:00:00,CUSTOMER_ONBOARDING_SVC
CUST007960,Mei Al-Sayed,1981-05-11,5b0d8da5b8c5,high,expired,RU,2024-05-30 00:00:00,CUSTOMER_ONBOARDING_SVC
CUST007961,Divya Zhang,2001-10-11,0999d212fde0,low,pending,NG,2024-06-23 00:00:00,CUSTOMER_ONBOARDING_SVC
CUST007962,Elena Mehta,1989-03-15,74181c422aff,low,verified,AU,2023-01-17 00:00:00,CUSTOMER_ONBOARDING_SVC
CUST007963,Priya Reddy,1985-09-05,d2aefa336f6b,,pending,CN,2026-06-22 00:00:00,CUSTOMER_ONBOARDING_SVC
CUST007964,Sophia Nair,1965-07-17,4ebfaa05357c,medium,verified,GB,2023-04-30 00:00:00,CUSTOMER_ONBOARDING_SVC
CUST007965,Chen Lopez,1992-07-31,06d5a2b0f4e9,medium,expired,AE,2026-02-24 00:00:00,CUSTOMER_ONBOARDING_SVC
CUST007966,Omar Johnson,1976-12-14,53005f9f9f7a,medium,pending,DE,2021-03-11 00:00:00,CUSTOMER_ONBOARDING_SVC
CUST007967,Amelia Nair,1974-07-20,0767e3d2c30a,high,verified,AU,2021-05-24 00:00:00,CUSTOMER_ONBOARDING_SVC
CUST007968,Priya Reddy,1960-12-13,f2240bfcbd56,low,expired,RU,2021-05-28 00:00:00,CUSTOMER_ONBOARDING_SVC
CUST007969,James Wilson,1961-02-15,2669f01f3c2e,low,expired,IN,2021-10-06 00:00:00,CUSTOMER_ONBOARDING_SVC
CUST007970,Lucia Singh,1967-05-27,eaec4a1bf8da,,expired,RU,2026-05-26 00:00:00,CUSTOMER_ONBOARDING_SVC
CUST007971,Lucas Chen,2001-01-05,560c944c6a62,low,expired,IN,2020-08-24 00:00:00,CUSTOMER_ONBOARDING_SVC
CUST007972,Lucia Mehta,2002-07-04,ebc9e2818e91,medium,pending,AE,2019-06-11 00:00:00,CUSTOMER_ONBOARDING_SVC
CUST007973,Diego Gupta,1985-05-02,2554f91103c2,medium,expired,AE,2020-01-16 00:00:00,CUSTOMER_ONBOARDING_SVC
CUST007974,Chen Reddy,1999-10-01,482758c48c5c,,verified,NG,2019-02-06 00:00:00,CUSTOMER_ONBOARDING_SVC
CUST007975,Diego Sharma,1974-10-31,c1ba118b23b9,low,verified,GB,2018-10-02 00:00:00,CUSTOMER_ONBOARDING_SVC
CUST007976,Omar Wilson,1976-09-26,782ba9956547,medium,expired,NG,2020-01-01 00:00:00,CUSTOMER_ONBOARDING_SVC
CUST007977,Sophia Chen,1978-10-24,2aa9435e1211,medium,expired,SG,2025-09-29 00:00:00,CUSTOMER_ONBOARDING_SVC
CUST007978,Hassan Singh,1994-02-28,c1cb67c25960,low,expired,DE,2025-09-06 00:00:00,CUSTOMER_ONBOARDING_SVC
CUST007979,Karan Zhang,1968-12-07,ef9a7199fbba,low,verified,US,2023-09-14 00:00:00,CUSTOMER_ONBOARDING_SVC
CUST007980,Rahul Kumar,1985-06-01,c4fb9d9df32a,low,verified,US,2025-01-31 00:00:00,CUSTOMER_ONBOARDING_SVC
CUST007981,Ava Lopez,1959-12-02,13877b66704c,medium,verified,DE,2018-09-06 00:00:00,CUSTOMER_ONBOARDING_SVC
CUST007982,Yuki Chen,2004-08-02,3b9767e81306,medium,expired,US,2022-09-14 00:00:00,CUSTOMER_ONBOARDING_SVC
CUST007983,Amelia Reddy,1959-10-14,9629352f687a,high,verified,DE,2024-11-09 00:00:00,CUSTOMER_ONBOARDING_SVC
CUST007984,Olivia Garcia,1997-02-25,43886471fc6b,low,pending,AE,2024-09-22 00:00:00,CUSTOMER_ONBOARDING_SVC
CUST007985,Sneha Zhang,1967-12-16,992f5ad618a0,low,verified,DE,2024-04-15 00:00:00,CUSTOMER_ONBOARDING_SVC
CUST007986,Pooja Patel,1975-02-24,3e95815e724a,low,verified,AE,2021-10-30 00:00:00,CUSTOMER_ONBOARDING_SVC
CUST007987,Omar Brown,1960-06-01,5f54fb918226,medium,verified,SG,2020-05-04 00:00:00,CUSTOMER_ONBOARDING_SVC
CUST007988,Omar Al-Sayed,1999-04-15,9733924d0fd8,low,pending,RU,2020-03-03 00:00:00,CUSTOMER_ONBOARDING_SVC
CUST007989,Riya Zhang,1960-03-21,5284b6e805ff,low,verified,US,2025-07-20 00:00:00,CUSTOMER_ONBOARDING_SVC
CUST007990,Ethan Khan,1977-05-18,c5975616c97f,,verified,US,2018-05-06 00:00:00,CUSTOMER_ONBOARDING_SVC
CUST007991,Lucas Nair,1999-12-05,2389099b62d8,low,verified,GB,2019-04-14 00:00:00,CUSTOMER_ONBOARDING_SVC
CUST007992,Ava Al-Sayed,1995-12-24,9101cd2d41e6,medium,verified,CA,2019-12-08 00:00:00,CUSTOMER_ONBOARDING_SVC
CUST007993,Lucas Kumar,1999-07-10,3c5f12d15f1d,low,expired,CN,2020-02-18 00:00:00,CUSTOMER_ONBOARDING_SVC
CUST007994,Omar Gupta,2002-01-29,e3d6c69458b8,medium,verified,CN,2018-01-30 00:00:00,CUSTOMER_ONBOARDING_SVC
CUST007995,Lucas Reddy,1962-05-24,6a85d4383b2f,high,verified,AE,2022-08-06 00:00:00,CUSTOMER_ONBOARDING_SVC
CUST007995,Lucas Reddy,1962-05-24,6a85d4383b2f,high,verified,AE,2022-08-06 00:40:00,CUSTOMER_ONBOARDING_SVC
CUST007996,Layla Khan,1983-06-27,776ff5a17cc2,low,verified,SG,2026-06-24 00:00:00,CUSTOMER_ONBOARDING_SVC
CUST007997,Sneha Wilson,1958-08-12,3ce3987b79ad,high,verified,NG,2022-05-25 00:00:00,CUSTOMER_ONBOARDING_SVC
CUST007998,Ivan Wilson,2004-04-16,76ade4d865ee,low,verified,AU,2019-08-26 00:00:00,CUSTOMER_ONBOARDING_SVC
CUST007999,Isha Anderson,1963-08-29,1e34dc6c7921,medium,verified,CN,2019-12-26 00:00:00,CUSTOMER_ONBOARDING_SVC
CUST008000,Ava Al-Sayed,1960-04-06,33fa32e499c9,medium,expired,NG,2018-09-05 00:00:00,CUSTOMER_ONBOARDING_SVC
